metric,value
generated_at,2026-08-22T17:06:27.949155Z
total_publications,16896
total_families,6215
publication_completeness.abstract_complete_pct,72.35
publication_completeness.citations_complete_pct,59.67
publication_completeness.claims_complete_pct,30.03
publication_completeness.description_complete_pct,17.63
publication_completeness.title_complete_pct,96.33
family_completeness.abstract_complete_pct,74.55
family_completeness.citations_complete_pct,66.56
family_completeness.claims_complete_pct,51.58
family_completeness.description_complete_pct,24.83
family_completeness.title_complete_pct,98.2
counts_by_authority.AP,1
counts_by_authority.AR,26
counts_by_authority.AT,155
counts_by_authority.AU,398
counts_by_authority.BE,111
counts_by_authority.BG,5
counts_by_authority.BR,242
counts_by_authority.CA,411
counts_by_authority.CH,123
counts_by_authority.CL,12
counts_by_authority.CN,1139
counts_by_authority.CO,3
counts_by_authority.CR,1
counts_by_authority.CS,17
counts_by_authority.CZ,8
counts_by_authority.DD,48
counts_by_authority.DE,2466
counts_by_authority.DK,35
counts_by_authority.EP,1047
counts_by_authority.ES,247
counts_by_authority.FI,78
counts_by_authority.FR,702
counts_by_authority.GB,520
counts_by_authority.GR,3
counts_by_authority.HK,6
counts_by_authority.HU,1
counts_by_authority.ID,1
counts_by_authority.IE,8
counts_by_authority.IL,10
counts_by_authority.IN,3
counts_by_authority.IT,165
counts_by_authority.JP,543
counts_by_authority.KE,1
counts_by_authority.KR,360
counts_by_authority.LU,5
counts_by_authority.MX,15
counts_by_authority.MY,7
counts_by_authority.NL,83
counts_by_authority.NO,28
counts_by_authority.NZ,4
counts_by_authority.PE,1
counts_by_authority.PH,1
counts_by_authority.PL,15
counts_by_authority.PT,8
counts_by_authority.RU,9
counts_by_authority.SE,78
counts_by_authority.SG,4
counts_by_authority.SU,53
counts_by_authority.TR,1
counts_by_authority.TW,33
counts_by_authority.US,7313
counts_by_authority.WO,337
counts_by_authority.ZA,5
counts_by_cpc.A01B1/02,1
counts_by_cpc.A01B1/18,1
counts_by_cpc.A01B29/041,1
counts_by_cpc.A01B29/043,1
counts_by_cpc.A01B3/50,1
counts_by_cpc.A01B49/02,1
counts_by_cpc.A01B49/04,2
counts_by_cpc.A01B49/06,1
counts_by_cpc.A01B49/065,1
counts_by_cpc.A01B51/00,2
counts_by_cpc.A01B51/02,4
counts_by_cpc.A01B51/026,1
counts_by_cpc.A01B59/002,1
counts_by_cpc.A01B69/008,8
counts_by_cpc.A01B76/00,11
counts_by_cpc.A01B77/00,11
counts_by_cpc.A01B79/005,15
counts_by_cpc.A01C1/00,104
counts_by_cpc.A01C1/005,1
counts_by_cpc.A01C1/02,3
counts_by_cpc.A01C1/04,20
counts_by_cpc.A01C1/042,1
counts_by_cpc.A01C1/044,1
counts_by_cpc.A01C1/06,55
counts_by_cpc.A01C1/08,39
counts_by_cpc.A01C11/00,33
counts_by_cpc.A01C11/003,25
counts_by_cpc.A01C11/006,49
counts_by_cpc.A01C11/02,18
counts_by_cpc.A01C11/025,39
counts_by_cpc.A01C14/00,15
counts_by_cpc.A01C15/00,5
counts_by_cpc.A01C15/003,9
counts_by_cpc.A01C15/006,2
counts_by_cpc.A01C15/12,1
counts_by_cpc.A01C15/14,3
counts_by_cpc.A01C15/16,3
counts_by_cpc.A01C17/006,1
counts_by_cpc.A01C2001/048,12
counts_by_cpc.A01C21/002,4
counts_by_cpc.A01C21/005,14
counts_by_cpc.A01C21/007,1
counts_by_cpc.A01C23/008,4
counts_by_cpc.A01C23/02,1
counts_by_cpc.A01C23/024,4
counts_by_cpc.A01C23/027,1
counts_by_cpc.A01C23/047,1
counts_by_cpc.A01C3/00,1
counts_by_cpc.A01C3/04,1
counts_by_cpc.A01C3/06,2
counts_by_cpc.A01C5/02,1
counts_by_cpc.A01C5/04,3
counts_by_cpc.A01C5/062,2
counts_by_cpc.A01C5/068,1
counts_by_cpc.A01C7/00,9
counts_by_cpc.A01C7/004,4
counts_by_cpc.A01C7/04,40
counts_by_cpc.A01C7/042,4
counts_by_cpc.A01C7/044,5
counts_by_cpc.A01C7/0443,23
counts_by_cpc.A01C7/0445,16
counts_by_cpc.A01C7/046,17
counts_by_cpc.A01C7/06,6
counts_by_cpc.A01C7/08,1
counts_by_cpc.A01C7/081,16
counts_by_cpc.A01C7/082,12
counts_by_cpc.A01C7/085,5
counts_by_cpc.A01C7/10,2
counts_by_cpc.A01C7/102,9
counts_by_cpc.A01C7/105,25
counts_by_cpc.A01C7/124,2
counts_by_cpc.A01C7/14,7
counts_by_cpc.A01C7/16,10
counts_by_cpc.A01C7/20,33
counts_by_cpc.A01C7/201,5
counts_by_cpc.A01C7/203,1
counts_by_cpc.A01D13/00,2
counts_by_cpc.A01D17/10,2
counts_by_cpc.A01D2017/103,2
counts_by_cpc.A01D2101/00,2
counts_by_cpc.A01D25/04,2
counts_by_cpc.A01D33/06,1
counts_by_cpc.A01D34/64,1
counts_by_cpc.A01D41/04,3
counts_by_cpc.A01D41/12,1
counts_by_cpc.A01D41/127,2
counts_by_cpc.A01D43/073,2
counts_by_cpc.A01D43/08,2
counts_by_cpc.A01D44/00,1
counts_by_cpc.A01D45/00,3
counts_by_cpc.A01D46/00,1
counts_by_cpc.A01D46/26,1
counts_by_cpc.A01D51/00,5
counts_by_cpc.A01D51/005,7
counts_by_cpc.A01D57/00,9
counts_by_cpc.A01D61/00,9
counts_by_cpc.A01D61/004,1
counts_by_cpc.A01D61/006,1
counts_by_cpc.A01D61/02,2
counts_by_cpc.A01D69/06,1
counts_by_cpc.A01D75/06,1
counts_by_cpc.A01D75/28,1
counts_by_cpc.A01D85/001,1
counts_by_cpc.A01D87/00,4
counts_by_cpc.A01D87/0007,2
counts_by_cpc.A01D87/0053,1
counts_by_cpc.A01D87/0061,2
counts_by_cpc.A01D87/121,1
counts_by_cpc.A01D87/122,4
counts_by_cpc.A01D87/126,1
counts_by_cpc.A01D87/127,4
counts_by_cpc.A01D89/00,1
counts_by_cpc.A01D89/001,13
counts_by_cpc.A01D89/002,6
counts_by_cpc.A01D89/003,17
counts_by_cpc.A01D89/004,3
counts_by_cpc.A01D89/005,2
counts_by_cpc.A01D89/008,1
counts_by_cpc.A01D90/00,1
counts_by_cpc.A01D90/08,4
counts_by_cpc.A01F29/00,1
counts_by_cpc.A01F29/01,2
counts_by_cpc.A01F29/04,5
counts_by_cpc.A01F29/09,5
counts_by_cpc.A01F29/10,4
counts_by_cpc.A01F29/12,2
counts_by_cpc.A01F29/14,2
counts_by_cpc.A01F29/16,2
counts_by_cpc.A01G18/62,1
counts_by_cpc.A01G18/68,1
counts_by_cpc.A01G18/69,1
counts_by_cpc.A01G18/70,1
counts_by_cpc.A01G20/47,2
counts_by_cpc.A01G22/00,13
counts_by_cpc.A01G22/40,1
counts_by_cpc.A01G23/04,6
counts_by_cpc.A01G24/44,1
counts_by_cpc.A01G25/02,2
counts_by_cpc.A01G25/09,1
counts_by_cpc.A01G27/00,1
counts_by_cpc.A01G27/003,2
counts_by_cpc.A01G27/006,1
counts_by_cpc.A01G27/008,2
counts_by_cpc.A01G27/02,2
counts_by_cpc.A01G3/06,1
counts_by_cpc.A01G3/086,1
counts_by_cpc.A01G31/02,4
counts_by_cpc.A01G31/042,1
counts_by_cpc.A01G31/06,3
counts_by_cpc.A01G31/065,1
counts_by_cpc.A01G33/00,2
counts_by_cpc.A01G5/04,4
counts_by_cpc.A01G5/06,1
counts_by_cpc.A01G7/00,2
counts_by_cpc.A01G7/04,8
counts_by_cpc.A01G7/045,4
counts_by_cpc.A01G7/06,1
counts_by_cpc.A01G9/00,13
counts_by_cpc.A01G9/02,14
counts_by_cpc.A01G9/021,1
counts_by_cpc.A01G9/022,1
counts_by_cpc.A01G9/023,3
counts_by_cpc.A01G9/025,2
counts_by_cpc.A01G9/028,2
counts_by_cpc.A01G9/029,5
counts_by_cpc.A01G9/0293,4
counts_by_cpc.A01G9/0295,3
counts_by_cpc.A01G9/0299,17
counts_by_cpc.A01G9/0302,1
counts_by_cpc.A01G9/045,1
counts_by_cpc.A01G9/081,1
counts_by_cpc.A01G9/083,5
counts_by_cpc.A01G9/085,31
counts_by_cpc.A01G9/086,20
counts_by_cpc.A01G9/088,33
counts_by_cpc.A01G9/12,2
counts_by_cpc.A01G9/122,1
counts_by_cpc.A01G9/1423,2
counts_by_cpc.A01G9/143,3
counts_by_cpc.A01G9/16,1
counts_by_cpc.A01G9/246,2
counts_by_cpc.A01G9/249,1
counts_by_cpc.A01G9/28,1
counts_by_cpc.A01H1/00,1
counts_by_cpc.A01H1/04,4
counts_by_cpc.A01H3/04,1
counts_by_cpc.A01H4/00,18
counts_by_cpc.A01H4/001,44
counts_by_cpc.A01H4/002,2
counts_by_cpc.A01H4/003,3
counts_by_cpc.A01H4/005,3
counts_by_cpc.A01H4/006,30
counts_by_cpc.A01H4/008,6
counts_by_cpc.A01H5/06,1
counts_by_cpc.A01H5/10,26
counts_by_cpc.A01H6/00,1
counts_by_cpc.A01H6/4678,2
counts_by_cpc.A01H6/4684,10
counts_by_cpc.A01H6/542,14
counts_by_cpc.A01H6/825,1
counts_by_cpc.A01H7/00,2
counts_by_cpc.A01J5/007,1
counts_by_cpc.A01J5/0075,1
counts_by_cpc.A01J5/06,1
counts_by_cpc.A01K1/00,1
counts_by_cpc.A01K1/0047,1
counts_by_cpc.A01K1/0082,1
counts_by_cpc.A01K1/01,4
counts_by_cpc.A01K1/0103,1
counts_by_cpc.A01K1/0128,1
counts_by_cpc.A01K1/0139,1
counts_by_cpc.A01K1/0146,1
counts_by_cpc.A01K1/0155,2
counts_by_cpc.A01K1/0157,1
counts_by_cpc.A01K1/0245,1
counts_by_cpc.A01K1/0254,1
counts_by_cpc.A01K1/03,2
counts_by_cpc.A01K1/031,1
counts_by_cpc.A01K1/035,1
counts_by_cpc.A01K11/006,35
counts_by_cpc.A01K11/007,1
counts_by_cpc.A01K13/00,1
counts_by_cpc.A01K13/003,35
counts_by_cpc.A01K15/003,1
counts_by_cpc.A01K15/021,1
counts_by_cpc.A01K15/024,1
counts_by_cpc.A01K27/009,1
counts_by_cpc.A01K29/00,13
counts_by_cpc.A01K29/002,1
counts_by_cpc.A01K29/005,48
counts_by_cpc.A01K31/00,3
counts_by_cpc.A01K31/002,11
counts_by_cpc.A01K31/005,1
counts_by_cpc.A01K31/04,7
counts_by_cpc.A01K31/06,1
counts_by_cpc.A01K31/07,1
counts_by_cpc.A01K31/16,3
counts_by_cpc.A01K31/165,21
counts_by_cpc.A01K39/012,1
counts_by_cpc.A01K39/014,4
counts_by_cpc.A01K39/02,2
counts_by_cpc.A01K41/00,21
counts_by_cpc.A01K41/06,11
counts_by_cpc.A01K41/065,6
counts_by_cpc.A01K43/00,428
counts_by_cpc.A01K43/005,30
counts_by_cpc.A01K43/04,55
counts_by_cpc.A01K43/06,7
counts_by_cpc.A01K43/08,2
counts_by_cpc.A01K43/10,50
counts_by_cpc.A01K45/00,148
counts_by_cpc.A01K45/002,2
counts_by_cpc.A01K45/005,122
counts_by_cpc.A01K45/007,228
counts_by_cpc.A01K5/0114,2
counts_by_cpc.A01K5/0135,10
counts_by_cpc.A01K5/0142,1
counts_by_cpc.A01K5/02,1
counts_by_cpc.A01K5/0225,1
counts_by_cpc.A01K5/0241,1
counts_by_cpc.A01K5/0291,1
counts_by_cpc.A01K61/00,39
counts_by_cpc.A01K61/13,35
counts_by_cpc.A01K61/54,2
counts_by_cpc.A01K61/55,2
counts_by_cpc.A01K61/59,3
counts_by_cpc.A01K61/60,1
counts_by_cpc.A01K61/73,2
counts_by_cpc.A01K61/80,2
counts_by_cpc.A01K61/85,1
counts_by_cpc.A01K61/90,1
counts_by_cpc.A01K61/95,1
counts_by_cpc.A01K63/00,8
counts_by_cpc.A01K63/003,29
counts_by_cpc.A01K63/006,54
counts_by_cpc.A01K63/02,3
counts_by_cpc.A01K63/04,9
counts_by_cpc.A01K63/042,7
counts_by_cpc.A01K63/047,3
counts_by_cpc.A01K63/06,2
counts_by_cpc.A01K63/065,2
counts_by_cpc.A01K63/10,4
counts_by_cpc.A01K67/00,2
counts_by_cpc.A01K67/36,7
counts_by_cpc.A01K67/362,7
counts_by_cpc.A01K67/364,7
counts_by_cpc.A01K67/366,7
counts_by_cpc.A01K67/368,7
counts_by_cpc.A01K69/06,1
counts_by_cpc.A01K7/005,9
counts_by_cpc.A01K75/04,1
counts_by_cpc.A01K79/00,4
counts_by_cpc.A01K89/011223,1
counts_by_cpc.A01K89/02,1
counts_by_cpc.A01K91/03,1
counts_by_cpc.A01K91/04,5
counts_by_cpc.A01K97/00,2
counts_by_cpc.A01K97/01,1
counts_by_cpc.A01K97/10,3
counts_by_cpc.A01K97/12,1
counts_by_cpc.A01K97/125,1
counts_by_cpc.A01M1/106,1
counts_by_cpc.A01M1/2011,3
counts_by_cpc.A01M2200/012,1
counts_by_cpc.A01M29/06,2
counts_by_cpc.A01M29/10,1
counts_by_cpc.A01M29/16,1
counts_by_cpc.A01M31/00,2
counts_by_cpc.A01M31/006,4
counts_by_cpc.A01M31/02,1
counts_by_cpc.A01M7/00,1
counts_by_cpc.A01M7/005,1
counts_by_cpc.A01N1/10,1
counts_by_cpc.A01N1/124,1
counts_by_cpc.A01N1/125,2
counts_by_cpc.A01N1/147,1
counts_by_cpc.A01N1/162,2
counts_by_cpc.A01N1/168,1
counts_by_cpc.A01N2300/00,1
counts_by_cpc.A01N25/00,3
counts_by_cpc.A01N25/02,1
counts_by_cpc.A01N25/08,1
counts_by_cpc.A01N25/10,2
counts_by_cpc.A01N25/24,1
counts_by_cpc.A01N25/26,3
counts_by_cpc.A01N25/28,1
counts_by_cpc.A01N25/32,1
counts_by_cpc.A01N25/34,2
counts_by_cpc.A01N27/00,1
counts_by_cpc.A01N3/02,1
counts_by_cpc.A01N31/02,2
counts_by_cpc.A01N31/04,1
counts_by_cpc.A01N33/04,1
counts_by_cpc.A01N37/02,2
counts_by_cpc.A01N37/06,1
counts_by_cpc.A01N37/20,1
counts_by_cpc.A01N37/22,1
counts_by_cpc.A01N37/44,1
counts_by_cpc.A01N37/46,1
counts_by_cpc.A01N41/04,1
counts_by_cpc.A01N43/16,1
counts_by_cpc.A01N43/40,1
counts_by_cpc.A01N43/52,1
counts_by_cpc.A01N43/56,1
counts_by_cpc.A01N43/653,1
counts_by_cpc.A01N43/66,1
counts_by_cpc.A01N43/82,1
counts_by_cpc.A01N43/90,1
counts_by_cpc.A01N59/00,2
counts_by_cpc.A01N59/02,1
counts_by_cpc.A01N59/06,2
counts_by_cpc.A01N59/20,1
counts_by_cpc.A01N61/00,3
counts_by_cpc.A01N63/10,1
counts_by_cpc.A01N63/20,3
counts_by_cpc.A01N63/22,2
counts_by_cpc.A01N63/23,2
counts_by_cpc.A01N63/25,1
counts_by_cpc.A01N63/27,1
counts_by_cpc.A01N63/28,1
counts_by_cpc.A01N63/30,1
counts_by_cpc.A01N63/32,1
counts_by_cpc.A01N63/40,3
counts_by_cpc.A01N63/50,3
counts_by_cpc.A01N65/20,3
counts_by_cpc.A01P1/00,3
counts_by_cpc.A01P13/00,1
counts_by_cpc.A01P19/00,1
counts_by_cpc.A01P21/00,4
counts_by_cpc.A01P3/00,4
counts_by_cpc.A21B3/18,6
counts_by_cpc.A21B5/02,1
counts_by_cpc.A21C11/10,1
counts_by_cpc.A21C15/00,2
counts_by_cpc.A21C15/002,3
counts_by_cpc.A21C15/02,2
counts_by_cpc.A21C9/08,6
counts_by_cpc.A21D2/16,1
counts_by_cpc.A22B3/00,5
counts_by_cpc.A22B3/06,10
counts_by_cpc.A22B3/12,13
counts_by_cpc.A22B5/00,35
counts_by_cpc.A22B5/0005,22
counts_by_cpc.A22B5/0017,19
counts_by_cpc.A22B5/0029,24
counts_by_cpc.A22B5/0035,4
counts_by_cpc.A22B5/0041,53
counts_by_cpc.A22B5/0064,12
counts_by_cpc.A22B5/007,18
counts_by_cpc.A22B5/0076,5
counts_by_cpc.A22B5/0082,3
counts_by_cpc.A22B5/04,6
counts_by_cpc.A22B5/06,1
counts_by_cpc.A22B5/08,5
counts_by_cpc.A22B5/161,1
counts_by_cpc.A22B5/18,6
counts_by_cpc.A22B5/20,16
counts_by_cpc.A22B5/202,4
counts_by_cpc.A22B5/203,12
counts_by_cpc.A22B5/206,2
counts_by_cpc.A22B5/208,19
counts_by_cpc.A22B7/001,28
counts_by_cpc.A22B7/002,29
counts_by_cpc.A22B7/003,17
counts_by_cpc.A22B7/004,6
counts_by_cpc.A22B7/005,1
counts_by_cpc.A22B7/006,12
counts_by_cpc.A22B7/007,2
counts_by_cpc.A22B7/008,2
counts_by_cpc.A22C11/00,1
counts_by_cpc.A22C11/008,4
counts_by_cpc.A22C15/00,1
counts_by_cpc.A22C15/001,4
counts_by_cpc.A22C17/00,2
counts_by_cpc.A22C17/0006,9
counts_by_cpc.A22C17/002,1
counts_by_cpc.A22C17/004,6
counts_by_cpc.A22C17/0073,3
counts_by_cpc.A22C17/008,3
counts_by_cpc.A22C17/0086,10
counts_by_cpc.A22C17/0093,35
counts_by_cpc.A22C17/02,30
counts_by_cpc.A22C17/04,1
counts_by_cpc.A22C17/10,3
counts_by_cpc.A22C17/16,1
counts_by_cpc.A22C18/00,9
counts_by_cpc.A22C21/00,8
counts_by_cpc.A22C21/0007,1
counts_by_cpc.A22C21/0023,4
counts_by_cpc.A22C21/003,1
counts_by_cpc.A22C21/0046,2
counts_by_cpc.A22C21/0053,35
counts_by_cpc.A22C21/0061,2
counts_by_cpc.A22C21/0076,2
counts_by_cpc.A22C21/06,7
counts_by_cpc.A22C25/08,2
counts_by_cpc.A22C25/16,2
counts_by_cpc.A22C25/18,2
counts_by_cpc.A23B11/133,1
counts_by_cpc.A23B2/001,10
counts_by_cpc.A23B2/803,1
counts_by_cpc.A23B4/015,1
counts_by_cpc.A23B4/0523,1
counts_by_cpc.A23B4/062,4
counts_by_cpc.A23B4/10,1
counts_by_cpc.A23B4/20,1
counts_by_cpc.A23B4/24,1
counts_by_cpc.A23B5/065,1
counts_by_cpc.A23B7/16,1
counts_by_cpc.A23B9/14,1
counts_by_cpc.A23B9/32,2
counts_by_cpc.A23C20/00,1
counts_by_cpc.A23D7/005,1
counts_by_cpc.A23F3/166,1
counts_by_cpc.A23F3/18,1
counts_by_cpc.A23F3/22,1
counts_by_cpc.A23F5/04,1
counts_by_cpc.A23F5/26,1
counts_by_cpc.A23G1/0026,1
counts_by_cpc.A23G1/0076,1
counts_by_cpc.A23G1/0093,1
counts_by_cpc.A23G1/0096,6
counts_by_cpc.A23G1/18,5
counts_by_cpc.A23G1/203,2
counts_by_cpc.A23G1/21,4
counts_by_cpc.A23G1/226,1
counts_by_cpc.A23G1/26,7
counts_by_cpc.A23G1/28,32
counts_by_cpc.A23G1/30,1
counts_by_cpc.A23G1/305,1
counts_by_cpc.A23G1/46,1
counts_by_cpc.A23G1/48,1
counts_by_cpc.A23G1/50,1
counts_by_cpc.A23G1/54,2
counts_by_cpc.A23G1/545,1
counts_by_cpc.A23G3/0036,1
counts_by_cpc.A23G3/0038,6
counts_by_cpc.A23G3/0046,2
counts_by_cpc.A23G3/0085,2
counts_by_cpc.A23G3/0087,1
counts_by_cpc.A23G3/0089,2
counts_by_cpc.A23G3/02,8
counts_by_cpc.A23G3/021,1
counts_by_cpc.A23G3/0226,3
counts_by_cpc.A23G3/0231,2
counts_by_cpc.A23G3/0236,2
counts_by_cpc.A23G3/0242,3
counts_by_cpc.A23G3/0247,1
counts_by_cpc.A23G3/0268,1
counts_by_cpc.A23G3/0273,2
counts_by_cpc.A23G3/0278,10
counts_by_cpc.A23G3/0284,8
counts_by_cpc.A23G3/0289,4
counts_by_cpc.A23G3/04,3
counts_by_cpc.A23G3/06,3
counts_by_cpc.A23G3/10,1
counts_by_cpc.A23G3/12,1
counts_by_cpc.A23G3/125,5
counts_by_cpc.A23G3/20,5
counts_by_cpc.A23G3/2007,5
counts_by_cpc.A23G3/2023,16
counts_by_cpc.A23G3/203,8
counts_by_cpc.A23G3/2046,13
counts_by_cpc.A23G3/2053,9
counts_by_cpc.A23G3/2069,1
counts_by_cpc.A23G3/2076,9
counts_by_cpc.A23G3/2092,5
counts_by_cpc.A23G3/22,6
counts_by_cpc.A23G3/28,3
counts_by_cpc.A23G3/40,1
counts_by_cpc.A23G3/48,2
counts_by_cpc.A23G3/54,3
counts_by_cpc.A23G3/563,5
counts_by_cpc.A23G4/00,2
counts_by_cpc.A23G4/02,2
counts_by_cpc.A23G4/04,2
counts_by_cpc.A23G7/00,30
counts_by_cpc.A23G7/0006,2
counts_by_cpc.A23G7/0012,5
counts_by_cpc.A23G7/0018,5
counts_by_cpc.A23G7/0025,29
counts_by_cpc.A23G7/0031,17
counts_by_cpc.A23G7/0037,113
counts_by_cpc.A23G7/0043,1
counts_by_cpc.A23G7/0075,10
counts_by_cpc.A23G7/0081,6
counts_by_cpc.A23G7/0087,7
counts_by_cpc.A23G7/0093,6
counts_by_cpc.A23G7/02,14
counts_by_cpc.A23G9/04,2
counts_by_cpc.A23G9/22,4
counts_by_cpc.A23G9/228,2
counts_by_cpc.A23G9/245,3
counts_by_cpc.A23G9/26,7
counts_by_cpc.A23G9/28,7
counts_by_cpc.A23G9/283,3
counts_by_cpc.A23G9/286,2
counts_by_cpc.A23G9/288,10
counts_by_cpc.A23G9/32,1
counts_by_cpc.A23G9/322,1
counts_by_cpc.A23G9/327,1
counts_by_cpc.A23G9/34,1
counts_by_cpc.A23G9/42,11
counts_by_cpc.A23G9/48,17
counts_by_cpc.A23G9/503,6
counts_by_cpc.A23G9/506,1
counts_by_cpc.A23K10/20,1
counts_by_cpc.A23K10/30,3
counts_by_cpc.A23K20/10,1
counts_by_cpc.A23K20/105,1
counts_by_cpc.A23K20/121,1
counts_by_cpc.A23K20/147,2
counts_by_cpc.A23K20/158,2
counts_by_cpc.A23K20/163,3
counts_by_cpc.A23K20/174,1
counts_by_cpc.A23K20/189,2
counts_by_cpc.A23K40/10,2
counts_by_cpc.A23K40/30,2
counts_by_cpc.A23K50/00,1
counts_by_cpc.A23K50/10,2
counts_by_cpc.A23K50/20,1
counts_by_cpc.A23K50/40,1
counts_by_cpc.A23K50/75,1
counts_by_cpc.A23K50/90,1
counts_by_cpc.A23L1/32,1
counts_by_cpc.A23L13/20,1
counts_by_cpc.A23L13/74,1
counts_by_cpc.A23L15/00,12
counts_by_cpc.A23L17/60,2
counts_by_cpc.A23L19/00,1
counts_by_cpc.A23L19/05,11
counts_by_cpc.A23L19/18,1
counts_by_cpc.A23L2/10,1
counts_by_cpc.A23L2/58,1
counts_by_cpc.A23L27/13,1
counts_by_cpc.A23L27/33,1
counts_by_cpc.A23L29/219,1
counts_by_cpc.A23L33/10,1
counts_by_cpc.A23L33/40,2
counts_by_cpc.A23L5/13,1
counts_by_cpc.A23L5/34,1
counts_by_cpc.A23L5/44,1
counts_by_cpc.A23L7/10,1
counts_by_cpc.A23L7/104,1
counts_by_cpc.A23L7/117,2
counts_by_cpc.A23L7/13,2
counts_by_cpc.A23L7/191,1
counts_by_cpc.A23N12/08,1
counts_by_cpc.A23N15/00,2
counts_by_cpc.A23N17/00,2
counts_by_cpc.A23N4/04,1
counts_by_cpc.A23P20/105,1
counts_by_cpc.A23P20/11,2
counts_by_cpc.A23P20/12,4
counts_by_cpc.A23P20/17,1
counts_by_cpc.A23P20/18,3
counts_by_cpc.A23P20/25,11
counts_by_cpc.A23P30/00,1
counts_by_cpc.A23V2002/00,4
counts_by_cpc.A24B13/00,2
counts_by_cpc.A24B15/12,5
counts_by_cpc.A24B15/14,1
counts_by_cpc.A24B15/16,1
counts_by_cpc.A24B15/165,5
counts_by_cpc.A24B15/167,1
counts_by_cpc.A24B15/186,1
counts_by_cpc.A24B15/22,1
counts_by_cpc.A24B15/283,1
counts_by_cpc.A24B15/302,1
counts_by_cpc.A24B15/303,2
counts_by_cpc.A24B15/403,1
counts_by_cpc.A24B15/42,1
counts_by_cpc.A24B3/00,2
counts_by_cpc.A24B3/08,1
counts_by_cpc.A24B3/12,3
counts_by_cpc.A24B3/14,2
counts_by_cpc.A24C1/00,1
counts_by_cpc.A24C1/04,2
counts_by_cpc.A24C1/38,6
counts_by_cpc.A24C5/00,38
counts_by_cpc.A24C5/01,8
counts_by_cpc.A24C5/02,3
counts_by_cpc.A24C5/10,6
counts_by_cpc.A24C5/12,4
counts_by_cpc.A24C5/14,3
counts_by_cpc.A24C5/18,7
counts_by_cpc.A24C5/1828,2
counts_by_cpc.A24C5/1835,6
counts_by_cpc.A24C5/20,4
counts_by_cpc.A24C5/28,10
counts_by_cpc.A24C5/31,3
counts_by_cpc.A24C5/32,24
counts_by_cpc.A24C5/322,67
counts_by_cpc.A24C5/323,43
counts_by_cpc.A24C5/325,40
counts_by_cpc.A24C5/326,133
counts_by_cpc.A24C5/327,93
counts_by_cpc.A24C5/328,18
counts_by_cpc.A24C5/33,2
counts_by_cpc.A24C5/333,2
counts_by_cpc.A24C5/336,10
counts_by_cpc.A24C5/34,4
counts_by_cpc.A24C5/3412,3
counts_by_cpc.A24C5/3418,1
counts_by_cpc.A24C5/343,3
counts_by_cpc.A24C5/345,10
counts_by_cpc.A24C5/35,315
counts_by_cpc.A24C5/352,23
counts_by_cpc.A24C5/354,4
counts_by_cpc.A24C5/356,12
counts_by_cpc.A24C5/358,2
counts_by_cpc.A24C5/39,10
counts_by_cpc.A24C5/394,9
counts_by_cpc.A24C5/395,2
counts_by_cpc.A24C5/399,6
counts_by_cpc.A24C5/46,2
counts_by_cpc.A24C5/47,14
counts_by_cpc.A24C5/471,3
counts_by_cpc.A24C5/475,1
counts_by_cpc.A24C5/478,74
counts_by_cpc.A24C5/52,14
counts_by_cpc.A24C5/60,1
counts_by_cpc.A24D1/20,1
counts_by_cpc.A24D1/22,5
counts_by_cpc.A24D3/00,10
counts_by_cpc.A24D3/02,75
counts_by_cpc.A24D3/0204,11
counts_by_cpc.A24D3/0208,1
counts_by_cpc.A24D3/0212,1
counts_by_cpc.A24D3/0216,41
counts_by_cpc.A24D3/022,1
counts_by_cpc.A24D3/0225,10
counts_by_cpc.A24D3/0229,8
counts_by_cpc.A24D3/0237,9
counts_by_cpc.A24D3/025,11
counts_by_cpc.A24D3/0254,15
counts_by_cpc.A24D3/027,1
counts_by_cpc.A24D3/0279,1
counts_by_cpc.A24D3/0287,53
counts_by_cpc.A24D3/0295,6
counts_by_cpc.A24D3/04,1
counts_by_cpc.A24D3/048,5
counts_by_cpc.A24D3/061,20
counts_by_cpc.A24D3/063,1
counts_by_cpc.A24D3/068,1
counts_by_cpc.A24D3/08,1
counts_by_cpc.A24D3/10,6
counts_by_cpc.A24D3/14,1
counts_by_cpc.A24D3/163,2
counts_by_cpc.A24D3/17,2
counts_by_cpc.A24D3/18,2
counts_by_cpc.A24F1/00,1
counts_by_cpc.A24F13/26,1
counts_by_cpc.A24F40/00,1
counts_by_cpc.A24F40/10,7
counts_by_cpc.A24F40/20,1
counts_by_cpc.A24F40/30,6
counts_by_cpc.A24F40/40,2
counts_by_cpc.A24F40/42,5
counts_by_cpc.A24F40/46,6
counts_by_cpc.A24F40/465,4
counts_by_cpc.A24F40/485,4
counts_by_cpc.A24F40/50,4
counts_by_cpc.A24F40/51,1
counts_by_cpc.A24F40/53,1
counts_by_cpc.A24F40/57,1
counts_by_cpc.A24F40/60,1
counts_by_cpc.A24F40/70,3
counts_by_cpc.A24F40/95,1
counts_by_cpc.A24F42/10,5
counts_by_cpc.A24F42/60,1
counts_by_cpc.A41B3/06,2
counts_by_cpc.A41C3/0007,1
counts_by_cpc.A41C3/0014,1
counts_by_cpc.A41C3/005,1
counts_by_cpc.A41C3/10,1
counts_by_cpc.A41C3/142,1
counts_by_cpc.A41C5/005,1
counts_by_cpc.A41D1/00,1
counts_by_cpc.A41D1/02,1
counts_by_cpc.A41D1/04,1
counts_by_cpc.A41D13/002,1
counts_by_cpc.A41D13/1184,1
counts_by_cpc.A41D13/12,1
counts_by_cpc.A41D13/1209,1
counts_by_cpc.A41D13/1227,1
counts_by_cpc.A41D13/129,1
counts_by_cpc.A41D2400/26,1
counts_by_cpc.A41D2400/32,1
counts_by_cpc.A41D2400/34,1
counts_by_cpc.A41D2500/10,1
counts_by_cpc.A41D2500/30,1
counts_by_cpc.A41D2500/50,1
counts_by_cpc.A41D27/20,1
counts_by_cpc.A41D27/245,1
counts_by_cpc.A41D27/28,1
counts_by_cpc.A41D31/00,1
counts_by_cpc.A41D31/0077,1
counts_by_cpc.A41D31/14,2
counts_by_cpc.A41D31/32,1
counts_by_cpc.A41F1/00,2
counts_by_cpc.A41F9/00,1
counts_by_cpc.A41G1/00,1
counts_by_cpc.A41G5/02,1
counts_by_cpc.A41H15/00,2
counts_by_cpc.A41H43/0242,1
counts_by_cpc.A41H43/0271,1
counts_by_cpc.A41H43/0292,4
counts_by_cpc.A41H43/04,1
counts_by_cpc.A42B1/019,1
counts_by_cpc.A42B1/04,1
counts_by_cpc.A42B1/041,1
counts_by_cpc.A42B1/12,1
counts_by_cpc.A42B1/225,1
counts_by_cpc.A42B1/24,1
counts_by_cpc.A42B1/241,1
counts_by_cpc.A42B1/247,1
counts_by_cpc.A42B1/248,1
counts_by_cpc.A42B3/042,1
counts_by_cpc.A42B3/145,1
counts_by_cpc.A42B3/227,1
counts_by_cpc.A42B3/283,1
counts_by_cpc.A42B3/286,1
counts_by_cpc.A43B11/00,1
counts_by_cpc.A43B13/02,1
counts_by_cpc.A43B13/148,1
counts_by_cpc.A43B13/181,1
counts_by_cpc.A43B13/36,1
counts_by_cpc.A43B13/37,1
counts_by_cpc.A43B13/42,1
counts_by_cpc.A43B21/24,1
counts_by_cpc.A43B21/39,1
counts_by_cpc.A43B21/42,1
counts_by_cpc.A43B23/08,1
counts_by_cpc.A43B23/088,1
counts_by_cpc.A43B3/108,1
counts_by_cpc.A43B3/246,1
counts_by_cpc.A43B7/144,1
counts_by_cpc.A43B7/1495,1
counts_by_cpc.A43B9/12,1
counts_by_cpc.A43C11/008,1
counts_by_cpc.A43C11/10,1
counts_by_cpc.A43C19/00,1
counts_by_cpc.A43C5/00,1
counts_by_cpc.A43D11/00,20
counts_by_cpc.A43D111/00,1
counts_by_cpc.A43D111/003,1
counts_by_cpc.A43D117/00,1
counts_by_cpc.A43D25/00,1
counts_by_cpc.A43D25/18,1
counts_by_cpc.A43D95/08,1
counts_by_cpc.A44B11/2503,1
counts_by_cpc.A44B11/2553,1
counts_by_cpc.A44B11/258,1
counts_by_cpc.A44B11/2592,1
counts_by_cpc.A44B13/00,1
counts_by_cpc.A44B13/0029,1
counts_by_cpc.A44B13/0082,1
counts_by_cpc.A44B15/00,62
counts_by_cpc.A44B15/002,4
counts_by_cpc.A44B15/005,31
counts_by_cpc.A44B15/007,4
counts_by_cpc.A44B17/0029,1
counts_by_cpc.A44B18/00,6
counts_by_cpc.A44B18/0023,1
counts_by_cpc.A44B18/0057,1
counts_by_cpc.A44B18/0065,1
counts_by_cpc.A44B18/0073,1
counts_by_cpc.A44B19/00,1
counts_by_cpc.A44B99/00,1
counts_by_cpc.A44C15/0045,1
counts_by_cpc.A44C27/002,1
counts_by_cpc.A44C5/0007,1
counts_by_cpc.A44C5/2014,2
counts_by_cpc.A44C5/2019,7
counts_by_cpc.A44C5/2023,9
counts_by_cpc.A44C5/2038,5
counts_by_cpc.A44C5/2061,1
counts_by_cpc.A44D2203/00,10
counts_by_cpc.A45B1/00,1
counts_by_cpc.A45B1/04,1
counts_by_cpc.A45B11/00,2
counts_by_cpc.A45B2009/002,4
counts_by_cpc.A45B2023/0025,1
counts_by_cpc.A45B2025/003,1
counts_by_cpc.A45B2200/109,2
counts_by_cpc.A45B23/00,1
counts_by_cpc.A45B25/00,1
counts_by_cpc.A45B25/28,2
counts_by_cpc.A45B3/00,1
counts_by_cpc.A45B7/00,1
counts_by_cpc.A45B9/02,1
counts_by_cpc.A45B9/04,1
counts_by_cpc.A45C1/02,2
counts_by_cpc.A45C11/00,2
counts_by_cpc.A45C11/001,1
counts_by_cpc.A45C11/002,7
counts_by_cpc.A45C11/003,1
counts_by_cpc.A45C11/005,3
counts_by_cpc.A45C11/008,1
counts_by_cpc.A45C11/182,3
counts_by_cpc.A45C11/20,3
counts_by_cpc.A45C11/32,2
counts_by_cpc.A45C11/321,1
counts_by_cpc.A45C11/36,2
counts_by_cpc.A45C13/001,1
counts_by_cpc.A45C13/02,1
counts_by_cpc.A45C13/103,1
counts_by_cpc.A45C13/1069,1
counts_by_cpc.A45C13/38,1
counts_by_cpc.A45C15/00,1
counts_by_cpc.A45C2001/104,2
counts_by_cpc.A45C2009/002,1
counts_by_cpc.A45C2011/002,1
counts_by_cpc.A45C2011/186,1
counts_by_cpc.A45C2013/267,1
counts_by_cpc.A45C3/06,1
counts_by_cpc.A45C5/03,1
counts_by_cpc.A45C5/141,1
counts_by_cpc.A45C9/00,1
counts_by_cpc.A45D2/365,1
counts_by_cpc.A45D20/00,2
counts_by_cpc.A45D20/10,1
counts_by_cpc.A45D20/12,5
counts_by_cpc.A45D20/16,3
counts_by_cpc.A45D2001/008,1
counts_by_cpc.A45D2020/126,4
counts_by_cpc.A45D2020/128,5
counts_by_cpc.A45D2029/026,1
counts_by_cpc.A45D2200/05,1
counts_by_cpc.A45D2200/055,1
counts_by_cpc.A45D2200/056,1
counts_by_cpc.A45D2200/058,1
counts_by_cpc.A45D2200/10,1
counts_by_cpc.A45D24/02,1
counts_by_cpc.A45D24/22,1
counts_by_cpc.A45D24/32,1
counts_by_cpc.A45D27/00,2
counts_by_cpc.A45D27/22,1
counts_by_cpc.A45D27/29,1
counts_by_cpc.A45D29/02,1
counts_by_cpc.A45D29/20,1
counts_by_cpc.A45D33/00,2
counts_by_cpc.A45D34/00,2
counts_by_cpc.A45D34/04,1
counts_by_cpc.A45D34/045,1
counts_by_cpc.A45D34/06,1
counts_by_cpc.A45D40/24,2
counts_by_cpc.A45D42/08,1
counts_by_cpc.A45D42/10,5
counts_by_cpc.A45D42/14,18
counts_by_cpc.A45D42/16,5
counts_by_cpc.A45D42/18,4
counts_by_cpc.A45D44/00,3
counts_by_cpc.A45D44/18,3
counts_by_cpc.A45D7/06,1
counts_by_cpc.A45F2003/003,1
counts_by_cpc.A45F2005/002,2
counts_by_cpc.A45F2005/006,2
counts_by_cpc.A45F2005/008,1
counts_by_cpc.A45F2005/108,2
counts_by_cpc.A45F2200/0583,1
counts_by_cpc.A45F3/005,1
counts_by_cpc.A45F3/16,6
counts_by_cpc.A45F3/18,5
counts_by_cpc.A45F3/22,1
counts_by_cpc.A45F3/52,1
counts_by_cpc.A45F5/00,10
counts_by_cpc.A45F5/004,3
counts_by_cpc.A45F5/02,4
counts_by_cpc.A45F5/021,3
counts_by_cpc.A45F5/10,2
counts_by_cpc.A45F5/1046,1
counts_by_cpc.A45F5/1516,10
counts_by_cpc.A45F5/1525,1
counts_by_cpc.A45F5/1558,1
counts_by_cpc.A45F5/1566,1
counts_by_cpc.A45F5/1575,2
counts_by_cpc.A45F5/1583,8
counts_by_cpc.A46B11/0003,3
counts_by_cpc.A46B11/002,2
counts_by_cpc.A46B11/0041,1
counts_by_cpc.A46B13/006,1
counts_by_cpc.A46B13/008,1
counts_by_cpc.A46B13/02,5
counts_by_cpc.A46B13/023,2
counts_by_cpc.A46B13/04,2
counts_by_cpc.A46B15/00,7
counts_by_cpc.A46B15/0002,3
counts_by_cpc.A46B15/0004,4
counts_by_cpc.A46B15/0006,2
counts_by_cpc.A46B15/0036,1
counts_by_cpc.A46B15/0055,2
counts_by_cpc.A46B15/0087,8
counts_by_cpc.A46B15/0089,8
counts_by_cpc.A46B15/0091,5
counts_by_cpc.A46B15/0095,5
counts_by_cpc.A46B15/0097,20
counts_by_cpc.A46B17/00,12
counts_by_cpc.A46B17/02,28
counts_by_cpc.A46B17/04,20
counts_by_cpc.A46B17/06,2
counts_by_cpc.A46B17/065,5
counts_by_cpc.A46B17/08,1
counts_by_cpc.A46B2200/10,1
counts_by_cpc.A46B2200/104,8
counts_by_cpc.A46B2200/1046,2
counts_by_cpc.A46B2200/1066,60
counts_by_cpc.A46B2200/20,1
counts_by_cpc.A46B2200/30,1
counts_by_cpc.A46B2200/3006,2
counts_by_cpc.A46B2200/302,5
counts_by_cpc.A46B2200/3033,2
counts_by_cpc.A46B2200/304,3
counts_by_cpc.A46B2200/3046,1
counts_by_cpc.A46B2200/306,1
counts_by_cpc.A46B2200/3073,4
counts_by_cpc.A46B2200/405,3
counts_by_cpc.A46B5/00,39
counts_by_cpc.A46B5/0012,2
counts_by_cpc.A46B5/002,3
counts_by_cpc.A46B5/0037,1
counts_by_cpc.A46B5/0041,2
counts_by_cpc.A46B5/0045,2
counts_by_cpc.A46B5/005,4
counts_by_cpc.A46B5/0058,1
counts_by_cpc.A46B5/007,1
counts_by_cpc.A46B5/0075,4
counts_by_cpc.A46B5/0083,2
counts_by_cpc.A46B5/0095,25
counts_by_cpc.A46B5/02,1
counts_by_cpc.A46B5/026,12
counts_by_cpc.A46B5/06,3
counts_by_cpc.A46B7/02,2
counts_by_cpc.A46B7/04,11
counts_by_cpc.A46B7/044,4
counts_by_cpc.A46B7/046,5
counts_by_cpc.A46B7/06,1
counts_by_cpc.A46B9/005,1
counts_by_cpc.A46B9/04,15
counts_by_cpc.A46D3/00,2
counts_by_cpc.A46D3/065,2
counts_by_cpc.A46D99/00,1
counts_by_cpc.A47B1/00,1
counts_by_cpc.A47B1/04,1
counts_by_cpc.A47B1/05,2
counts_by_cpc.A47B1/06,1
counts_by_cpc.A47B1/08,1
counts_by_cpc.A47B11/00,2
counts_by_cpc.A47B13/00,10
counts_by_cpc.A47B13/003,27
counts_by_cpc.A47B13/02,14
counts_by_cpc.A47B13/021,10
counts_by_cpc.A47B13/023,1
counts_by_cpc.A47B13/04,1
counts_by_cpc.A47B13/06,6
counts_by_cpc.A47B13/08,39
counts_by_cpc.A47B13/081,13
counts_by_cpc.A47B13/083,8
counts_by_cpc.A47B13/086,1
counts_by_cpc.A47B13/088,7
counts_by_cpc.A47B13/12,4
counts_by_cpc.A47B13/16,7
counts_by_cpc.A47B17/00,10
counts_by_cpc.A47B17/003,6
counts_by_cpc.A47B17/03,3
counts_by_cpc.A47B17/033,35
counts_by_cpc.A47B17/036,3
counts_by_cpc.A47B17/04,1
counts_by_cpc.A47B17/06,2
counts_by_cpc.A47B19/00,1
counts_by_cpc.A47B2001/035,1
counts_by_cpc.A47B2009/043,1
counts_by_cpc.A47B2009/185,8
counts_by_cpc.A47B2013/006,1
counts_by_cpc.A47B2013/022,3
counts_by_cpc.A47B2013/085,1
counts_by_cpc.A47B2021/0321,8
counts_by_cpc.A47B2021/062,1
counts_by_cpc.A47B2021/066,4
counts_by_cpc.A47B2023/049,9
counts_by_cpc.A47B2037/005,11
counts_by_cpc.A47B2063/005,1
counts_by_cpc.A47B2088/902,4
counts_by_cpc.A47B2088/951,9
counts_by_cpc.A47B2095/006,1
counts_by_cpc.A47B2095/024,1
counts_by_cpc.A47B2095/026,2
counts_by_cpc.A47B2095/046,2
counts_by_cpc.A47B2096/203,4
counts_by_cpc.A47B2096/204,12
counts_by_cpc.A47B2096/207,25
counts_by_cpc.A47B2096/208,7
counts_by_cpc.A47B2096/209,3
counts_by_cpc.A47B2097/003,1
counts_by_cpc.A47B2097/008,1
counts_by_cpc.A47B21/00,6
counts_by_cpc.A47B21/0073,8
counts_by_cpc.A47B21/02,9
counts_by_cpc.A47B21/03,3
counts_by_cpc.A47B21/0314,12
counts_by_cpc.A47B21/04,9
counts_by_cpc.A47B21/06,7
counts_by_cpc.A47B2200/0001,2
counts_by_cpc.A47B2200/0004,1
counts_by_cpc.A47B2200/001,2
counts_by_cpc.A47B2200/0011,1
counts_by_cpc.A47B2200/0012,1
counts_by_cpc.A47B2200/0013,4
counts_by_cpc.A47B2200/0014,1
counts_by_cpc.A47B2200/0019,3
counts_by_cpc.A47B2200/0026,5
counts_by_cpc.A47B2200/0028,1
counts_by_cpc.A47B2200/0035,2
counts_by_cpc.A47B2200/0043,1
counts_by_cpc.A47B2200/005,1
counts_by_cpc.A47B2200/0067,1
counts_by_cpc.A47B2200/0073,1
counts_by_cpc.A47B2200/0076,10
counts_by_cpc.A47B2200/0078,2
counts_by_cpc.A47B2200/0079,2
counts_by_cpc.A47B2200/008,4
counts_by_cpc.A47B2200/0082,1
counts_by_cpc.A47B2200/0084,9
counts_by_cpc.A47B2200/0085,8
counts_by_cpc.A47B2200/0086,1
counts_by_cpc.A47B2200/0087,2
counts_by_cpc.A47B2200/0098,1
counts_by_cpc.A47B2200/03,2
counts_by_cpc.A47B2200/06,1
counts_by_cpc.A47B2200/07,8
counts_by_cpc.A47B2200/12,6
counts_by_cpc.A47B2200/14,1
counts_by_cpc.A47B2210/0016,1
counts_by_cpc.A47B2210/0032,1
counts_by_cpc.A47B2210/0035,1
counts_by_cpc.A47B2210/004,1
counts_by_cpc.A47B2210/0059,2
counts_by_cpc.A47B2210/007,1
counts_by_cpc.A47B2210/0081,1
counts_by_cpc.A47B2210/02,3
counts_by_cpc.A47B2210/05,2
counts_by_cpc.A47B2210/08,3
counts_by_cpc.A47B2210/092,3
counts_by_cpc.A47B2210/175,1
counts_by_cpc.A47B2220/0002,1
counts_by_cpc.A47B2220/0016,1
counts_by_cpc.A47B2220/0033,1
counts_by_cpc.A47B2220/0036,16
counts_by_cpc.A47B2220/0041,5
counts_by_cpc.A47B2220/005,1
counts_by_cpc.A47B2220/0052,8
counts_by_cpc.A47B2220/0058,7
counts_by_cpc.A47B2220/0061,10
counts_by_cpc.A47B2220/0072,7
counts_by_cpc.A47B2220/0075,1
counts_by_cpc.A47B2220/0077,4
counts_by_cpc.A47B2220/008,22
counts_by_cpc.A47B2220/0086,1
counts_by_cpc.A47B2220/0091,8
counts_by_cpc.A47B2220/0097,1
counts_by_cpc.A47B2220/11,3
counts_by_cpc.A47B2220/13,2
counts_by_cpc.A47B2230/00,4
counts_by_cpc.A47B2230/0003,2
counts_by_cpc.A47B2230/0011,37
counts_by_cpc.A47B2230/0014,5
counts_by_cpc.A47B2230/0018,1
counts_by_cpc.A47B2230/0022,1
counts_by_cpc.A47B2230/0029,1
counts_by_cpc.A47B2230/0033,1
counts_by_cpc.A47B2230/0037,12
counts_by_cpc.A47B2230/0044,2
counts_by_cpc.A47B2230/0062,7
counts_by_cpc.A47B2230/0066,3
counts_by_cpc.A47B2230/007,2
counts_by_cpc.A47B2230/0074,30
counts_by_cpc.A47B2230/0077,5
counts_by_cpc.A47B2230/0081,51
counts_by_cpc.A47B2230/0085,1
counts_by_cpc.A47B2230/0092,3
counts_by_cpc.A47B2230/0096,43
counts_by_cpc.A47B2230/01,29
counts_by_cpc.A47B2230/03,1
counts_by_cpc.A47B2230/05,3
counts_by_cpc.A47B2230/06,15
counts_by_cpc.A47B2230/07,10
counts_by_cpc.A47B2230/08,9
counts_by_cpc.A47B2230/13,4
counts_by_cpc.A47B2230/16,6
counts_by_cpc.A47B23/002,1
counts_by_cpc.A47B23/04,8
counts_by_cpc.A47B23/043,1
counts_by_cpc.A47B23/06,1
counts_by_cpc.A47B25/00,1
counts_by_cpc.A47B27/00,1
counts_by_cpc.A47B27/14,1
counts_by_cpc.A47B3/002,2
counts_by_cpc.A47B3/06,6
counts_by_cpc.A47B3/063,1
counts_by_cpc.A47B3/08,3
counts_by_cpc.A47B3/087,1
counts_by_cpc.A47B3/0912,1
counts_by_cpc.A47B31/00,3
counts_by_cpc.A47B31/04,1
counts_by_cpc.A47B33/00,15
counts_by_cpc.A47B37/00,77
counts_by_cpc.A47B37/04,1
counts_by_cpc.A47B39/04,1
counts_by_cpc.A47B41/00,2
counts_by_cpc.A47B43/00,13
counts_by_cpc.A47B43/003,1
counts_by_cpc.A47B43/02,1
counts_by_cpc.A47B43/04,2
counts_by_cpc.A47B45/00,4
counts_by_cpc.A47B46/00,1
counts_by_cpc.A47B47/00,40
counts_by_cpc.A47B47/0008,3
counts_by_cpc.A47B47/0016,3
counts_by_cpc.A47B47/0033,2
counts_by_cpc.A47B47/0041,23
counts_by_cpc.A47B47/005,1
counts_by_cpc.A47B47/0066,9
counts_by_cpc.A47B47/0075,15
counts_by_cpc.A47B47/0091,18
counts_by_cpc.A47B47/02,6
counts_by_cpc.A47B47/03,1
counts_by_cpc.A47B47/04,56
counts_by_cpc.A47B47/042,97
counts_by_cpc.A47B47/045,1
counts_by_cpc.A47B47/047,7
counts_by_cpc.A47B47/05,17
counts_by_cpc.A47B49/00,2
counts_by_cpc.A47B49/002,2
counts_by_cpc.A47B49/004,2
counts_by_cpc.A47B5/00,21
counts_by_cpc.A47B5/02,1
counts_by_cpc.A47B51/00,3
counts_by_cpc.A47B53/02,2
counts_by_cpc.A47B55/00,30
counts_by_cpc.A47B55/02,6
counts_by_cpc.A47B55/06,2
counts_by_cpc.A47B57/045,1
counts_by_cpc.A47B57/06,2
counts_by_cpc.A47B57/10,2
counts_by_cpc.A47B57/20,3
counts_by_cpc.A47B57/26,1
counts_by_cpc.A47B57/30,1
counts_by_cpc.A47B57/34,4
counts_by_cpc.A47B57/40,6
counts_by_cpc.A47B57/408,1
counts_by_cpc.A47B57/44,2
counts_by_cpc.A47B57/48,1
counts_by_cpc.A47B57/482,1
counts_by_cpc.A47B57/545,1
counts_by_cpc.A47B57/58,3
counts_by_cpc.A47B57/583,3
counts_by_cpc.A47B61/00,12
counts_by_cpc.A47B61/003,4
counts_by_cpc.A47B61/04,2
counts_by_cpc.A47B63/00,7
counts_by_cpc.A47B63/062,1
counts_by_cpc.A47B67/00,8
counts_by_cpc.A47B67/005,12
counts_by_cpc.A47B67/02,6
counts_by_cpc.A47B67/04,3
counts_by_cpc.A47B7/02,1
counts_by_cpc.A47B73/00,1
counts_by_cpc.A47B77/00,5
counts_by_cpc.A47B77/02,11
counts_by_cpc.A47B77/022,11
counts_by_cpc.A47B77/04,7
counts_by_cpc.A47B77/06,3
counts_by_cpc.A47B77/08,3
counts_by_cpc.A47B77/14,3
counts_by_cpc.A47B81/00,18
counts_by_cpc.A47B81/005,2
counts_by_cpc.A47B81/007,1
counts_by_cpc.A47B81/02,14
counts_by_cpc.A47B81/04,1
counts_by_cpc.A47B81/06,2
counts_by_cpc.A47B83/00,2
counts_by_cpc.A47B83/001,4
counts_by_cpc.A47B83/04,2
counts_by_cpc.A47B83/045,2
counts_by_cpc.A47B85/06,1
counts_by_cpc.A47B87/00,6
counts_by_cpc.A47B87/002,9
counts_by_cpc.A47B87/005,2
counts_by_cpc.A47B87/007,2
counts_by_cpc.A47B87/008,4
counts_by_cpc.A47B87/02,4
counts_by_cpc.A47B87/0292,1
counts_by_cpc.A47B88/00,3
counts_by_cpc.A47B88/40,5
counts_by_cpc.A47B88/453,3
counts_by_cpc.A47B88/457,1
counts_by_cpc.A47B88/477,4
counts_by_cpc.A47B88/493,1
counts_by_cpc.A47B88/50,1
counts_by_cpc.A47B88/90,5
counts_by_cpc.A47B88/913,8
counts_by_cpc.A47B88/919,1
counts_by_cpc.A47B88/931,3
counts_by_cpc.A47B88/941,12
counts_by_cpc.A47B88/9412,11
counts_by_cpc.A47B88/9416,2
counts_by_cpc.A47B88/95,1
counts_by_cpc.A47B88/988,1
counts_by_cpc.A47B88/994,1
counts_by_cpc.A47B9/00,14
counts_by_cpc.A47B9/04,1
counts_by_cpc.A47B9/08,1
counts_by_cpc.A47B9/10,8
counts_by_cpc.A47B9/12,8
counts_by_cpc.A47B9/14,2
counts_by_cpc.A47B9/16,2
counts_by_cpc.A47B9/18,8
counts_by_cpc.A47B9/20,2
counts_by_cpc.A47B91/00,3
counts_by_cpc.A47B91/02,1
counts_by_cpc.A47B91/024,5
counts_by_cpc.A47B91/06,3
counts_by_cpc.A47B95/00,29
counts_by_cpc.A47B95/002,4
counts_by_cpc.A47B95/008,42
counts_by_cpc.A47B95/02,9
counts_by_cpc.A47B95/04,8
counts_by_cpc.A47B95/043,15
counts_by_cpc.A47B96/00,34
counts_by_cpc.A47B96/02,7
counts_by_cpc.A47B96/021,10
counts_by_cpc.A47B96/022,4
counts_by_cpc.A47B96/024,3
counts_by_cpc.A47B96/025,3
counts_by_cpc.A47B96/027,5
counts_by_cpc.A47B96/028,3
counts_by_cpc.A47B96/04,3
counts_by_cpc.A47B96/06,40
counts_by_cpc.A47B96/061,24
counts_by_cpc.A47B96/063,1
counts_by_cpc.A47B96/066,2
counts_by_cpc.A47B96/067,9
counts_by_cpc.A47B96/068,4
counts_by_cpc.A47B96/07,7
counts_by_cpc.A47B96/14,9
counts_by_cpc.A47B96/1408,1
counts_by_cpc.A47B96/1416,4
counts_by_cpc.A47B96/1433,3
counts_by_cpc.A47B96/1458,1
counts_by_cpc.A47B96/18,1
counts_by_cpc.A47B96/20,111
counts_by_cpc.A47B96/201,156
counts_by_cpc.A47B96/202,65
counts_by_cpc.A47B96/205,117
counts_by_cpc.A47B96/206,77
counts_by_cpc.A47B97/00,36
counts_by_cpc.A47B97/001,7
counts_by_cpc.A47B97/04,2
counts_by_cpc.A47B97/06,8
counts_by_cpc.A47C1/11,4
counts_by_cpc.A47C12/00,1
counts_by_cpc.A47C15/004,1
counts_by_cpc.A47C16/00,1
counts_by_cpc.A47C16/02,1
counts_by_cpc.A47C17/213,1
counts_by_cpc.A47C17/46,20
counts_by_cpc.A47C17/48,1
counts_by_cpc.A47C17/52,1
counts_by_cpc.A47C17/62,1
counts_by_cpc.A47C17/86,20
counts_by_cpc.A47C19/005,3
counts_by_cpc.A47C19/021,24
counts_by_cpc.A47C19/022,3
counts_by_cpc.A47C19/024,1
counts_by_cpc.A47C19/025,20
counts_by_cpc.A47C21/022,1
counts_by_cpc.A47C21/042,1
counts_by_cpc.A47C27/082,1
counts_by_cpc.A47C27/083,1
counts_by_cpc.A47C27/10,1
counts_by_cpc.A47C31/00,3
counts_by_cpc.A47C31/001,20
counts_by_cpc.A47C31/007,3
counts_by_cpc.A47C31/02,2
counts_by_cpc.A47C31/023,2
counts_by_cpc.A47C4/021,2
counts_by_cpc.A47C4/04,1
counts_by_cpc.A47C5/12,21
counts_by_cpc.A47C5/14,1
counts_by_cpc.A47C7/002,1
counts_by_cpc.A47C7/008,1
counts_by_cpc.A47C7/16,1
counts_by_cpc.A47C7/185,1
counts_by_cpc.A47C7/282,1
counts_by_cpc.A47C7/383,1
counts_by_cpc.A47C7/40,3
counts_by_cpc.A47C7/402,1
counts_by_cpc.A47C7/465,1
counts_by_cpc.A47C7/546,4
counts_by_cpc.A47C7/62,5
counts_by_cpc.A47C7/622,1
counts_by_cpc.A47C7/624,4
counts_by_cpc.A47C7/748,1
counts_by_cpc.A47C9/002,1
counts_by_cpc.A47C9/10,1
counts_by_cpc.A47D1/008,5
counts_by_cpc.A47D1/0085,3
counts_by_cpc.A47D13/02,1
counts_by_cpc.A47D13/027,1
counts_by_cpc.A47D15/008,1
counts_by_cpc.A47D9/005,1
counts_by_cpc.A47D9/016,1
counts_by_cpc.A47F1/085,3
counts_by_cpc.A47F1/10,1
counts_by_cpc.A47F1/106,8
counts_by_cpc.A47F1/12,1
counts_by_cpc.A47F1/125,1
counts_by_cpc.A47F10/06,4
counts_by_cpc.A47F11/00,1
counts_by_cpc.A47F11/02,1
counts_by_cpc.A47F11/04,1
counts_by_cpc.A47F13/06,1
counts_by_cpc.A47F2010/065,1
counts_by_cpc.A47F3/001,2
counts_by_cpc.A47F3/004,2
counts_by_cpc.A47F3/005,3
counts_by_cpc.A47F3/0434,2
counts_by_cpc.A47F3/06,2
counts_by_cpc.A47F3/063,1
counts_by_cpc.A47F3/12,4
counts_by_cpc.A47F3/125,3
counts_by_cpc.A47F3/142,1
counts_by_cpc.A47F5/00,1
counts_by_cpc.A47F5/0006,1
counts_by_cpc.A47F5/0043,1
counts_by_cpc.A47F5/0093,1
counts_by_cpc.A47F5/04,5
counts_by_cpc.A47F5/08,42
counts_by_cpc.A47F5/0846,5
counts_by_cpc.A47F5/0853,1
counts_by_cpc.A47F5/0876,2
counts_by_cpc.A47F5/103,1
counts_by_cpc.A47F5/106,1
counts_by_cpc.A47F5/12,1
counts_by_cpc.A47F7/0028,5
counts_by_cpc.A47F7/0042,1
counts_by_cpc.A47F7/02,3
counts_by_cpc.A47F7/0246,2
counts_by_cpc.A47F7/065,1
counts_by_cpc.A47F7/22,4
counts_by_cpc.A47F7/28,4
counts_by_cpc.A47F9/00,1
counts_by_cpc.A47G1/00,3
counts_by_cpc.A47G1/02,8
counts_by_cpc.A47G1/06,6
counts_by_cpc.A47G1/0633,4
counts_by_cpc.A47G1/0638,4
counts_by_cpc.A47G1/10,2
counts_by_cpc.A47G1/16,54
counts_by_cpc.A47G1/1606,25
counts_by_cpc.A47G1/1613,5
counts_by_cpc.A47G1/162,11
counts_by_cpc.A47G1/1626,1
counts_by_cpc.A47G1/1633,23
counts_by_cpc.A47G1/1646,2
counts_by_cpc.A47G1/1653,1
counts_by_cpc.A47G1/166,1
counts_by_cpc.A47G1/168,4
counts_by_cpc.A47G1/1686,4
counts_by_cpc.A47G1/17,592
counts_by_cpc.A47G1/175,238
counts_by_cpc.A47G1/20,79
counts_by_cpc.A47G1/202,1
counts_by_cpc.A47G1/205,20
counts_by_cpc.A47G1/21,4
counts_by_cpc.A47G1/215,4
counts_by_cpc.A47G1/22,20
counts_by_cpc.A47G1/24,1
counts_by_cpc.A47G11/003,1
counts_by_cpc.A47G11/004,1
counts_by_cpc.A47G19/02,27
counts_by_cpc.A47G19/025,1
counts_by_cpc.A47G19/027,5
counts_by_cpc.A47G19/03,1
counts_by_cpc.A47G19/04,1
counts_by_cpc.A47G19/06,10
counts_by_cpc.A47G19/065,1
counts_by_cpc.A47G19/08,1
counts_by_cpc.A47G19/10,162
counts_by_cpc.A47G19/12,3
counts_by_cpc.A47G19/22,3
counts_by_cpc.A47G19/2205,36
counts_by_cpc.A47G19/2211,1
counts_by_cpc.A47G19/2222,4
counts_by_cpc.A47G19/2227,8
counts_by_cpc.A47G19/2255,8
counts_by_cpc.A47G19/2261,49
counts_by_cpc.A47G19/2266,4
counts_by_cpc.A47G19/2272,3
counts_by_cpc.A47G19/2288,1
counts_by_cpc.A47G19/23,5
counts_by_cpc.A47G19/28,1
counts_by_cpc.A47G19/30,4
counts_by_cpc.A47G2001/002,5
counts_by_cpc.A47G2001/005,1
counts_by_cpc.A47G2001/0677,1
counts_by_cpc.A47G2001/1693,3
counts_by_cpc.A47G2001/207,13
counts_by_cpc.A47G2007/003,1
counts_by_cpc.A47G2019/005,2
counts_by_cpc.A47G2019/122,2
counts_by_cpc.A47G2019/2238,2
counts_by_cpc.A47G2019/2244,2
counts_by_cpc.A47G2021/008,1
counts_by_cpc.A47G2023/0275,1
counts_by_cpc.A47G2023/0283,5
counts_by_cpc.A47G2023/0666,5
counts_by_cpc.A47G21/00,4
counts_by_cpc.A47G21/04,4
counts_by_cpc.A47G21/06,6
counts_by_cpc.A47G21/08,1
counts_by_cpc.A47G21/10,56
counts_by_cpc.A47G21/103,9
counts_by_cpc.A47G21/14,2
counts_by_cpc.A47G21/16,1
counts_by_cpc.A47G21/167,2
counts_by_cpc.A47G21/18,7
counts_by_cpc.A47G2200/02,1
counts_by_cpc.A47G2200/046,1
counts_by_cpc.A47G2200/066,1
counts_by_cpc.A47G2200/08,3
counts_by_cpc.A47G2200/10,1
counts_by_cpc.A47G2200/103,1
counts_by_cpc.A47G2200/106,35
counts_by_cpc.A47G2200/14,1
counts_by_cpc.A47G2200/143,1
counts_by_cpc.A47G2200/20,1
counts_by_cpc.A47G2200/223,3
counts_by_cpc.A47G23/02,6
counts_by_cpc.A47G23/0208,17
counts_by_cpc.A47G23/0216,40
counts_by_cpc.A47G23/0225,139
counts_by_cpc.A47G23/0233,2
counts_by_cpc.A47G23/0241,8
counts_by_cpc.A47G23/0266,2
counts_by_cpc.A47G23/03,13
counts_by_cpc.A47G23/0303,16
counts_by_cpc.A47G23/0306,4
counts_by_cpc.A47G23/0316,4
counts_by_cpc.A47G23/06,3
counts_by_cpc.A47G23/08,1
counts_by_cpc.A47G2400/02,2
counts_by_cpc.A47G2400/025,5
counts_by_cpc.A47G2400/045,1
counts_by_cpc.A47G2400/067,1
counts_by_cpc.A47G2400/08,9
counts_by_cpc.A47G2400/083,1
counts_by_cpc.A47G2400/086,2
counts_by_cpc.A47G2400/10,1
counts_by_cpc.A47G25/00,1
counts_by_cpc.A47G25/0607,35
counts_by_cpc.A47G25/0614,4
counts_by_cpc.A47G25/0635,16
counts_by_cpc.A47G25/0642,4
counts_by_cpc.A47G25/0678,3
counts_by_cpc.A47G25/08,2
counts_by_cpc.A47G25/10,1
counts_by_cpc.A47G25/12,11
counts_by_cpc.A47G25/14,1
counts_by_cpc.A47G25/32,7
counts_by_cpc.A47G27/025,1
counts_by_cpc.A47G27/0418,1
counts_by_cpc.A47G29/00,6
counts_by_cpc.A47G29/08,76
counts_by_cpc.A47G29/083,2
counts_by_cpc.A47G29/087,149
counts_by_cpc.A47G29/093,85
counts_by_cpc.A47G29/10,9
counts_by_cpc.A47G33/004,1
counts_by_cpc.A47G33/105,1
counts_by_cpc.A47G7/006,1
counts_by_cpc.A47G7/02,18
counts_by_cpc.A47G7/025,1
counts_by_cpc.A47G7/03,1
counts_by_cpc.A47G7/041,1
counts_by_cpc.A47G7/044,4
counts_by_cpc.A47G7/047,3
counts_by_cpc.A47G7/06,1
counts_by_cpc.A47G7/07,1
counts_by_cpc.A47G9/007,2
counts_by_cpc.A47G9/0253,2
counts_by_cpc.A47G9/1009,1
counts_by_cpc.A47G9/1027,1
counts_by_cpc.A47G9/1045,1
counts_by_cpc.A47H1/00,2
counts_by_cpc.A47H1/022,1
counts_by_cpc.A47H1/14,1
counts_by_cpc.A47H1/142,3
counts_by_cpc.A47H1/18,3
counts_by_cpc.A47H13/00,2
counts_by_cpc.A47H13/04,3
counts_by_cpc.A47H2201/01,2
counts_by_cpc.A47H2201/02,2
counts_by_cpc.A47H23/00,2
counts_by_cpc.A47J19/02,1
counts_by_cpc.A47J19/027,1
counts_by_cpc.A47J2037/0795,1
counts_by_cpc.A47J2043/04454,18
counts_by_cpc.A47J2043/04463,17
counts_by_cpc.A47J2043/0738,1
counts_by_cpc.A47J27/004,1
counts_by_cpc.A47J29/06,19
counts_by_cpc.A47J31/00,2
counts_by_cpc.A47J31/002,1
counts_by_cpc.A47J31/005,2
counts_by_cpc.A47J31/0573,3
counts_by_cpc.A47J31/0673,1
counts_by_cpc.A47J31/22,1
counts_by_cpc.A47J31/303,1
counts_by_cpc.A47J31/3614,1
counts_by_cpc.A47J31/3619,1
counts_by_cpc.A47J31/3695,1
counts_by_cpc.A47J31/38,1
counts_by_cpc.A47J31/407,1
counts_by_cpc.A47J31/44,3
counts_by_cpc.A47J31/461,1
counts_by_cpc.A47J31/469,1
counts_by_cpc.A47J31/52,1
counts_by_cpc.A47J31/521,1
counts_by_cpc.A47J36/32,1
counts_by_cpc.A47J36/34,29
counts_by_cpc.A47J36/36,1
counts_by_cpc.A47J37/0694,1
counts_by_cpc.A47J37/0786,1
counts_by_cpc.A47J41/005,1
counts_by_cpc.A47J42/38,1
counts_by_cpc.A47J43/00,2
counts_by_cpc.A47J43/04,2
counts_by_cpc.A47J43/042,1
counts_by_cpc.A47J43/044,1
counts_by_cpc.A47J43/046,4
counts_by_cpc.A47J43/06,1
counts_by_cpc.A47J43/07,3
counts_by_cpc.A47J43/0705,18
counts_by_cpc.A47J43/0716,26
counts_by_cpc.A47J43/0722,19
counts_by_cpc.A47J43/0727,17
counts_by_cpc.A47J43/085,1
counts_by_cpc.A47J43/1012,1
counts_by_cpc.A47J43/145,1
counts_by_cpc.A47J43/18,3
counts_by_cpc.A47J43/24,2
counts_by_cpc.A47J43/25,2
counts_by_cpc.A47J43/255,3
counts_by_cpc.A47J43/28,2
counts_by_cpc.A47J43/283,20
counts_by_cpc.A47J43/287,1
counts_by_cpc.A47J43/288,5
counts_by_cpc.A47J44/00,2
counts_by_cpc.A47J45/00,18
counts_by_cpc.A47J45/02,175
counts_by_cpc.A47J45/10,4
counts_by_cpc.A47J47/00,27
counts_by_cpc.A47J47/005,3
counts_by_cpc.A47J47/02,1
counts_by_cpc.A47J47/16,36
counts_by_cpc.A47J47/20,12
counts_by_cpc.A47K1/02,9
counts_by_cpc.A47K1/06,1
counts_by_cpc.A47K1/08,2
counts_by_cpc.A47K1/09,227
counts_by_cpc.A47K1/14,1
counts_by_cpc.A47K10/025,2
counts_by_cpc.A47K10/04,9
counts_by_cpc.A47K10/06,5
counts_by_cpc.A47K10/08,5
counts_by_cpc.A47K10/10,58
counts_by_cpc.A47K10/12,24
counts_by_cpc.A47K10/14,9
counts_by_cpc.A47K10/18,12
counts_by_cpc.A47K10/32,9
counts_by_cpc.A47K10/38,1
counts_by_cpc.A47K10/3836,1
counts_by_cpc.A47K11/02,1
counts_by_cpc.A47K11/10,1
counts_by_cpc.A47K11/12,1
counts_by_cpc.A47K17/00,2
counts_by_cpc.A47K17/022,22
counts_by_cpc.A47K17/024,4
counts_by_cpc.A47K2005/1218,4
counts_by_cpc.A47K2010/3233,8
counts_by_cpc.A47K2010/324,1
counts_by_cpc.A47K2201/00,47
counts_by_cpc.A47K2201/02,112
counts_by_cpc.A47K2201/025,10
counts_by_cpc.A47K3/001,8
counts_by_cpc.A47K3/002,1
counts_by_cpc.A47K3/003,11
counts_by_cpc.A47K3/004,2
counts_by_cpc.A47K3/006,1
counts_by_cpc.A47K3/008,21
counts_by_cpc.A47K3/064,1
counts_by_cpc.A47K3/08,1
counts_by_cpc.A47K3/28,1
counts_by_cpc.A47K3/281,14
counts_by_cpc.A47K3/288,1
counts_by_cpc.A47K3/302,1
counts_by_cpc.A47K3/38,7
counts_by_cpc.A47K5/00,8
counts_by_cpc.A47K5/02,31
counts_by_cpc.A47K5/04,32
counts_by_cpc.A47K5/05,2
counts_by_cpc.A47K5/12,12
counts_by_cpc.A47K5/122,6
counts_by_cpc.A47K5/13,1
counts_by_cpc.A47K5/18,31
counts_by_cpc.A47K7/02,1
counts_by_cpc.A47L1/02,5
counts_by_cpc.A47L1/06,1
counts_by_cpc.A47L11/162,1
counts_by_cpc.A47L11/164,2
counts_by_cpc.A47L11/20,1
counts_by_cpc.A47L11/24,1
counts_by_cpc.A47L11/283,2
counts_by_cpc.A47L11/34,1
counts_by_cpc.A47L11/4005,2
counts_by_cpc.A47L11/4008,2
counts_by_cpc.A47L11/4011,2
counts_by_cpc.A47L11/4036,1
counts_by_cpc.A47L11/4038,1
counts_by_cpc.A47L11/4044,1
counts_by_cpc.A47L11/4052,1
counts_by_cpc.A47L11/4055,1
counts_by_cpc.A47L11/4061,1
counts_by_cpc.A47L11/4069,1
counts_by_cpc.A47L11/4075,2
counts_by_cpc.A47L11/4083,2
counts_by_cpc.A47L11/4086,1
counts_by_cpc.A47L11/4088,2
counts_by_cpc.A47L11/4094,1
counts_by_cpc.A47L13/022,1
counts_by_cpc.A47L13/08,1
counts_by_cpc.A47L13/16,1
counts_by_cpc.A47L13/24,1
counts_by_cpc.A47L13/51,11
counts_by_cpc.A47L13/512,25
counts_by_cpc.A47L13/52,5
counts_by_cpc.A47L15/00,10
counts_by_cpc.A47L15/0007,1
counts_by_cpc.A47L15/0018,10
counts_by_cpc.A47L15/0026,1
counts_by_cpc.A47L15/0028,1
counts_by_cpc.A47L15/0034,1
counts_by_cpc.A47L15/0044,1
counts_by_cpc.A47L15/0047,1
counts_by_cpc.A47L15/0076,4
counts_by_cpc.A47L15/0086,10
counts_by_cpc.A47L15/0097,12
counts_by_cpc.A47L15/24,1
counts_by_cpc.A47L15/247,1
counts_by_cpc.A47L15/34,10
counts_by_cpc.A47L15/42,3
counts_by_cpc.A47L15/4251,10
counts_by_cpc.A47L15/4257,1
counts_by_cpc.A47L15/4261,10
counts_by_cpc.A47L15/4263,10
counts_by_cpc.A47L15/4265,1
counts_by_cpc.A47L15/4287,1
counts_by_cpc.A47L15/4293,4
counts_by_cpc.A47L15/4295,3
counts_by_cpc.A47L15/4445,1
counts_by_cpc.A47L15/48,2
counts_by_cpc.A47L15/486,1
counts_by_cpc.A47L15/50,11
counts_by_cpc.A47L15/501,2
counts_by_cpc.A47L15/505,3
counts_by_cpc.A47L15/507,1
counts_by_cpc.A47L17/00,2
counts_by_cpc.A47L17/04,1
counts_by_cpc.A47L17/08,1
counts_by_cpc.A47L19/00,3
counts_by_cpc.A47L19/04,1
counts_by_cpc.A47L2201/00,6
counts_by_cpc.A47L23/02,1
counts_by_cpc.A47L23/205,1
counts_by_cpc.A47L23/263,1
counts_by_cpc.A47L23/266,1
counts_by_cpc.A47L2301/04,1
counts_by_cpc.A47L2401/04,13
counts_by_cpc.A47L2401/18,1
counts_by_cpc.A47L2401/26,1
counts_by_cpc.A47L2501/11,1
counts_by_cpc.A47L2501/12,1
counts_by_cpc.A47L2501/30,1
counts_by_cpc.A47L2501/36,10
counts_by_cpc.A47L5/14,1
counts_by_cpc.A47L5/225,1
counts_by_cpc.A47L5/24,1
counts_by_cpc.A47L7/0066,1
counts_by_cpc.A47L7/009,1
counts_by_cpc.A47L9/0063,1
counts_by_cpc.A47L9/009,1
counts_by_cpc.A47L9/02,3
counts_by_cpc.A47L9/102,1
counts_by_cpc.A47L9/149,1
counts_by_cpc.A47L9/24,1
counts_by_cpc.A47L9/2805,1
counts_by_cpc.A47L9/2836,1
counts_by_cpc.A47L9/2852,1
counts_by_cpc.A47L9/2857,1
counts_by_cpc.A47L9/2884,1
counts_by_cpc.A61B1/00006,2
counts_by_cpc.A61B1/00009,1
counts_by_cpc.A61B1/000094,2
counts_by_cpc.A61B1/000096,2
counts_by_cpc.A61B1/00016,1
counts_by_cpc.A61B1/00029,1
counts_by_cpc.A61B1/00032,1
counts_by_cpc.A61B1/00036,1
counts_by_cpc.A61B1/00042,1
counts_by_cpc.A61B1/00045,2
counts_by_cpc.A61B1/0005,1
counts_by_cpc.A61B1/00055,2
counts_by_cpc.A61B1/00066,2
counts_by_cpc.A61B1/00071,1
counts_by_cpc.A61B1/00082,2
counts_by_cpc.A61B1/00096,1
counts_by_cpc.A61B1/00097,1
counts_by_cpc.A61B1/00117,1
counts_by_cpc.A61B1/00126,2
counts_by_cpc.A61B1/00186,1
counts_by_cpc.A61B1/0052,1
counts_by_cpc.A61B1/0057,1
counts_by_cpc.A61B1/008,1
counts_by_cpc.A61B1/0125,1
counts_by_cpc.A61B1/018,3
counts_by_cpc.A61B1/043,1
counts_by_cpc.A61B1/05,1
counts_by_cpc.A61B1/051,1
counts_by_cpc.A61B1/06,1
counts_by_cpc.A61B1/063,1
counts_by_cpc.A61B1/0638,2
counts_by_cpc.A61B1/0655,3
counts_by_cpc.A61B1/0669,1
counts_by_cpc.A61B1/07,2
counts_by_cpc.A61B1/122,1
counts_by_cpc.A61B1/125,1
counts_by_cpc.A61B1/126,1
counts_by_cpc.A61B1/127,1
counts_by_cpc.A61B1/128,1
counts_by_cpc.A61B1/24,2
counts_by_cpc.A61B1/2676,2
counts_by_cpc.A61B1/273,1
counts_by_cpc.A61B1/31,1
counts_by_cpc.A61B10/00,36
counts_by_cpc.A61B10/0045,1
counts_by_cpc.A61B10/025,1
counts_by_cpc.A61B10/0266,1
counts_by_cpc.A61B10/04,1
counts_by_cpc.A61B17/00,1
counts_by_cpc.A61B17/00234,5
counts_by_cpc.A61B17/025,1
counts_by_cpc.A61B17/0401,1
counts_by_cpc.A61B17/06166,1
counts_by_cpc.A61B17/0642,1
counts_by_cpc.A61B17/1128,1
counts_by_cpc.A61B17/12009,2
counts_by_cpc.A61B17/12031,1
counts_by_cpc.A61B17/12045,1
counts_by_cpc.A61B17/12122,1
counts_by_cpc.A61B17/12136,1
counts_by_cpc.A61B17/12145,1
counts_by_cpc.A61B17/12172,1
counts_by_cpc.A61B17/1227,1
counts_by_cpc.A61B17/142,1
counts_by_cpc.A61B17/149,1
counts_by_cpc.A61B17/15,1
counts_by_cpc.A61B17/154,1
counts_by_cpc.A61B17/155,1
counts_by_cpc.A61B17/1608,1
counts_by_cpc.A61B17/1635,1
counts_by_cpc.A61B17/1655,1
counts_by_cpc.A61B17/1684,2
counts_by_cpc.A61B17/17,3
counts_by_cpc.A61B17/1778,2
counts_by_cpc.A61B17/22022,1
counts_by_cpc.A61B17/22031,1
counts_by_cpc.A61B17/221,2
counts_by_cpc.A61B17/2251,1
counts_by_cpc.A61B17/28,1
counts_by_cpc.A61B17/2812,3
counts_by_cpc.A61B17/29,1
counts_by_cpc.A61B17/2909,2
counts_by_cpc.A61B17/295,1
counts_by_cpc.A61B17/30,9
counts_by_cpc.A61B17/320068,3
counts_by_cpc.A61B17/3201,1
counts_by_cpc.A61B17/3207,1
counts_by_cpc.A61B17/320758,1
counts_by_cpc.A61B17/322,1
counts_by_cpc.A61B17/3401,1
counts_by_cpc.A61B17/3403,1
counts_by_cpc.A61B17/3421,1
counts_by_cpc.A61B17/3468,3
counts_by_cpc.A61B17/3472,1
counts_by_cpc.A61B17/3478,1
counts_by_cpc.A61B17/43,1
counts_by_cpc.A61B17/442,1
counts_by_cpc.A61B17/56,1
counts_by_cpc.A61B17/645,1
counts_by_cpc.A61B17/6458,1
counts_by_cpc.A61B17/7011,1
counts_by_cpc.A61B17/7032,1
counts_by_cpc.A61B17/7037,1
counts_by_cpc.A61B17/7052,1
counts_by_cpc.A61B17/7074,4
counts_by_cpc.A61B17/7082,1
counts_by_cpc.A61B17/7086,1
counts_by_cpc.A61B17/8052,1
counts_by_cpc.A61B17/8061,1
counts_by_cpc.A61B17/8085,1
counts_by_cpc.A61B17/86,1
counts_by_cpc.A61B17/88,1
counts_by_cpc.A61B17/8822,1
counts_by_cpc.A61B17/8833,1
counts_by_cpc.A61B17/8866,1
counts_by_cpc.A61B17/8875,1
counts_by_cpc.A61B18/02,2
counts_by_cpc.A61B18/082,1
counts_by_cpc.A61B18/1206,1
counts_by_cpc.A61B18/14,1
counts_by_cpc.A61B18/1402,1
counts_by_cpc.A61B18/1445,1
counts_by_cpc.A61B18/1447,1
counts_by_cpc.A61B18/1492,5
counts_by_cpc.A61B18/24,1
counts_by_cpc.A61B2010/0077,1
counts_by_cpc.A61B2010/0083,1
counts_by_cpc.A61B2010/0208,1
counts_by_cpc.A61B2010/0258,1
counts_by_cpc.A61B2017/00079,1
counts_by_cpc.A61B2017/00106,1
counts_by_cpc.A61B2017/00123,1
counts_by_cpc.A61B2017/00128,1
counts_by_cpc.A61B2017/0019,1
counts_by_cpc.A61B2017/00238,1
counts_by_cpc.A61B2017/00243,1
counts_by_cpc.A61B2017/00292,2
counts_by_cpc.A61B2017/00305,1
counts_by_cpc.A61B2017/00314,1
counts_by_cpc.A61B2017/00318,1
counts_by_cpc.A61B2017/00367,3
counts_by_cpc.A61B2017/00398,2
counts_by_cpc.A61B2017/00464,1
counts_by_cpc.A61B2017/00477,2
counts_by_cpc.A61B2017/00526,2
counts_by_cpc.A61B2017/00632,1
counts_by_cpc.A61B2017/0065,1
counts_by_cpc.A61B2017/00725,1
counts_by_cpc.A61B2017/0073,9
counts_by_cpc.A61B2017/00734,1
counts_by_cpc.A61B2017/00831,1
counts_by_cpc.A61B2017/00862,11
counts_by_cpc.A61B2017/00867,4
counts_by_cpc.A61B2017/00907,1
counts_by_cpc.A61B2017/00991,1
counts_by_cpc.A61B2017/0268,2
counts_by_cpc.A61B2017/0414,1
counts_by_cpc.A61B2017/1107,1
counts_by_cpc.A61B2017/1139,1
counts_by_cpc.A61B2017/12004,1
counts_by_cpc.A61B2017/12054,1
counts_by_cpc.A61B2017/12095,1
counts_by_cpc.A61B2017/22008,1
counts_by_cpc.A61B2017/22025,1
counts_by_cpc.A61B2017/22034,1
counts_by_cpc.A61B2017/22038,1
counts_by_cpc.A61B2017/22079,1
counts_by_cpc.A61B2017/2215,1
counts_by_cpc.A61B2017/2901,1
counts_by_cpc.A61B2017/2903,2
counts_by_cpc.A61B2017/2925,1
counts_by_cpc.A61B2017/2926,1
counts_by_cpc.A61B2017/2927,1
counts_by_cpc.A61B2017/2933,1
counts_by_cpc.A61B2017/2946,3
counts_by_cpc.A61B2017/2947,1
counts_by_cpc.A61B2017/306,2
counts_by_cpc.A61B2017/308,9
counts_by_cpc.A61B2017/320064,1
counts_by_cpc.A61B2017/320089,1
counts_by_cpc.A61B2017/3225,1
counts_by_cpc.A61B2017/3405,1
counts_by_cpc.A61B2017/3407,1
counts_by_cpc.A61B2017/3413,1
counts_by_cpc.A61B2017/564,2
counts_by_cpc.A61B2017/568,2
counts_by_cpc.A61B2018/00029,1
counts_by_cpc.A61B2018/00083,1
counts_by_cpc.A61B2018/0016,1
counts_by_cpc.A61B2018/00172,1
counts_by_cpc.A61B2018/00184,1
counts_by_cpc.A61B2018/00196,1
counts_by_cpc.A61B2018/0022,1
counts_by_cpc.A61B2018/00267,2
counts_by_cpc.A61B2018/00345,1
counts_by_cpc.A61B2018/00351,2
counts_by_cpc.A61B2018/00357,1
counts_by_cpc.A61B2018/00404,1
counts_by_cpc.A61B2018/0041,1
counts_by_cpc.A61B2018/00434,1
counts_by_cpc.A61B2018/00511,1
counts_by_cpc.A61B2018/00541,2
counts_by_cpc.A61B2018/00577,4
counts_by_cpc.A61B2018/00601,1
counts_by_cpc.A61B2018/00702,3
counts_by_cpc.A61B2018/00744,1
counts_by_cpc.A61B2018/00761,1
counts_by_cpc.A61B2018/00791,3
counts_by_cpc.A61B2018/00803,1
counts_by_cpc.A61B2018/00839,1
counts_by_cpc.A61B2018/00875,2
counts_by_cpc.A61B2018/00892,1
counts_by_cpc.A61B2018/00952,1
counts_by_cpc.A61B2018/0212,1
counts_by_cpc.A61B2018/126,1
counts_by_cpc.A61B2018/1407,2
counts_by_cpc.A61B2018/142,1
counts_by_cpc.A61B2018/1455,1
counts_by_cpc.A61B2018/1467,1
counts_by_cpc.A61B2018/1475,1
counts_by_cpc.A61B2018/1495,1
counts_by_cpc.A61B2034/104,1
counts_by_cpc.A61B2034/105,5
counts_by_cpc.A61B2034/107,5
counts_by_cpc.A61B2034/108,1
counts_by_cpc.A61B2034/2046,1
counts_by_cpc.A61B2034/2051,3
counts_by_cpc.A61B2034/2055,4
counts_by_cpc.A61B2034/2061,1
counts_by_cpc.A61B2034/2065,3
counts_by_cpc.A61B2034/2068,3
counts_by_cpc.A61B2034/2072,3
counts_by_cpc.A61B2034/256,1
counts_by_cpc.A61B2034/301,2
counts_by_cpc.A61B2034/305,1
counts_by_cpc.A61B2034/731,1
counts_by_cpc.A61B2090/034,1
counts_by_cpc.A61B2090/036,1
counts_by_cpc.A61B2090/061,1
counts_by_cpc.A61B2090/062,1
counts_by_cpc.A61B2090/064,2
counts_by_cpc.A61B2090/066,1
counts_by_cpc.A61B2090/0811,1
counts_by_cpc.A61B2090/306,1
counts_by_cpc.A61B2090/309,1
counts_by_cpc.A61B2090/363,2
counts_by_cpc.A61B2090/364,2
counts_by_cpc.A61B2090/365,2
counts_by_cpc.A61B2090/366,1
counts_by_cpc.A61B2090/376,1
counts_by_cpc.A61B2090/3764,1
counts_by_cpc.A61B2090/3929,2
counts_by_cpc.A61B2090/3945,2
counts_by_cpc.A61B2090/3954,2
counts_by_cpc.A61B2090/3966,2
counts_by_cpc.A61B2090/3979,2
counts_by_cpc.A61B2090/3983,2
counts_by_cpc.A61B2090/5025,1
counts_by_cpc.A61B2090/506,1
counts_by_cpc.A61B2090/508,2
counts_by_cpc.A61B2090/571,1
counts_by_cpc.A61B2090/701,1
counts_by_cpc.A61B2217/005,2
counts_by_cpc.A61B2217/007,1
counts_by_cpc.A61B2218/002,2
counts_by_cpc.A61B2218/008,1
counts_by_cpc.A61B2503/40,37
counts_by_cpc.A61B2560/0209,2
counts_by_cpc.A61B2560/0214,2
counts_by_cpc.A61B2560/0219,1
counts_by_cpc.A61B2560/0223,3
counts_by_cpc.A61B2560/0242,1
counts_by_cpc.A61B2560/0285,1
counts_by_cpc.A61B2560/0406,1
counts_by_cpc.A61B2560/0412,1
counts_by_cpc.A61B2560/0443,1
counts_by_cpc.A61B2560/0462,1
counts_by_cpc.A61B2560/0468,2
counts_by_cpc.A61B2560/0487,1
counts_by_cpc.A61B2560/063,2
counts_by_cpc.A61B2562/0215,1
counts_by_cpc.A61B2562/0219,5
counts_by_cpc.A61B2562/0223,2
counts_by_cpc.A61B2562/0247,2
counts_by_cpc.A61B2562/0252,1
counts_by_cpc.A61B2562/0271,1
counts_by_cpc.A61B2562/028,2
counts_by_cpc.A61B2562/0285,1
counts_by_cpc.A61B2562/0295,1
counts_by_cpc.A61B2562/04,2
counts_by_cpc.A61B2562/046,2
counts_by_cpc.A61B2562/06,1
counts_by_cpc.A61B2562/125,2
counts_by_cpc.A61B2562/16,1
counts_by_cpc.A61B2562/162,1
counts_by_cpc.A61B2562/166,1
counts_by_cpc.A61B2562/182,1
counts_by_cpc.A61B2576/00,35
counts_by_cpc.A61B3/0025,1
counts_by_cpc.A61B3/0058,1
counts_by_cpc.A61B3/102,1
counts_by_cpc.A61B3/113,2
counts_by_cpc.A61B3/14,1
counts_by_cpc.A61B34/10,5
counts_by_cpc.A61B34/20,8
counts_by_cpc.A61B34/25,5
counts_by_cpc.A61B34/30,3
counts_by_cpc.A61B34/32,2
counts_by_cpc.A61B34/35,1
counts_by_cpc.A61B34/37,1
counts_by_cpc.A61B34/70,1
counts_by_cpc.A61B34/71,1
counts_by_cpc.A61B34/73,1
counts_by_cpc.A61B34/74,1
counts_by_cpc.A61B34/76,1
counts_by_cpc.A61B5/0006,5
counts_by_cpc.A61B5/002,1
counts_by_cpc.A61B5/0022,6
counts_by_cpc.A61B5/0031,1
counts_by_cpc.A61B5/0033,35
counts_by_cpc.A61B5/0035,1
counts_by_cpc.A61B5/0036,36
counts_by_cpc.A61B5/0048,1
counts_by_cpc.A61B5/0062,1
counts_by_cpc.A61B5/0064,2
counts_by_cpc.A61B5/0066,1
counts_by_cpc.A61B5/0071,1
counts_by_cpc.A61B5/0073,2
counts_by_cpc.A61B5/0077,36
counts_by_cpc.A61B5/0084,1
counts_by_cpc.A61B5/0088,1
counts_by_cpc.A61B5/02007,2
counts_by_cpc.A61B5/02035,1
counts_by_cpc.A61B5/0205,6
counts_by_cpc.A61B5/02055,2
counts_by_cpc.A61B5/021,1
counts_by_cpc.A61B5/02125,1
counts_by_cpc.A61B5/02225,1
counts_by_cpc.A61B5/02241,1
counts_by_cpc.A61B5/02255,1
counts_by_cpc.A61B5/0235,1
counts_by_cpc.A61B5/024,2
counts_by_cpc.A61B5/02416,3
counts_by_cpc.A61B5/02427,1
counts_by_cpc.A61B5/02438,2
counts_by_cpc.A61B5/0265,1
counts_by_cpc.A61B5/0295,1
counts_by_cpc.A61B5/0507,1
counts_by_cpc.A61B5/053,1
counts_by_cpc.A61B5/0531,1
counts_by_cpc.A61B5/0537,1
counts_by_cpc.A61B5/055,5
counts_by_cpc.A61B5/06,2
counts_by_cpc.A61B5/062,1
counts_by_cpc.A61B5/064,1
counts_by_cpc.A61B5/073,1
counts_by_cpc.A61B5/0816,2
counts_by_cpc.A61B5/082,1
counts_by_cpc.A61B5/0836,1
counts_by_cpc.A61B5/087,1
counts_by_cpc.A61B5/091,1
counts_by_cpc.A61B5/1038,1
counts_by_cpc.A61B5/1072,1
counts_by_cpc.A61B5/1077,3
counts_by_cpc.A61B5/1079,1
counts_by_cpc.A61B5/1102,1
counts_by_cpc.A61B5/1116,1
counts_by_cpc.A61B5/1121,1
counts_by_cpc.A61B5/117,1
counts_by_cpc.A61B5/145,1
counts_by_cpc.A61B5/14503,3
counts_by_cpc.A61B5/14507,1
counts_by_cpc.A61B5/1451,2
counts_by_cpc.A61B5/14532,5
counts_by_cpc.A61B5/14546,6
counts_by_cpc.A61B5/14551,1
counts_by_cpc.A61B5/14552,1
counts_by_cpc.A61B5/1459,1
counts_by_cpc.A61B5/1473,1
counts_by_cpc.A61B5/14735,1
counts_by_cpc.A61B5/1477,2
counts_by_cpc.A61B5/14865,2
counts_by_cpc.A61B5/1495,1
counts_by_cpc.A61B5/15,1
counts_by_cpc.A61B5/15003,1
counts_by_cpc.A61B5/150221,1
counts_by_cpc.A61B5/150259,1
counts_by_cpc.A61B5/150267,1
counts_by_cpc.A61B5/150396,1
counts_by_cpc.A61B5/150511,1
counts_by_cpc.A61B5/150526,1
counts_by_cpc.A61B5/150572,1
counts_by_cpc.A61B5/150717,1
counts_by_cpc.A61B5/150946,1
counts_by_cpc.A61B5/150992,1
counts_by_cpc.A61B5/154,1
counts_by_cpc.A61B5/155,1
counts_by_cpc.A61B5/165,7
counts_by_cpc.A61B5/208,1
counts_by_cpc.A61B5/24,2
counts_by_cpc.A61B5/245,1
counts_by_cpc.A61B5/252,7
counts_by_cpc.A61B5/256,1
counts_by_cpc.A61B5/259,2
counts_by_cpc.A61B5/28,2
counts_by_cpc.A61B5/282,3
counts_by_cpc.A61B5/287,2
counts_by_cpc.A61B5/291,3
counts_by_cpc.A61B5/296,1
counts_by_cpc.A61B5/30,2
counts_by_cpc.A61B5/305,1
counts_by_cpc.A61B5/31,1
counts_by_cpc.A61B5/311,1
counts_by_cpc.A61B5/316,1
counts_by_cpc.A61B5/318,1
counts_by_cpc.A61B5/33,1
counts_by_cpc.A61B5/332,1
counts_by_cpc.A61B5/335,1
counts_by_cpc.A61B5/349,2
counts_by_cpc.A61B5/352,1
counts_by_cpc.A61B5/353,1
counts_by_cpc.A61B5/361,1
counts_by_cpc.A61B5/364,1
counts_by_cpc.A61B5/366,1
counts_by_cpc.A61B5/369,1
counts_by_cpc.A61B5/372,1
counts_by_cpc.A61B5/375,1
counts_by_cpc.A61B5/378,1
counts_by_cpc.A61B5/384,1
counts_by_cpc.A61B5/388,1
counts_by_cpc.A61B5/389,1
counts_by_cpc.A61B5/4088,2
counts_by_cpc.A61B5/4094,1
counts_by_cpc.A61B5/418,1
counts_by_cpc.A61B5/43,35
counts_by_cpc.A61B5/4362,2
counts_by_cpc.A61B5/4542,1
counts_by_cpc.A61B5/4585,2
counts_by_cpc.A61B5/4803,1
counts_by_cpc.A61B5/4836,1
counts_by_cpc.A61B5/4839,1
counts_by_cpc.A61B5/4842,1
counts_by_cpc.A61B5/486,1
counts_by_cpc.A61B5/4863,1
counts_by_cpc.A61B5/6802,2
counts_by_cpc.A61B5/6803,2
counts_by_cpc.A61B5/6807,1
counts_by_cpc.A61B5/681,1
counts_by_cpc.A61B5/6815,1
counts_by_cpc.A61B5/6817,1
counts_by_cpc.A61B5/6823,1
counts_by_cpc.A61B5/6828,1
counts_by_cpc.A61B5/6829,1
counts_by_cpc.A61B5/6832,1
counts_by_cpc.A61B5/6833,2
counts_by_cpc.A61B5/68335,1
counts_by_cpc.A61B5/6843,2
counts_by_cpc.A61B5/685,1
counts_by_cpc.A61B5/6851,1
counts_by_cpc.A61B5/6852,1
counts_by_cpc.A61B5/6858,1
counts_by_cpc.A61B5/6861,1
counts_by_cpc.A61B5/6867,1
counts_by_cpc.A61B5/6871,1
counts_by_cpc.A61B5/6885,2
counts_by_cpc.A61B5/6886,1
counts_by_cpc.A61B5/6888,1
counts_by_cpc.A61B5/6893,1
counts_by_cpc.A61B5/70,35
counts_by_cpc.A61B5/704,35
counts_by_cpc.A61B5/7203,1
counts_by_cpc.A61B5/7207,3
counts_by_cpc.A61B5/7214,1
counts_by_cpc.A61B5/7221,1
counts_by_cpc.A61B5/7225,3
counts_by_cpc.A61B5/7235,1
counts_by_cpc.A61B5/7239,1
counts_by_cpc.A61B5/725,1
counts_by_cpc.A61B5/7264,2
counts_by_cpc.A61B5/7267,1
counts_by_cpc.A61B5/7275,2
counts_by_cpc.A61B5/7278,2
counts_by_cpc.A61B5/7282,37
counts_by_cpc.A61B5/742,5
counts_by_cpc.A61B5/744,1
counts_by_cpc.A61B5/7455,1
counts_by_cpc.A61B5/746,1
counts_by_cpc.A61B50/10,1
counts_by_cpc.A61B50/13,3
counts_by_cpc.A61B50/15,1
counts_by_cpc.A61B50/20,1
counts_by_cpc.A61B50/33,1
counts_by_cpc.A61B6/03,1
counts_by_cpc.A61B6/032,1
counts_by_cpc.A61B6/035,1
counts_by_cpc.A61B6/0421,1
counts_by_cpc.A61B6/0492,1
counts_by_cpc.A61B6/12,3
counts_by_cpc.A61B6/4241,1
counts_by_cpc.A61B6/4441,2
counts_by_cpc.A61B6/4452,1
counts_by_cpc.A61B6/463,1
counts_by_cpc.A61B6/465,1
counts_by_cpc.A61B6/469,1
counts_by_cpc.A61B6/481,1
counts_by_cpc.A61B6/486,1
counts_by_cpc.A61B6/501,2
counts_by_cpc.A61B6/504,2
counts_by_cpc.A61B6/52,1
counts_by_cpc.A61B6/5205,1
counts_by_cpc.A61B6/5217,1
counts_by_cpc.A61B6/5223,1
counts_by_cpc.A61B6/5235,2
counts_by_cpc.A61B6/5247,1
counts_by_cpc.A61B6/5282,1
counts_by_cpc.A61B6/547,1
counts_by_cpc.A61B7/04,2
counts_by_cpc.A61B8/00,2
counts_by_cpc.A61B8/06,1
counts_by_cpc.A61B8/08,1
counts_by_cpc.A61B8/0841,1
counts_by_cpc.A61B8/085,1
counts_by_cpc.A61B8/0883,1
counts_by_cpc.A61B8/0891,3
counts_by_cpc.A61B8/12,5
counts_by_cpc.A61B8/145,1
counts_by_cpc.A61B8/4227,2
counts_by_cpc.A61B8/4245,1
counts_by_cpc.A61B8/4416,1
counts_by_cpc.A61B8/445,2
counts_by_cpc.A61B8/4455,1
counts_by_cpc.A61B8/4483,2
counts_by_cpc.A61B8/4494,2
counts_by_cpc.A61B8/461,2
counts_by_cpc.A61B8/463,1
counts_by_cpc.A61B8/466,1
counts_by_cpc.A61B8/469,2
counts_by_cpc.A61B8/5207,1
counts_by_cpc.A61B8/5223,2
counts_by_cpc.A61B8/5238,2
counts_by_cpc.A61B8/5269,1
counts_by_cpc.A61B8/54,2
counts_by_cpc.A61B8/565,1
counts_by_cpc.A61B8/58,1
counts_by_cpc.A61B90/02,1
counts_by_cpc.A61B90/03,2
counts_by_cpc.A61B90/10,3
counts_by_cpc.A61B90/14,3
counts_by_cpc.A61B90/20,2
counts_by_cpc.A61B90/25,2
counts_by_cpc.A61B90/30,1
counts_by_cpc.A61B90/35,2
counts_by_cpc.A61B90/36,2
counts_by_cpc.A61B90/361,1
counts_by_cpc.A61B90/37,3
counts_by_cpc.A61B90/39,5
counts_by_cpc.A61B90/50,2
counts_by_cpc.A61B90/70,1
counts_by_cpc.A61C1/07,1
counts_by_cpc.A61C1/142,1
counts_by_cpc.A61C1/144,2
counts_by_cpc.A61C1/145,1
counts_by_cpc.A61C11/087,1
counts_by_cpc.A61C13/00,1
counts_by_cpc.A61C13/0001,1
counts_by_cpc.A61C13/0027,1
counts_by_cpc.A61C13/01,1
counts_by_cpc.A61C13/08,1
counts_by_cpc.A61C13/10,1
counts_by_cpc.A61C13/34,1
counts_by_cpc.A61C15/048,1
counts_by_cpc.A61C17/00,2
counts_by_cpc.A61C17/135,1
counts_by_cpc.A61C17/14,1
counts_by_cpc.A61C17/20,1
counts_by_cpc.A61C17/222,1
counts_by_cpc.A61C17/225,1
counts_by_cpc.A61C17/26,1
counts_by_cpc.A61C17/32,5
counts_by_cpc.A61C17/34,1
counts_by_cpc.A61C19/00,3
counts_by_cpc.A61C19/05,1
counts_by_cpc.A61C2201/007,1
counts_by_cpc.A61C3/04,1
counts_by_cpc.A61C5/007,1
counts_by_cpc.A61C5/82,1
counts_by_cpc.A61C5/85,1
counts_by_cpc.A61C7/002,1
counts_by_cpc.A61C9/0006,1
counts_by_cpc.A61C9/0026,1
counts_by_cpc.A61D1/005,2
counts_by_cpc.A61D1/02,35
counts_by_cpc.A61D1/025,39
counts_by_cpc.A61D17/00,35
counts_by_cpc.A61D19/00,35
counts_by_cpc.A61D19/04,1
counts_by_cpc.A61D3/00,35
counts_by_cpc.A61D7/00,45
counts_by_cpc.A61F13/00063,1
counts_by_cpc.A61F13/0209,1
counts_by_cpc.A61F13/0223,1
counts_by_cpc.A61F13/0226,1
counts_by_cpc.A61F13/0236,1
counts_by_cpc.A61F13/024,1
counts_by_cpc.A61F13/0259,1
counts_by_cpc.A61F13/0289,1
counts_by_cpc.A61F13/04,1
counts_by_cpc.A61F13/05,2
counts_by_cpc.A61F13/10,1
counts_by_cpc.A61F13/15585,1
counts_by_cpc.A61F13/15699,3
counts_by_cpc.A61F13/15723,1
counts_by_cpc.A61F13/15739,1
counts_by_cpc.A61F13/15747,2
counts_by_cpc.A61F13/15756,1
counts_by_cpc.A61F13/15764,2
counts_by_cpc.A61F13/15804,1
counts_by_cpc.A61F13/49,1
counts_by_cpc.A61F13/49011,2
counts_by_cpc.A61F13/49017,2
counts_by_cpc.A61F13/4902,1
counts_by_cpc.A61F13/493,1
counts_by_cpc.A61F13/49413,1
counts_by_cpc.A61F13/49426,1
counts_by_cpc.A61F13/496,1
counts_by_cpc.A61F13/5126,1
counts_by_cpc.A61F13/5146,1
counts_by_cpc.A61F13/51478,1
counts_by_cpc.A61F13/515,1
counts_by_cpc.A61F13/533,1
counts_by_cpc.A61F13/5511,1
counts_by_cpc.A61F13/55115,1
counts_by_cpc.A61F13/5512,1
counts_by_cpc.A61F13/5622,1
counts_by_cpc.A61F13/5644,1
counts_by_cpc.A61F13/565,1
counts_by_cpc.A61F13/5655,1
counts_by_cpc.A61F13/62,1
counts_by_cpc.A61F13/622,1
counts_by_cpc.A61F13/625,1
counts_by_cpc.A61F13/64,1
counts_by_cpc.A61F13/68,1
counts_by_cpc.A61F13/84,1
counts_by_cpc.A61F2/0077,1
counts_by_cpc.A61F2/0095,1
counts_by_cpc.A61F2/011,1
counts_by_cpc.A61F2/04,2
counts_by_cpc.A61F2/042,1
counts_by_cpc.A61F2/0811,1
counts_by_cpc.A61F2/12,1
counts_by_cpc.A61F2/1618,1
counts_by_cpc.A61F2/1627,1
counts_by_cpc.A61F2/1662,1
counts_by_cpc.A61F2/1691,3
counts_by_cpc.A61F2/186,1
counts_by_cpc.A61F2/2409,1
counts_by_cpc.A61F2/2418,3
counts_by_cpc.A61F2/2427,1
counts_by_cpc.A61F2/243,1
counts_by_cpc.A61F2/2433,1
counts_by_cpc.A61F2/2436,2
counts_by_cpc.A61F2/2439,1
counts_by_cpc.A61F2/3094,1
counts_by_cpc.A61F2/30942,1
counts_by_cpc.A61F2/34,1
counts_by_cpc.A61F2/4081,2
counts_by_cpc.A61F2/447,2
counts_by_cpc.A61F2/4601,2
counts_by_cpc.A61F2/4684,1
counts_by_cpc.A61F2/52,1
counts_by_cpc.A61F2/58,3
counts_by_cpc.A61F2/583,1
counts_by_cpc.A61F2/68,1
counts_by_cpc.A61F2/74,1
counts_by_cpc.A61F2/741,1
counts_by_cpc.A61F2/82,1
counts_by_cpc.A61F2/848,1
counts_by_cpc.A61F2/90,1
counts_by_cpc.A61F2/95,1
counts_by_cpc.A61F2/97,1
counts_by_cpc.A61F2002/0068,1
counts_by_cpc.A61F2002/016,1
counts_by_cpc.A61F2002/041,2
counts_by_cpc.A61F2002/045,1
counts_by_cpc.A61F2002/0852,1
counts_by_cpc.A61F2002/0888,1
counts_by_cpc.A61F2002/30433,2
counts_by_cpc.A61F2002/30523,2
counts_by_cpc.A61F2002/3069,1
counts_by_cpc.A61F2002/30736,1
counts_by_cpc.A61F2002/30774,1
counts_by_cpc.A61F2002/30948,1
counts_by_cpc.A61F2002/30952,1
counts_by_cpc.A61F2002/30962,1
counts_by_cpc.A61F2002/3097,1
counts_by_cpc.A61F2002/30971,1
counts_by_cpc.A61F2002/30985,1
counts_by_cpc.A61F2002/4085,1
counts_by_cpc.A61F2002/4687,1
counts_by_cpc.A61F2002/501,1
counts_by_cpc.A61F2002/5066,1
counts_by_cpc.A61F2002/701,1
counts_by_cpc.A61F2002/826,1
counts_by_cpc.A61F2002/9511,1
counts_by_cpc.A61F2007/0063,1
counts_by_cpc.A61F2007/0086,1
counts_by_cpc.A61F2007/009,1
counts_by_cpc.A61F2007/0093,1
counts_by_cpc.A61F2007/0094,1
counts_by_cpc.A61F2007/0095,1
counts_by_cpc.A61F2007/0096,1
counts_by_cpc.A61F2009/00844,1
counts_by_cpc.A61F2009/00851,1
counts_by_cpc.A61F2009/00863,1
counts_by_cpc.A61F2009/00872,1
counts_by_cpc.A61F2009/00889,1
counts_by_cpc.A61F2009/00897,1
counts_by_cpc.A61F2013/00906,1
counts_by_cpc.A61F2013/15292,1
counts_by_cpc.A61F2013/15365,1
counts_by_cpc.A61F2013/15406,2
counts_by_cpc.A61F2013/15463,1
counts_by_cpc.A61F2013/15878,1
counts_by_cpc.A61F2013/1591,1
counts_by_cpc.A61F2013/15934,1
counts_by_cpc.A61F2013/49025,1
counts_by_cpc.A61F2013/49087,1
counts_by_cpc.A61F2013/4948,1
counts_by_cpc.A61F2013/51026,1
counts_by_cpc.A61F2013/530481,1
counts_by_cpc.A61F2013/53445,1
counts_by_cpc.A61F2013/8497,2
counts_by_cpc.A61F2210/0004,1
counts_by_cpc.A61F2210/0014,2
counts_by_cpc.A61F2210/0057,1
counts_by_cpc.A61F2220/0008,4
counts_by_cpc.A61F2220/0016,1
counts_by_cpc.A61F2220/0025,2
counts_by_cpc.A61F2220/0075,2
counts_by_cpc.A61F2230/0004,1
counts_by_cpc.A61F2230/001,1
counts_by_cpc.A61F2230/0065,1
counts_by_cpc.A61F2230/0069,2
counts_by_cpc.A61F2230/0091,1
counts_by_cpc.A61F2240/001,4
counts_by_cpc.A61F2250/0003,1
counts_by_cpc.A61F2250/0012,1
counts_by_cpc.A61F2250/0013,1
counts_by_cpc.A61F2250/003,1
counts_by_cpc.A61F2250/0039,1
counts_by_cpc.A61F2250/0056,1
counts_by_cpc.A61F2250/0059,1
counts_by_cpc.A61F2250/006,1
counts_by_cpc.A61F2250/0063,1
counts_by_cpc.A61F2250/0067,1
counts_by_cpc.A61F2250/0069,1
counts_by_cpc.A61F2250/0098,1
counts_by_cpc.A61F2310/00023,1
counts_by_cpc.A61F2310/00239,1
counts_by_cpc.A61F4/00,2
counts_by_cpc.A61F5/003,1
counts_by_cpc.A61F5/0043,1
counts_by_cpc.A61F5/0046,1
counts_by_cpc.A61F5/0089,1
counts_by_cpc.A61F5/05866,1
counts_by_cpc.A61F5/44,1
counts_by_cpc.A61F5/4404,1
counts_by_cpc.A61F5/4405,1
counts_by_cpc.A61F5/443,1
counts_by_cpc.A61F5/453,1
counts_by_cpc.A61F5/56,1
counts_by_cpc.A61F7/0053,1
counts_by_cpc.A61F7/007,1
counts_by_cpc.A61F7/0085,1
counts_by_cpc.A61F9/0017,1
counts_by_cpc.A61F9/0061,1
counts_by_cpc.A61F9/007,2
counts_by_cpc.A61F9/00754,1
counts_by_cpc.A61F9/00781,2
counts_by_cpc.A61F9/009,1
counts_by_cpc.A61F9/013,1
counts_by_cpc.A61F9/029,1
counts_by_cpc.A61G1/00,1
counts_by_cpc.A61G1/02,1
counts_by_cpc.A61G1/0212,1
counts_by_cpc.A61G1/0237,1
counts_by_cpc.A61G1/0262,1
counts_by_cpc.A61G1/0293,1
counts_by_cpc.A61G1/0567,1
counts_by_cpc.A61G1/06,1
counts_by_cpc.A61G12/00,1
counts_by_cpc.A61G13/009,1
counts_by_cpc.A61G13/06,2
counts_by_cpc.A61G13/10,2
counts_by_cpc.A61G13/108,1
counts_by_cpc.A61G13/1245,1
counts_by_cpc.A61G2200/32,2
counts_by_cpc.A61G2203/30,1
counts_by_cpc.A61G2203/42,1
counts_by_cpc.A61G2203/44,1
counts_by_cpc.A61G2203/80,1
counts_by_cpc.A61G3/0236,1
counts_by_cpc.A61G3/0254,1
counts_by_cpc.A61G3/0272,1
counts_by_cpc.A61G3/029,1
counts_by_cpc.A61G3/0808,1
counts_by_cpc.A61G3/0833,1
counts_by_cpc.A61G3/0875,1
counts_by_cpc.A61G3/0883,1
counts_by_cpc.A61G3/0891,1
counts_by_cpc.A61G5/10,1
counts_by_cpc.A61G5/1067,1
counts_by_cpc.A61G7/0005,11
counts_by_cpc.A61G7/005,1
counts_by_cpc.A61G7/018,1
counts_by_cpc.A61G7/05,1
counts_by_cpc.A61G7/0507,1
counts_by_cpc.A61G7/0509,1
counts_by_cpc.A61G7/0515,1
counts_by_cpc.A61G7/052,1
counts_by_cpc.A61G7/0524,2
counts_by_cpc.A61G7/05776,1
counts_by_cpc.A61G7/05792,1
counts_by_cpc.A61G7/0755,1
counts_by_cpc.A61G7/1017,1
counts_by_cpc.A61G7/103,2
counts_by_cpc.A61G7/1036,1
counts_by_cpc.A61G7/1038,2
counts_by_cpc.A61G7/1046,2
counts_by_cpc.A61G7/1094,1
counts_by_cpc.A61H1/005,1
counts_by_cpc.A61H1/02,2
counts_by_cpc.A61H1/0237,2
counts_by_cpc.A61H1/0262,1
counts_by_cpc.A61H1/0266,2
counts_by_cpc.A61H1/0274,2
counts_by_cpc.A61H19/34,1
counts_by_cpc.A61H19/40,1
counts_by_cpc.A61H2003/0261,3
counts_by_cpc.A61H2003/046,1
counts_by_cpc.A61H2003/065,1
counts_by_cpc.A61H2009/0064,1
counts_by_cpc.A61H2011/005,1
counts_by_cpc.A61H2023/045,1
counts_by_cpc.A61H2201/0103,2
counts_by_cpc.A61H2201/013,1
counts_by_cpc.A61H2201/0146,1
counts_by_cpc.A61H2201/0157,1
counts_by_cpc.A61H2201/0192,1
counts_by_cpc.A61H2201/105,1
counts_by_cpc.A61H2201/1215,2
counts_by_cpc.A61H2201/1238,1
counts_by_cpc.A61H2201/1246,1
counts_by_cpc.A61H2201/149,2
counts_by_cpc.A61H2201/1621,1
counts_by_cpc.A61H2201/163,1
counts_by_cpc.A61H2201/1635,6
counts_by_cpc.A61H2201/1638,1
counts_by_cpc.A61H2201/164,3
counts_by_cpc.A61H2201/1642,2
counts_by_cpc.A61H2201/1645,1
counts_by_cpc.A61H2201/165,3
counts_by_cpc.A61H2201/1652,1
counts_by_cpc.A61H2201/1659,1
counts_by_cpc.A61H2201/1664,1
counts_by_cpc.A61H2201/1671,1
counts_by_cpc.A61H2201/1676,1
counts_by_cpc.A61H2201/1695,2
counts_by_cpc.A61H2201/5023,1
counts_by_cpc.A61H2201/5051,1
counts_by_cpc.A61H2201/5061,1
counts_by_cpc.A61H2203/0456,1
counts_by_cpc.A61H2205/06,1
counts_by_cpc.A61H2205/086,1
counts_by_cpc.A61H2205/088,1
counts_by_cpc.A61H2205/108,1
counts_by_cpc.A61H2205/12,1
counts_by_cpc.A61H2209/00,2
counts_by_cpc.A61H2230/065,1
counts_by_cpc.A61H23/02,1
counts_by_cpc.A61H3/00,1
counts_by_cpc.A61H3/0244,2
counts_by_cpc.A61H3/04,1
counts_by_cpc.A61H3/061,1
counts_by_cpc.A61H3/068,1
counts_by_cpc.A61H31/005,1
counts_by_cpc.A61H31/006,1
counts_by_cpc.A61H39/04,1
counts_by_cpc.A61H7/001,1
counts_by_cpc.A61H9/0078,2
counts_by_cpc.A61H9/0092,1
counts_by_cpc.A61J1/03,1
counts_by_cpc.A61J1/1406,1
counts_by_cpc.A61J1/16,1
counts_by_cpc.A61J1/201,1
counts_by_cpc.A61J11/04,1
counts_by_cpc.A61J17/1115,1
counts_by_cpc.A61J2205/10,11
counts_by_cpc.A61J2205/60,11
counts_by_cpc.A61J3/005,1
counts_by_cpc.A61J3/074,1
counts_by_cpc.A61J7/0007,1
counts_by_cpc.A61J7/0069,11
counts_by_cpc.A61J7/0076,13
counts_by_cpc.A61J7/04,1
counts_by_cpc.A61J7/0418,1
counts_by_cpc.A61J7/0436,1
counts_by_cpc.A61J9/008,1
counts_by_cpc.A61J9/06,3
counts_by_cpc.A61J9/0623,1
counts_by_cpc.A61J9/0638,1
counts_by_cpc.A61J9/0646,1
counts_by_cpc.A61J9/0661,1
counts_by_cpc.A61J9/0669,1
counts_by_cpc.A61J9/0684,1
counts_by_cpc.A61K2035/115,1
counts_by_cpc.A61K2039/505,6
counts_by_cpc.A61K2039/515,1
counts_by_cpc.A61K2039/5252,1
counts_by_cpc.A61K2039/5254,2
counts_by_cpc.A61K2039/5256,1
counts_by_cpc.A61K2039/5258,1
counts_by_cpc.A61K2039/545,4
counts_by_cpc.A61K2039/552,6
counts_by_cpc.A61K2039/55505,1
counts_by_cpc.A61K2039/55516,1
counts_by_cpc.A61K2039/55561,3
counts_by_cpc.A61K2039/55572,1
counts_by_cpc.A61K2039/55577,1
counts_by_cpc.A61K2039/572,1
counts_by_cpc.A61K2039/585,1
counts_by_cpc.A61K2121/00,1
counts_by_cpc.A61K2123/00,1
counts_by_cpc.A61K2239/13,3
counts_by_cpc.A61K2239/17,1
counts_by_cpc.A61K2239/21,1
counts_by_cpc.A61K2239/28,1
counts_by_cpc.A61K2239/29,1
counts_by_cpc.A61K2239/31,10
counts_by_cpc.A61K2239/38,9
counts_by_cpc.A61K2239/39,1
counts_by_cpc.A61K2239/46,1
counts_by_cpc.A61K2239/48,2
counts_by_cpc.A61K2239/49,1
counts_by_cpc.A61K2239/55,1
counts_by_cpc.A61K2239/57,4
counts_by_cpc.A61K2239/59,1
counts_by_cpc.A61K2300/00,4
counts_by_cpc.A61K2800/31,1
counts_by_cpc.A61K2800/412,1
counts_by_cpc.A61K2800/43,1
counts_by_cpc.A61K2800/48,1
counts_by_cpc.A61K2800/58,1
counts_by_cpc.A61K2800/5922,1
counts_by_cpc.A61K2800/596,1
counts_by_cpc.A61K2800/75,1
counts_by_cpc.A61K2800/884,1
counts_by_cpc.A61K2800/91,1
counts_by_cpc.A61K2800/95,1
counts_by_cpc.A61K31/02,1
counts_by_cpc.A61K31/047,1
counts_by_cpc.A61K31/05,2
counts_by_cpc.A61K31/12,1
counts_by_cpc.A61K31/122,1
counts_by_cpc.A61K31/132,1
counts_by_cpc.A61K31/135,1
counts_by_cpc.A61K31/137,4
counts_by_cpc.A61K31/145,1
counts_by_cpc.A61K31/155,2
counts_by_cpc.A61K31/166,1
counts_by_cpc.A61K31/167,1
counts_by_cpc.A61K31/19,3
counts_by_cpc.A61K31/192,2
counts_by_cpc.A61K31/196,2
counts_by_cpc.A61K31/198,1
counts_by_cpc.A61K31/20,1
counts_by_cpc.A61K31/202,1
counts_by_cpc.A61K31/205,1
counts_by_cpc.A61K31/23,1
counts_by_cpc.A61K31/282,1
counts_by_cpc.A61K31/336,2
counts_by_cpc.A61K31/337,1
counts_by_cpc.A61K31/355,1
counts_by_cpc.A61K31/365,1
counts_by_cpc.A61K31/366,1
counts_by_cpc.A61K31/382,1
counts_by_cpc.A61K31/396,1
counts_by_cpc.A61K31/40,3
counts_by_cpc.A61K31/4015,2
counts_by_cpc.A61K31/4025,1
counts_by_cpc.A61K31/4045,1
counts_by_cpc.A61K31/405,1
counts_by_cpc.A61K31/407,1
counts_by_cpc.A61K31/415,1
counts_by_cpc.A61K31/4152,1
counts_by_cpc.A61K31/417,1
counts_by_cpc.A61K31/4184,1
counts_by_cpc.A61K31/4192,1
counts_by_cpc.A61K31/426,1
counts_by_cpc.A61K31/433,1
counts_by_cpc.A61K31/435,1
counts_by_cpc.A61K31/436,1
counts_by_cpc.A61K31/437,3
counts_by_cpc.A61K31/44,1
counts_by_cpc.A61K31/4406,1
counts_by_cpc.A61K31/4412,1
counts_by_cpc.A61K31/4439,2
counts_by_cpc.A61K31/444,1
counts_by_cpc.A61K31/4525,2
counts_by_cpc.A61K31/454,2
counts_by_cpc.A61K31/465,1
counts_by_cpc.A61K31/47,1
counts_by_cpc.A61K31/4709,1
counts_by_cpc.A61K31/4741,1
counts_by_cpc.A61K31/4745,1
counts_by_cpc.A61K31/48,1
counts_by_cpc.A61K31/485,4
counts_by_cpc.A61K31/495,2
counts_by_cpc.A61K31/496,1
counts_by_cpc.A61K31/4985,2
counts_by_cpc.A61K31/4995,1
counts_by_cpc.A61K31/5025,1
counts_by_cpc.A61K31/505,2
counts_by_cpc.A61K31/506,3
counts_by_cpc.A61K31/513,1
counts_by_cpc.A61K31/517,1
counts_by_cpc.A61K31/519,5
counts_by_cpc.A61K31/522,2
counts_by_cpc.A61K31/5377,3
counts_by_cpc.A61K31/5383,1
counts_by_cpc.A61K31/545,1
counts_by_cpc.A61K31/55,2
counts_by_cpc.A61K31/554,1
counts_by_cpc.A61K31/56,1
counts_by_cpc.A61K31/568,1
counts_by_cpc.A61K31/57,1
counts_by_cpc.A61K31/575,1
counts_by_cpc.A61K31/616,1
counts_by_cpc.A61K31/635,1
counts_by_cpc.A61K31/64,1
counts_by_cpc.A61K31/658,4
counts_by_cpc.A61K31/664,1
counts_by_cpc.A61K31/675,1
counts_by_cpc.A61K31/688,1
counts_by_cpc.A61K31/704,2
counts_by_cpc.A61K31/7042,1
counts_by_cpc.A61K31/7068,1
counts_by_cpc.A61K31/7076,1
counts_by_cpc.A61K31/7084,1
counts_by_cpc.A61K31/7088,1
counts_by_cpc.A61K31/711,1
counts_by_cpc.A61K31/712,1
counts_by_cpc.A61K31/713,2
counts_by_cpc.A61K31/7135,1
counts_by_cpc.A61K31/728,1
counts_by_cpc.A61K31/765,1
counts_by_cpc.A61K31/785,1
counts_by_cpc.A61K31/787,1
counts_by_cpc.A61K33/00,1
counts_by_cpc.A61K33/08,1
counts_by_cpc.A61K33/18,1
counts_by_cpc.A61K33/20,1
counts_by_cpc.A61K33/24,1
counts_by_cpc.A61K33/242,1
counts_by_cpc.A61K33/243,3
counts_by_cpc.A61K33/26,1
counts_by_cpc.A61K33/30,1
counts_by_cpc.A61K33/34,2
counts_by_cpc.A61K33/38,2
counts_by_cpc.A61K33/44,1
counts_by_cpc.A61K35/14,1
counts_by_cpc.A61K35/16,1
counts_by_cpc.A61K35/28,2
counts_by_cpc.A61K35/30,1
counts_by_cpc.A61K35/50,1
counts_by_cpc.A61K35/51,2
counts_by_cpc.A61K35/745,1
counts_by_cpc.A61K35/747,2
counts_by_cpc.A61K35/761,1
counts_by_cpc.A61K35/763,2
counts_by_cpc.A61K35/768,1
counts_by_cpc.A61K36/185,1
counts_by_cpc.A61K36/31,1
counts_by_cpc.A61K36/3482,2
counts_by_cpc.A61K36/742,1
counts_by_cpc.A61K36/896,1
counts_by_cpc.A61K36/9066,1
counts_by_cpc.A61K38/00,6
counts_by_cpc.A61K38/005,1
counts_by_cpc.A61K38/014,1
counts_by_cpc.A61K38/03,1
counts_by_cpc.A61K38/07,2
counts_by_cpc.A61K38/095,1
counts_by_cpc.A61K38/12,2
counts_by_cpc.A61K38/16,1
counts_by_cpc.A61K38/164,1
counts_by_cpc.A61K38/1774,2
counts_by_cpc.A61K38/1825,1
counts_by_cpc.A61K38/19,1
counts_by_cpc.A61K38/20,1
counts_by_cpc.A61K38/2013,1
counts_by_cpc.A61K38/21,1
counts_by_cpc.A61K38/2292,1
counts_by_cpc.A61K38/28,1
counts_by_cpc.A61K38/39,1
counts_by_cpc.A61K38/45,1
counts_by_cpc.A61K38/465,1
counts_by_cpc.A61K38/47,1
counts_by_cpc.A61K39/00,7
counts_by_cpc.A61K39/001129,1
counts_by_cpc.A61K39/001156,1
counts_by_cpc.A61K39/001192,1
counts_by_cpc.A61K39/12,5
counts_by_cpc.A61K39/15,1
counts_by_cpc.A61K39/155,1
counts_by_cpc.A61K39/205,1
counts_by_cpc.A61K39/215,1
counts_by_cpc.A61K39/29,1
counts_by_cpc.A61K39/39,2
counts_by_cpc.A61K39/395,2
counts_by_cpc.A61K39/3955,5
counts_by_cpc.A61K39/39558,2
counts_by_cpc.A61K40/10,1
counts_by_cpc.A61K40/11,11
counts_by_cpc.A61K40/13,1
counts_by_cpc.A61K40/15,1
counts_by_cpc.A61K40/17,2
counts_by_cpc.A61K40/19,2
counts_by_cpc.A61K40/22,2
counts_by_cpc.A61K40/24,3
counts_by_cpc.A61K40/31,7
counts_by_cpc.A61K40/416,2
counts_by_cpc.A61K40/42,2
counts_by_cpc.A61K40/4202,1
counts_by_cpc.A61K40/4205,1
counts_by_cpc.A61K40/421,1
counts_by_cpc.A61K40/4211,4
counts_by_cpc.A61K40/4254,1
counts_by_cpc.A61K40/4268,1
counts_by_cpc.A61K40/4269,1
counts_by_cpc.A61K40/4272,1
counts_by_cpc.A61K40/428,1
counts_by_cpc.A61K40/46,2
counts_by_cpc.A61K41/0028,1
counts_by_cpc.A61K41/0042,1
counts_by_cpc.A61K41/0057,1
counts_by_cpc.A61K41/17,1
counts_by_cpc.A61K45/06,22
counts_by_cpc.A61K47/00,1
counts_by_cpc.A61K47/02,1
counts_by_cpc.A61K47/10,7
counts_by_cpc.A61K47/12,3
counts_by_cpc.A61K47/14,4
counts_by_cpc.A61K47/18,2
counts_by_cpc.A61K47/183,2
counts_by_cpc.A61K47/186,1
counts_by_cpc.A61K47/22,3
counts_by_cpc.A61K47/24,2
counts_by_cpc.A61K47/26,5
counts_by_cpc.A61K47/30,2
counts_by_cpc.A61K47/32,5
counts_by_cpc.A61K47/34,2
counts_by_cpc.A61K47/36,2
counts_by_cpc.A61K47/38,4
counts_by_cpc.A61K47/40,2
counts_by_cpc.A61K47/42,2
counts_by_cpc.A61K47/44,2
counts_by_cpc.A61K47/54,1
counts_by_cpc.A61K47/545,3
counts_by_cpc.A61K47/549,1
counts_by_cpc.A61K47/55,2
counts_by_cpc.A61K47/62,1
counts_by_cpc.A61K47/64,1
counts_by_cpc.A61K47/65,1
counts_by_cpc.A61K47/6803,2
counts_by_cpc.A61K47/6811,1
counts_by_cpc.A61K47/6849,1
counts_by_cpc.A61K47/6851,1
counts_by_cpc.A61K47/6889,1
counts_by_cpc.A61K47/69,1
counts_by_cpc.A61K47/6911,1
counts_by_cpc.A61K48/00,3
counts_by_cpc.A61K48/005,3
counts_by_cpc.A61K48/0075,1
counts_by_cpc.A61K48/0083,1
counts_by_cpc.A61K49/0032,3
counts_by_cpc.A61K49/0034,1
counts_by_cpc.A61K49/0054,1
counts_by_cpc.A61K49/0056,2
counts_by_cpc.A61K49/0093,1
counts_by_cpc.A61K49/14,1
counts_by_cpc.A61K49/1854,1
counts_by_cpc.A61K51/00,1
counts_by_cpc.A61K51/0453,1
counts_by_cpc.A61K51/0461,1
counts_by_cpc.A61K51/0497,1
counts_by_cpc.A61K51/088,1
counts_by_cpc.A61K51/1045,1
counts_by_cpc.A61K51/1096,1
counts_by_cpc.A61K6/887,1
counts_by_cpc.A61K8/0204,1
counts_by_cpc.A61K8/064,1
counts_by_cpc.A61K8/19,1
counts_by_cpc.A61K8/25,1
counts_by_cpc.A61K8/29,1
counts_by_cpc.A61K8/345,3
counts_by_cpc.A61K8/35,1
counts_by_cpc.A61K8/361,1
counts_by_cpc.A61K8/416,1
counts_by_cpc.A61K8/42,1
counts_by_cpc.A61K8/494,1
counts_by_cpc.A61K8/4973,1
counts_by_cpc.A61K8/585,1
counts_by_cpc.A61K8/63,1
counts_by_cpc.A61K8/66,1
counts_by_cpc.A61K8/737,1
counts_by_cpc.A61K8/891,2
counts_by_cpc.A61K8/894,1
counts_by_cpc.A61K8/895,2
counts_by_cpc.A61K8/92,1
counts_by_cpc.A61K8/9789,1
counts_by_cpc.A61K9/0004,1
counts_by_cpc.A61K9/0014,1
counts_by_cpc.A61K9/0019,7
counts_by_cpc.A61K9/0026,2
counts_by_cpc.A61K9/0034,1
counts_by_cpc.A61K9/0043,2
counts_by_cpc.A61K9/0048,6
counts_by_cpc.A61K9/0051,1
counts_by_cpc.A61K9/0053,9
counts_by_cpc.A61K9/0056,1
counts_by_cpc.A61K9/006,1
counts_by_cpc.A61K9/0068,1
counts_by_cpc.A61K9/0095,1
counts_by_cpc.A61K9/06,3
counts_by_cpc.A61K9/08,2
counts_by_cpc.A61K9/10,5
counts_by_cpc.A61K9/107,1
counts_by_cpc.A61K9/127,3
counts_by_cpc.A61K9/1271,2
counts_by_cpc.A61K9/1272,2
counts_by_cpc.A61K9/1278,1
counts_by_cpc.A61K9/14,1
counts_by_cpc.A61K9/146,1
counts_by_cpc.A61K9/16,2
counts_by_cpc.A61K9/1611,2
counts_by_cpc.A61K9/1623,3
counts_by_cpc.A61K9/1635,2
counts_by_cpc.A61K9/1647,1
counts_by_cpc.A61K9/1652,2
counts_by_cpc.A61K9/1676,1
counts_by_cpc.A61K9/1682,2
counts_by_cpc.A61K9/1694,1
counts_by_cpc.A61K9/19,4
counts_by_cpc.A61K9/20,1
counts_by_cpc.A61K9/2009,2
counts_by_cpc.A61K9/2013,4
counts_by_cpc.A61K9/2018,1
counts_by_cpc.A61K9/2027,2
counts_by_cpc.A61K9/2031,1
counts_by_cpc.A61K9/2054,4
counts_by_cpc.A61K9/2077,1
counts_by_cpc.A61K9/2081,1
counts_by_cpc.A61K9/2086,1
counts_by_cpc.A61K9/209,1
counts_by_cpc.A61K9/2095,1
counts_by_cpc.A61K9/282,1
counts_by_cpc.A61K9/2866,3
counts_by_cpc.A61K9/2893,1
counts_by_cpc.A61K9/48,1
counts_by_cpc.A61K9/4808,1
counts_by_cpc.A61K9/485,2
counts_by_cpc.A61K9/4858,2
counts_by_cpc.A61K9/4866,1
counts_by_cpc.A61K9/4875,1
counts_by_cpc.A61K9/50,1
counts_by_cpc.A61K9/501,1
counts_by_cpc.A61K9/5015,1
counts_by_cpc.A61K9/5026,1
counts_by_cpc.A61K9/5031,1
counts_by_cpc.A61K9/5036,2
counts_by_cpc.A61K9/5042,1
counts_by_cpc.A61K9/5052,1
counts_by_cpc.A61K9/5057,1
counts_by_cpc.A61K9/5068,1
counts_by_cpc.A61K9/5078,1
counts_by_cpc.A61K9/51,2
counts_by_cpc.A61K9/5123,2
counts_by_cpc.A61K9/5184,1
counts_by_cpc.A61K9/5192,2
counts_by_cpc.A61L15/32,1
counts_by_cpc.A61L15/40,1
counts_by_cpc.A61L15/58,1
counts_by_cpc.A61L2/0047,1
counts_by_cpc.A61L2/0076,1
counts_by_cpc.A61L2/10,14
counts_by_cpc.A61L2/18,5
counts_by_cpc.A61L2/202,2
counts_by_cpc.A61L2/22,3
counts_by_cpc.A61L2/232,1
counts_by_cpc.A61L2/24,5
counts_by_cpc.A61L2/26,10
counts_by_cpc.A61L2101/06,1
counts_by_cpc.A61L2101/26,1
counts_by_cpc.A61L2103/05,1
counts_by_cpc.A61L2202/11,6
counts_by_cpc.A61L2202/121,2
counts_by_cpc.A61L2202/122,3
counts_by_cpc.A61L2202/14,5
counts_by_cpc.A61L2202/15,3
counts_by_cpc.A61L2202/16,1
counts_by_cpc.A61L2202/17,1
counts_by_cpc.A61L2202/22,1
counts_by_cpc.A61L2202/24,1
counts_by_cpc.A61L2202/25,1
counts_by_cpc.A61L2202/26,2
counts_by_cpc.A61L2209/14,1
counts_by_cpc.A61L2209/16,1
counts_by_cpc.A61L2209/212,1
counts_by_cpc.A61L2300/104,1
counts_by_cpc.A61L2300/402,1
counts_by_cpc.A61L2300/404,1
counts_by_cpc.A61L2300/41,1
counts_by_cpc.A61L2300/412,1
counts_by_cpc.A61L2300/64,1
counts_by_cpc.A61L24/0015,1
counts_by_cpc.A61L24/0036,1
counts_by_cpc.A61L24/0047,2
counts_by_cpc.A61L24/02,1
counts_by_cpc.A61L24/102,1
counts_by_cpc.A61L2400/06,3
counts_by_cpc.A61L2400/12,1
counts_by_cpc.A61L2430/12,1
counts_by_cpc.A61L2430/32,1
counts_by_cpc.A61L2430/34,2
counts_by_cpc.A61L26/0019,1
counts_by_cpc.A61L26/0066,1
counts_by_cpc.A61L26/008,1
counts_by_cpc.A61L26/0095,2
counts_by_cpc.A61L27/14,1
counts_by_cpc.A61L27/18,3
counts_by_cpc.A61L27/20,1
counts_by_cpc.A61L27/3629,1
counts_by_cpc.A61L27/3675,1
counts_by_cpc.A61L27/3813,1
counts_by_cpc.A61L27/3886,1
counts_by_cpc.A61L27/40,1
counts_by_cpc.A61L27/52,1
counts_by_cpc.A61L27/54,1
counts_by_cpc.A61L27/60,1
counts_by_cpc.A61L31/024,1
counts_by_cpc.A61L31/08,1
counts_by_cpc.A61L31/14,1
counts_by_cpc.A61L9/012,2
counts_by_cpc.A61L9/014,1
counts_by_cpc.A61L9/14,2
counts_by_cpc.A61L9/20,1
counts_by_cpc.A61L9/205,1
counts_by_cpc.A61L9/22,1
counts_by_cpc.A61M1/0281,1
counts_by_cpc.A61M1/06,1
counts_by_cpc.A61M1/14,1
counts_by_cpc.A61M1/1524,1
counts_by_cpc.A61M1/155,1
counts_by_cpc.A61M1/1561,1
counts_by_cpc.A61M1/1565,1
counts_by_cpc.A61M1/1698,1
counts_by_cpc.A61M1/36224,1
counts_by_cpc.A61M1/3683,1
counts_by_cpc.A61M1/3693,1
counts_by_cpc.A61M1/68,1
counts_by_cpc.A61M1/74,1
counts_by_cpc.A61M1/7411,1
counts_by_cpc.A61M1/7413,1
counts_by_cpc.A61M1/75,1
counts_by_cpc.A61M1/79,1
counts_by_cpc.A61M1/80,1
counts_by_cpc.A61M1/913,2
counts_by_cpc.A61M1/915,1
counts_by_cpc.A61M1/962,2
counts_by_cpc.A61M1/98,1
counts_by_cpc.A61M1/985,1
counts_by_cpc.A61M11/00,1
counts_by_cpc.A61M11/003,1
counts_by_cpc.A61M11/007,1
counts_by_cpc.A61M15/002,1
counts_by_cpc.A61M15/0025,1
counts_by_cpc.A61M15/0028,1
counts_by_cpc.A61M15/0035,1
counts_by_cpc.A61M15/0041,1
counts_by_cpc.A61M15/0075,1
counts_by_cpc.A61M15/008,1
counts_by_cpc.A61M15/0086,1
counts_by_cpc.A61M15/009,1
counts_by_cpc.A61M15/06,4
counts_by_cpc.A61M15/08,1
counts_by_cpc.A61M16/0003,1
counts_by_cpc.A61M16/0051,1
counts_by_cpc.A61M16/0066,1
counts_by_cpc.A61M16/0069,2
counts_by_cpc.A61M16/0084,1
counts_by_cpc.A61M16/0096,1
counts_by_cpc.A61M16/024,1
counts_by_cpc.A61M16/026,1
counts_by_cpc.A61M16/04,1
counts_by_cpc.A61M16/0418,1
counts_by_cpc.A61M16/044,1
counts_by_cpc.A61M16/0445,1
counts_by_cpc.A61M16/045,1
counts_by_cpc.A61M16/0488,2
counts_by_cpc.A61M16/0493,1
counts_by_cpc.A61M16/0622,1
counts_by_cpc.A61M16/0666,2
counts_by_cpc.A61M16/0672,3
counts_by_cpc.A61M16/0683,2
counts_by_cpc.A61M16/0875,1
counts_by_cpc.A61M16/101,1
counts_by_cpc.A61M16/142,1
counts_by_cpc.A61M16/16,1
counts_by_cpc.A61M16/162,1
counts_by_cpc.A61M16/20,2
counts_by_cpc.A61M16/201,1
counts_by_cpc.A61M16/208,2
counts_by_cpc.A61M2005/14208,1
counts_by_cpc.A61M2005/14252,1
counts_by_cpc.A61M2005/14268,1
counts_by_cpc.A61M2005/14533,1
counts_by_cpc.A61M2005/1585,2
counts_by_cpc.A61M2005/2407,1
counts_by_cpc.A61M2005/2477,1
counts_by_cpc.A61M2005/2492,1
counts_by_cpc.A61M2016/0027,2
counts_by_cpc.A61M2016/003,1
counts_by_cpc.A61M2016/0039,1
counts_by_cpc.A61M2016/1025,1
counts_by_cpc.A61M2021/0022,1
counts_by_cpc.A61M2025/0004,1
counts_by_cpc.A61M2025/0019,1
counts_by_cpc.A61M2025/0031,1
counts_by_cpc.A61M2025/022,1
counts_by_cpc.A61M2025/0226,1
counts_by_cpc.A61M2025/0266,1
counts_by_cpc.A61M2025/028,1
counts_by_cpc.A61M2025/09066,1
counts_by_cpc.A61M2025/09175,1
counts_by_cpc.A61M2025/1043,1
counts_by_cpc.A61M2025/1068,1
counts_by_cpc.A61M2039/0202,1
counts_by_cpc.A61M2039/0205,2
counts_by_cpc.A61M2039/1077,1
counts_by_cpc.A61M21/00,1
counts_by_cpc.A61M2202/0007,1
counts_by_cpc.A61M2202/0208,4
counts_by_cpc.A61M2202/0415,1
counts_by_cpc.A61M2202/0427,2
counts_by_cpc.A61M2202/064,1
counts_by_cpc.A61M2205/0266,1
counts_by_cpc.A61M2205/0272,1
counts_by_cpc.A61M2205/04,1
counts_by_cpc.A61M2205/07,2
counts_by_cpc.A61M2205/10,1
counts_by_cpc.A61M2205/106,1
counts_by_cpc.A61M2205/12,1
counts_by_cpc.A61M2205/18,2
counts_by_cpc.A61M2205/3303,2
counts_by_cpc.A61M2205/3313,1
counts_by_cpc.A61M2205/3327,2
counts_by_cpc.A61M2205/3331,2
counts_by_cpc.A61M2205/3334,2
counts_by_cpc.A61M2205/3344,4
counts_by_cpc.A61M2205/3576,1
counts_by_cpc.A61M2205/50,2
counts_by_cpc.A61M2205/502,1
counts_by_cpc.A61M2205/52,1
counts_by_cpc.A61M2205/581,1
counts_by_cpc.A61M2205/583,1
counts_by_cpc.A61M2205/8206,3
counts_by_cpc.A61M2205/8262,1
counts_by_cpc.A61M2206/16,1
counts_by_cpc.A61M2207/00,2
counts_by_cpc.A61M2209/086,1
counts_by_cpc.A61M2209/088,1
counts_by_cpc.A61M2210/0637,1
counts_by_cpc.A61M2210/0643,1
counts_by_cpc.A61M2210/065,1
counts_by_cpc.A61M2210/12,1
counts_by_cpc.A61M2210/125,1
counts_by_cpc.A61M2230/04,1
counts_by_cpc.A61M2230/06,1
counts_by_cpc.A61M2230/20,1
counts_by_cpc.A61M2230/42,1
counts_by_cpc.A61M2250/00,35
counts_by_cpc.A61M25/001,1
counts_by_cpc.A61M25/0014,2
counts_by_cpc.A61M25/0015,1
counts_by_cpc.A61M25/0017,3
counts_by_cpc.A61M25/002,1
counts_by_cpc.A61M25/0023,1
counts_by_cpc.A61M25/0026,1
counts_by_cpc.A61M25/0029,1
counts_by_cpc.A61M25/0032,1
counts_by_cpc.A61M25/0043,1
counts_by_cpc.A61M25/0045,1
counts_by_cpc.A61M25/0067,1
counts_by_cpc.A61M25/0082,2
counts_by_cpc.A61M25/0113,1
counts_by_cpc.A61M25/0144,1
counts_by_cpc.A61M25/0147,1
counts_by_cpc.A61M25/02,2
counts_by_cpc.A61M25/0606,2
counts_by_cpc.A61M25/0631,1
counts_by_cpc.A61M25/0662,1
counts_by_cpc.A61M25/0693,1
counts_by_cpc.A61M25/09,1
counts_by_cpc.A61M25/09041,2
counts_by_cpc.A61M25/10,1
counts_by_cpc.A61M25/1002,1
counts_by_cpc.A61M25/1011,1
counts_by_cpc.A61M25/1018,2
counts_by_cpc.A61M25/10184,1
counts_by_cpc.A61M25/1034,1
counts_by_cpc.A61M27/00,1
counts_by_cpc.A61M29/00,1
counts_by_cpc.A61M35/003,1
counts_by_cpc.A61M35/10,1
counts_by_cpc.A61M35/30,1
counts_by_cpc.A61M39/02,1
counts_by_cpc.A61M39/0208,1
counts_by_cpc.A61M39/10,1
counts_by_cpc.A61M39/1011,1
counts_by_cpc.A61M5/14244,1
counts_by_cpc.A61M5/14248,1
counts_by_cpc.A61M5/14276,1
counts_by_cpc.A61M5/1452,1
counts_by_cpc.A61M5/158,3
counts_by_cpc.A61M5/1684,1
counts_by_cpc.A61M5/16877,1
counts_by_cpc.A61M5/172,1
counts_by_cpc.A61M5/1723,1
counts_by_cpc.A61M5/19,1
counts_by_cpc.A61M5/24,1
counts_by_cpc.A61M5/2448,1
counts_by_cpc.A61M5/30,35
counts_by_cpc.A61M5/3129,2
counts_by_cpc.A61M5/315,1
counts_by_cpc.A61M5/31501,1
counts_by_cpc.A61M5/31511,2
counts_by_cpc.A61M5/3204,1
counts_by_cpc.A61M5/427,35
counts_by_cpc.A61M60/13,1
counts_by_cpc.A61M60/139,1
counts_by_cpc.A61M60/17,1
counts_by_cpc.A61M60/237,1
counts_by_cpc.A61M60/414,1
counts_by_cpc.A61M60/585,1
counts_by_cpc.A61M60/808,1
counts_by_cpc.A61M60/81,1
counts_by_cpc.A61M60/818,1
counts_by_cpc.A61M60/829,1
counts_by_cpc.A61M60/89,1
counts_by_cpc.A61N1/00,1
counts_by_cpc.A61N1/04,1
counts_by_cpc.A61N1/0472,3
counts_by_cpc.A61N1/0476,1
counts_by_cpc.A61N1/0492,1
counts_by_cpc.A61N1/0496,2
counts_by_cpc.A61N1/0517,1
counts_by_cpc.A61N1/0541,1
counts_by_cpc.A61N1/0543,1
counts_by_cpc.A61N1/0551,2
counts_by_cpc.A61N1/056,1
counts_by_cpc.A61N1/0565,1
counts_by_cpc.A61N1/08,1
counts_by_cpc.A61N1/36002,2
counts_by_cpc.A61N1/36007,1
counts_by_cpc.A61N1/3603,1
counts_by_cpc.A61N1/36039,1
counts_by_cpc.A61N1/36046,1
counts_by_cpc.A61N1/36125,1
counts_by_cpc.A61N1/36135,1
counts_by_cpc.A61N1/36157,1
counts_by_cpc.A61N1/362,2
counts_by_cpc.A61N1/3625,1
counts_by_cpc.A61N1/36514,1
counts_by_cpc.A61N1/37205,1
counts_by_cpc.A61N1/37229,1
counts_by_cpc.A61N1/37235,1
counts_by_cpc.A61N1/37282,1
counts_by_cpc.A61N1/3758,1
counts_by_cpc.A61N1/3787,2
counts_by_cpc.A61N1/3904,2
counts_by_cpc.A61N1/39046,1
counts_by_cpc.A61N1/3925,1
counts_by_cpc.A61N1/3937,1
counts_by_cpc.A61N1/3975,1
counts_by_cpc.A61N1/3981,1
counts_by_cpc.A61N1/40,1
counts_by_cpc.A61N2/006,1
counts_by_cpc.A61N2/008,1
counts_by_cpc.A61N2/02,2
counts_by_cpc.A61N2005/0626,1
counts_by_cpc.A61N2005/0659,1
counts_by_cpc.A61N2005/1021,1
counts_by_cpc.A61N2005/1034,1
counts_by_cpc.A61N2005/1074,1
counts_by_cpc.A61N2005/109,1
counts_by_cpc.A61N2005/1097,1
counts_by_cpc.A61N2005/1098,1
counts_by_cpc.A61N2007/0004,1
counts_by_cpc.A61N2007/0026,1
counts_by_cpc.A61N2007/0039,1
counts_by_cpc.A61N2007/0052,1
counts_by_cpc.A61N2007/0086,1
counts_by_cpc.A61N5/0616,1
counts_by_cpc.A61N5/0625,1
counts_by_cpc.A61N5/067,2
counts_by_cpc.A61N5/1007,1
counts_by_cpc.A61N5/1031,1
counts_by_cpc.A61N5/1039,1
counts_by_cpc.A61N5/1045,1
counts_by_cpc.A61N5/1048,1
counts_by_cpc.A61N7/00,2
counts_by_cpc.A61N7/02,1
counts_by_cpc.A61P1/00,1
counts_by_cpc.A61P1/14,2
counts_by_cpc.A61P1/16,2
counts_by_cpc.A61P11/00,2
counts_by_cpc.A61P13/08,1
counts_by_cpc.A61P13/10,1
counts_by_cpc.A61P13/12,2
counts_by_cpc.A61P15/00,1
counts_by_cpc.A61P15/10,1
counts_by_cpc.A61P17/02,1
counts_by_cpc.A61P17/04,1
counts_by_cpc.A61P17/12,1
counts_by_cpc.A61P19/02,2
counts_by_cpc.A61P19/08,1
counts_by_cpc.A61P19/10,1
counts_by_cpc.A61P21/00,1
counts_by_cpc.A61P25/00,4
counts_by_cpc.A61P25/04,1
counts_by_cpc.A61P25/06,1
counts_by_cpc.A61P25/08,1
counts_by_cpc.A61P25/28,3
counts_by_cpc.A61P27/02,7
counts_by_cpc.A61P27/06,1
counts_by_cpc.A61P29/00,7
counts_by_cpc.A61P3/00,1
counts_by_cpc.A61P3/04,1
counts_by_cpc.A61P3/10,3
counts_by_cpc.A61P31/12,1
counts_by_cpc.A61P31/14,6
counts_by_cpc.A61P31/16,1
counts_by_cpc.A61P35/00,34
counts_by_cpc.A61P35/02,2
counts_by_cpc.A61P35/04,1
counts_by_cpc.A61P37/06,2
counts_by_cpc.A61P37/08,1
counts_by_cpc.A61P39/00,1
counts_by_cpc.A61P43/00,1
counts_by_cpc.A61P7/08,1
counts_by_cpc.A61P9/10,2
counts_by_cpc.A61P9/12,1
counts_by_cpc.A61Q1/00,1
counts_by_cpc.A61Q1/02,1
counts_by_cpc.A61Q1/06,1
counts_by_cpc.A61Q1/10,1
counts_by_cpc.A61Q1/14,1
counts_by_cpc.A61Q15/00,1
counts_by_cpc.A61Q17/04,1
counts_by_cpc.A61Q19/00,2
counts_by_cpc.A61Q19/06,1
counts_by_cpc.A61Q19/08,4
counts_by_cpc.A61Q3/02,1
counts_by_cpc.A61Q5/06,1
counts_by_cpc.A61Q5/12,2
counts_by_cpc.A62B17/006,1
counts_by_cpc.A62B17/04,1
counts_by_cpc.A62B18/02,1
counts_by_cpc.A62B18/082,1
counts_by_cpc.A62B18/10,1
counts_by_cpc.A62B3/005,1
counts_by_cpc.A62B35/00,2
counts_by_cpc.A62B35/0012,1
counts_by_cpc.A62B35/0018,1
counts_by_cpc.A62B35/0025,1
counts_by_cpc.A62B35/0037,1
counts_by_cpc.A62B35/0068,9
counts_by_cpc.A62B35/0093,1
counts_by_cpc.A62B35/04,1
counts_by_cpc.A62B5/00,3
counts_by_cpc.A62B7/02,1
counts_by_cpc.A62B9/003,1
counts_by_cpc.A62B9/02,1
counts_by_cpc.A62B9/04,1
counts_by_cpc.A62C25/00,1
counts_by_cpc.A62C27/00,3
counts_by_cpc.A62C3/02,2
counts_by_cpc.A62C3/0242,2
counts_by_cpc.A62C3/0271,2
counts_by_cpc.A62C3/0292,1
counts_by_cpc.A62C3/07,1
counts_by_cpc.A62C3/16,1
counts_by_cpc.A62C31/005,1
counts_by_cpc.A62C35/13,1
counts_by_cpc.A62C35/68,2
counts_by_cpc.A62C37/36,1
counts_by_cpc.A62C37/44,1
counts_by_cpc.A62C8/00,1
counts_by_cpc.A62C99/0081,1
counts_by_cpc.A62D1/0014,1
counts_by_cpc.A62D1/0035,2
counts_by_cpc.A62D1/005,2
counts_by_cpc.A62D2101/22,1
counts_by_cpc.A62D3/36,1
counts_by_cpc.A63B15/00,1
counts_by_cpc.A63B2023/0411,1
counts_by_cpc.A63B2024/0034,2
counts_by_cpc.A63B2024/0093,1
counts_by_cpc.A63B2039/003,1
counts_by_cpc.A63B2039/006,1
counts_by_cpc.A63B2047/022,1
counts_by_cpc.A63B2053/0479,2
counts_by_cpc.A63B2069/0006,1
counts_by_cpc.A63B2069/0008,2
counts_by_cpc.A63B2069/162,1
counts_by_cpc.A63B2069/402,1
counts_by_cpc.A63B2071/009,1
counts_by_cpc.A63B2071/024,1
counts_by_cpc.A63B2071/0625,2
counts_by_cpc.A63B2071/0638,1
counts_by_cpc.A63B2071/0694,2
counts_by_cpc.A63B21/0004,1
counts_by_cpc.A63B21/00065,2
counts_by_cpc.A63B21/00069,2
counts_by_cpc.A63B21/00072,1
counts_by_cpc.A63B21/0087,1
counts_by_cpc.A63B21/055,1
counts_by_cpc.A63B21/0552,1
counts_by_cpc.A63B21/0557,2
counts_by_cpc.A63B21/06,1
counts_by_cpc.A63B21/063,1
counts_by_cpc.A63B21/072,1
counts_by_cpc.A63B21/0726,1
counts_by_cpc.A63B21/0728,1
counts_by_cpc.A63B21/075,1
counts_by_cpc.A63B21/1469,1
counts_by_cpc.A63B21/153,1
counts_by_cpc.A63B21/154,1
counts_by_cpc.A63B21/156,1
counts_by_cpc.A63B21/16,1
counts_by_cpc.A63B21/1609,1
counts_by_cpc.A63B21/4033,1
counts_by_cpc.A63B21/4035,4
counts_by_cpc.A63B21/4043,1
counts_by_cpc.A63B21/4045,1
counts_by_cpc.A63B21/4047,2
counts_by_cpc.A63B2102/02,1
counts_by_cpc.A63B2102/18,1
counts_by_cpc.A63B2102/182,1
counts_by_cpc.A63B2102/32,1
counts_by_cpc.A63B2208/0233,2
counts_by_cpc.A63B2209/00,4
counts_by_cpc.A63B2209/02,1
counts_by_cpc.A63B2209/023,1
counts_by_cpc.A63B2209/14,1
counts_by_cpc.A63B2210/50,3
counts_by_cpc.A63B2214/00,1
counts_by_cpc.A63B2220/05,1
counts_by_cpc.A63B2220/35,1
counts_by_cpc.A63B2220/40,1
counts_by_cpc.A63B2220/801,1
counts_by_cpc.A63B2220/805,1
counts_by_cpc.A63B2220/806,4
counts_by_cpc.A63B2220/807,1
counts_by_cpc.A63B2220/833,2
counts_by_cpc.A63B2225/05,1
counts_by_cpc.A63B2225/055,2
counts_by_cpc.A63B2225/09,1
counts_by_cpc.A63B2225/093,1
counts_by_cpc.A63B2225/20,2
counts_by_cpc.A63B2225/54,1
counts_by_cpc.A63B2225/74,2
counts_by_cpc.A63B2243/0025,1
counts_by_cpc.A63B2243/0037,1
counts_by_cpc.A63B2244/102,1
counts_by_cpc.A63B23/03508,1
counts_by_cpc.A63B23/03516,1
counts_by_cpc.A63B23/03525,2
counts_by_cpc.A63B23/03533,1
counts_by_cpc.A63B23/0355,1
counts_by_cpc.A63B23/1218,1
counts_by_cpc.A63B23/1236,1
counts_by_cpc.A63B24/0003,1
counts_by_cpc.A63B24/0021,1
counts_by_cpc.A63B24/0062,1
counts_by_cpc.A63B27/00,5
counts_by_cpc.A63B33/00,1
counts_by_cpc.A63B37/005,1
counts_by_cpc.A63B39/00,1
counts_by_cpc.A63B41/02,1
counts_by_cpc.A63B41/08,1
counts_by_cpc.A63B47/002,1
counts_by_cpc.A63B47/02,1
counts_by_cpc.A63B47/021,1
counts_by_cpc.A63B47/025,2
counts_by_cpc.A63B5/11,1
counts_by_cpc.A63B51/12,1
counts_by_cpc.A63B53/0408,4
counts_by_cpc.A63B53/0433,1
counts_by_cpc.A63B53/0437,2
counts_by_cpc.A63B53/0466,2
counts_by_cpc.A63B53/047,1
counts_by_cpc.A63B53/0475,1
counts_by_cpc.A63B57/0037,1
counts_by_cpc.A63B59/50,1
counts_by_cpc.A63B60/02,1
counts_by_cpc.A63B60/54,2
counts_by_cpc.A63B63/083,1
counts_by_cpc.A63B67/06,1
counts_by_cpc.A63B69/0002,2
counts_by_cpc.A63B69/002,1
counts_by_cpc.A63B69/125,1
counts_by_cpc.A63B69/16,1
counts_by_cpc.A63B69/20,1
counts_by_cpc.A63B69/32,2
counts_by_cpc.A63B69/36,1
counts_by_cpc.A63B69/3658,1
counts_by_cpc.A63B69/3667,1
counts_by_cpc.A63B69/3694,1
counts_by_cpc.A63B69/40,1
counts_by_cpc.A63B69/406,1
counts_by_cpc.A63B69/409,1
counts_by_cpc.A63B71/06,1
counts_by_cpc.A63B71/0622,4
counts_by_cpc.A63B71/12,1
counts_by_cpc.A63C11/04,1
counts_by_cpc.A63C11/08,1
counts_by_cpc.A63C11/14,1
counts_by_cpc.A63C11/16,1
counts_by_cpc.A63C11/26,1
counts_by_cpc.A63C5/065,2
counts_by_cpc.A63F1/12,1
counts_by_cpc.A63F1/14,1
counts_by_cpc.A63F13/211,1
counts_by_cpc.A63F13/212,1
counts_by_cpc.A63F13/214,2
counts_by_cpc.A63F13/22,1
counts_by_cpc.A63F13/28,1
counts_by_cpc.A63F13/285,1
counts_by_cpc.A63F13/40,1
counts_by_cpc.A63F13/42,1
counts_by_cpc.A63F13/426,1
counts_by_cpc.A63F13/497,1
counts_by_cpc.A63F13/5252,1
counts_by_cpc.A63F13/533,1
counts_by_cpc.A63F13/55,1
counts_by_cpc.A63F13/56,1
counts_by_cpc.A63F13/577,1
counts_by_cpc.A63F13/58,1
counts_by_cpc.A63F13/60,1
counts_by_cpc.A63F13/63,2
counts_by_cpc.A63F13/655,1
counts_by_cpc.A63F13/67,1
counts_by_cpc.A63F13/837,1
counts_by_cpc.A63F13/847,1
counts_by_cpc.A63F13/86,1
counts_by_cpc.A63F2001/005,1
counts_by_cpc.A63F2300/1012,1
counts_by_cpc.A63F2300/105,1
counts_by_cpc.A63F2300/1068,1
counts_by_cpc.A63F2300/5553,1
counts_by_cpc.A63F2300/65,1
counts_by_cpc.A63F7/027,1
counts_by_cpc.A63F7/3075,1
counts_by_cpc.A63F7/3603,1
counts_by_cpc.A63G21/04,1
counts_by_cpc.A63G21/10,1
counts_by_cpc.A63G31/00,1
counts_by_cpc.A63G31/04,1
counts_by_cpc.A63G31/16,1
counts_by_cpc.A63G33/00,1
counts_by_cpc.A63G7/00,1
counts_by_cpc.A63H17/002,1
counts_by_cpc.A63H17/26,1
counts_by_cpc.A63H17/262,1
counts_by_cpc.A63H19/30,2
counts_by_cpc.A63H2027/1083,1
counts_by_cpc.A63H23/10,3
counts_by_cpc.A63H27/02,1
counts_by_cpc.A63H27/10,1
counts_by_cpc.A63H3/005,2
counts_by_cpc.A63H3/26,2
counts_by_cpc.A63H3/36,2
counts_by_cpc.A63H3/50,4
counts_by_cpc.A63H33/006,1
counts_by_cpc.A63H33/04,3
counts_by_cpc.A63H33/06,6
counts_by_cpc.A63H33/108,1
counts_by_cpc.A63H33/28,1
counts_by_cpc.A63J5/025,1
counts_by_cpc.B01D1/007,1
counts_by_cpc.B01D1/22,1
counts_by_cpc.B01D1/221,1
counts_by_cpc.B01D15/203,1
counts_by_cpc.B01D17/0217,1
counts_by_cpc.B01D19/0031,1
counts_by_cpc.B01D19/0057,1
counts_by_cpc.B01D21/0045,1
counts_by_cpc.B01D21/01,1
counts_by_cpc.B01D21/2416,1
counts_by_cpc.B01D21/245,1
counts_by_cpc.B01D21/262,1
counts_by_cpc.B01D2201/04,1
counts_by_cpc.B01D2201/12,1
counts_by_cpc.B01D2201/127,1
counts_by_cpc.B01D2201/287,1
counts_by_cpc.B01D2201/291,1
counts_by_cpc.B01D2201/301,1
counts_by_cpc.B01D2221/16,1
counts_by_cpc.B01D2239/0442,1
counts_by_cpc.B01D2239/0654,1
counts_by_cpc.B01D2239/10,1
counts_by_cpc.B01D2251/504,1
counts_by_cpc.B01D2251/506,1
counts_by_cpc.B01D2252/103,1
counts_by_cpc.B01D2252/204,1
counts_by_cpc.B01D2253/102,3
counts_by_cpc.B01D2253/1124,1
counts_by_cpc.B01D2253/204,1
counts_by_cpc.B01D2253/3425,1
counts_by_cpc.B01D2255/1021,1
counts_by_cpc.B01D2255/1025,1
counts_by_cpc.B01D2255/2065,1
counts_by_cpc.B01D2255/2092,1
counts_by_cpc.B01D2255/407,1
counts_by_cpc.B01D2255/9022,1
counts_by_cpc.B01D2255/908,1
counts_by_cpc.B01D2257/106,1
counts_by_cpc.B01D2257/304,1
counts_by_cpc.B01D2257/406,1
counts_by_cpc.B01D2257/502,1
counts_by_cpc.B01D2257/504,3
counts_by_cpc.B01D2257/702,1
counts_by_cpc.B01D2257/80,1
counts_by_cpc.B01D2257/91,1
counts_by_cpc.B01D2258/02,1
counts_by_cpc.B01D2258/0216,1
counts_by_cpc.B01D2258/0283,1
counts_by_cpc.B01D2258/06,1
counts_by_cpc.B01D2259/40086,1
counts_by_cpc.B01D2259/40088,1
counts_by_cpc.B01D2259/4566,1
counts_by_cpc.B01D2259/4575,1
counts_by_cpc.B01D2259/655,1
counts_by_cpc.B01D2271/02,1
counts_by_cpc.B01D2273/30,1
counts_by_cpc.B01D2279/30,1
counts_by_cpc.B01D2311/16,1
counts_by_cpc.B01D2311/2643,1
counts_by_cpc.B01D2313/025,1
counts_by_cpc.B01D2319/04,1
counts_by_cpc.B01D2325/0283,1
counts_by_cpc.B01D2325/02834,1
counts_by_cpc.B01D24/10,2
counts_by_cpc.B01D29/00,1
counts_by_cpc.B01D29/0097,1
counts_by_cpc.B01D29/03,1
counts_by_cpc.B01D29/13,1
counts_by_cpc.B01D29/25,1
counts_by_cpc.B01D29/445,1
counts_by_cpc.B01D29/52,1
counts_by_cpc.B01D29/56,1
counts_by_cpc.B01D29/60,1
counts_by_cpc.B01D29/885,1
counts_by_cpc.B01D29/945,1
counts_by_cpc.B01D29/96,2
counts_by_cpc.B01D3/00,4
counts_by_cpc.B01D3/06,1
counts_by_cpc.B01D3/143,1
counts_by_cpc.B01D3/28,4
counts_by_cpc.B01D3/32,4
counts_by_cpc.B01D3/4294,1
counts_by_cpc.B01D33/04,1
counts_by_cpc.B01D35/02,1
counts_by_cpc.B01D35/153,1
counts_by_cpc.B01D36/006,1
counts_by_cpc.B01D36/04,1
counts_by_cpc.B01D39/083,1
counts_by_cpc.B01D39/14,1
counts_by_cpc.B01D39/16,1
counts_by_cpc.B01D39/1623,2
counts_by_cpc.B01D39/2017,1
counts_by_cpc.B01D39/2065,1
counts_by_cpc.B01D45/02,1
counts_by_cpc.B01D45/08,1
counts_by_cpc.B01D46/0002,1
counts_by_cpc.B01D46/0004,1
counts_by_cpc.B01D46/0043,1
counts_by_cpc.B01D46/0047,1
counts_by_cpc.B01D46/0086,1
counts_by_cpc.B01D46/10,1
counts_by_cpc.B01D46/103,1
counts_by_cpc.B01D46/16,1
counts_by_cpc.B01D46/22,1
counts_by_cpc.B01D46/24,1
counts_by_cpc.B01D46/2429,1
counts_by_cpc.B01D46/24491,1
counts_by_cpc.B01D46/247,1
counts_by_cpc.B01D46/2474,1
counts_by_cpc.B01D46/2482,1
counts_by_cpc.B01D46/2484,1
counts_by_cpc.B01D46/249,1
counts_by_cpc.B01D46/2494,1
counts_by_cpc.B01D46/2498,1
counts_by_cpc.B01D46/4263,1
counts_by_cpc.B01D46/521,1
counts_by_cpc.B01D46/681,1
counts_by_cpc.B01D47/021,1
counts_by_cpc.B01D47/024,1
counts_by_cpc.B01D47/025,1
counts_by_cpc.B01D47/06,1
counts_by_cpc.B01D5/0015,1
counts_by_cpc.B01D5/0039,1
counts_by_cpc.B01D5/006,1
counts_by_cpc.B01D50/40,1
counts_by_cpc.B01D53/002,2
counts_by_cpc.B01D53/005,1
counts_by_cpc.B01D53/02,1
counts_by_cpc.B01D53/04,2
counts_by_cpc.B01D53/0407,1
counts_by_cpc.B01D53/0415,1
counts_by_cpc.B01D53/0438,1
counts_by_cpc.B01D53/0446,1
counts_by_cpc.B01D53/0476,1
counts_by_cpc.B01D53/1425,2
counts_by_cpc.B01D53/1468,1
counts_by_cpc.B01D53/1475,2
counts_by_cpc.B01D53/1493,1
counts_by_cpc.B01D53/18,1
counts_by_cpc.B01D53/26,1
counts_by_cpc.B01D53/261,1
counts_by_cpc.B01D53/265,1
counts_by_cpc.B01D53/268,1
counts_by_cpc.B01D53/32,1
counts_by_cpc.B01D53/326,1
counts_by_cpc.B01D53/343,2
counts_by_cpc.B01D53/526,1
counts_by_cpc.B01D53/58,1
counts_by_cpc.B01D53/62,2
counts_by_cpc.B01D53/75,2
counts_by_cpc.B01D53/78,1
counts_by_cpc.B01D53/79,1
counts_by_cpc.B01D53/945,1
counts_by_cpc.B01D53/96,2
counts_by_cpc.B01D61/0022,1
counts_by_cpc.B01D61/005,1
counts_by_cpc.B01D61/12,1
counts_by_cpc.B01D61/149,1
counts_by_cpc.B01D61/18,1
counts_by_cpc.B01D61/243,1
counts_by_cpc.B01D63/02,2
counts_by_cpc.B01D63/0232,1
counts_by_cpc.B01D63/14,1
counts_by_cpc.B01D65/08,1
counts_by_cpc.B01D69/02,1
counts_by_cpc.B01D69/10,1
counts_by_cpc.B01D7/00,1
counts_by_cpc.B01D71/02,1
counts_by_cpc.B01D71/02232,1
counts_by_cpc.B01D71/261,1
counts_by_cpc.B01D71/262,1
counts_by_cpc.B01D71/34,1
counts_by_cpc.B01D71/36,1
counts_by_cpc.B01F2025/9321,1
counts_by_cpc.B01F2035/352,1
counts_by_cpc.B01F2101/005,1
counts_by_cpc.B01F2101/06,1
counts_by_cpc.B01F2101/14,1
counts_by_cpc.B01F2101/23,1
counts_by_cpc.B01F2101/2305,1
counts_by_cpc.B01F2101/28,1
counts_by_cpc.B01F2101/2805,1
counts_by_cpc.B01F2101/305,1
counts_by_cpc.B01F23/451,1
counts_by_cpc.B01F23/511,1
counts_by_cpc.B01F23/565,1
counts_by_cpc.B01F23/59,1
counts_by_cpc.B01F25/2121,1
counts_by_cpc.B01F25/2122,1
counts_by_cpc.B01F25/2123,1
counts_by_cpc.B01F25/31243,1
counts_by_cpc.B01F25/41,1
counts_by_cpc.B01F25/433,1
counts_by_cpc.B01F25/434,1
counts_by_cpc.B01F25/4342,1
counts_by_cpc.B01F25/54,1
counts_by_cpc.B01F27/1143,1
counts_by_cpc.B01F27/251,1
counts_by_cpc.B01F27/2712,1
counts_by_cpc.B01F27/2713,1
counts_by_cpc.B01F27/272,1
counts_by_cpc.B01F27/2723,1
counts_by_cpc.B01F27/70,1
counts_by_cpc.B01F27/806,1
counts_by_cpc.B01F27/90,1
counts_by_cpc.B01F27/96,1
counts_by_cpc.B01F33/301,1
counts_by_cpc.B01F33/452,1
counts_by_cpc.B01F33/5011,1
counts_by_cpc.B01F33/50111,1
counts_by_cpc.B01F33/5014,1
counts_by_cpc.B01F33/805,1
counts_by_cpc.B01F35/1453,1
counts_by_cpc.B01F35/181,1
counts_by_cpc.B01F35/212,1
counts_by_cpc.B01F35/2211,1
counts_by_cpc.B01F35/3214,1
counts_by_cpc.B01F35/411,1
counts_by_cpc.B01F35/43,10
counts_by_cpc.B01F35/7182,1
counts_by_cpc.B01F35/752,1
counts_by_cpc.B01F35/754551,1
counts_by_cpc.B01J10/005,1
counts_by_cpc.B01J12/005,1
counts_by_cpc.B01J13/0091,1
counts_by_cpc.B01J13/04,2
counts_by_cpc.B01J13/043,1
counts_by_cpc.B01J13/16,1
counts_by_cpc.B01J13/185,3
counts_by_cpc.B01J13/20,1
counts_by_cpc.B01J19/0013,1
counts_by_cpc.B01J19/004,1
counts_by_cpc.B01J19/0046,1
counts_by_cpc.B01J19/0053,1
counts_by_cpc.B01J19/0066,1
counts_by_cpc.B01J19/0073,1
counts_by_cpc.B01J19/02,1
counts_by_cpc.B01J19/123,1
counts_by_cpc.B01J19/127,2
counts_by_cpc.B01J19/18,1
counts_by_cpc.B01J19/2405,1
counts_by_cpc.B01J19/2415,1
counts_by_cpc.B01J19/246,1
counts_by_cpc.B01J19/32,1
counts_by_cpc.B01J19/325,4
counts_by_cpc.B01J2/00,1
counts_by_cpc.B01J2/006,3
counts_by_cpc.B01J2/12,1
counts_by_cpc.B01J2/18,1
counts_by_cpc.B01J2/26,1
counts_by_cpc.B01J2/28,1
counts_by_cpc.B01J20/041,1
counts_by_cpc.B01J20/08,1
counts_by_cpc.B01J20/12,1
counts_by_cpc.B01J20/16,1
counts_by_cpc.B01J20/20,3
counts_by_cpc.B01J20/22,2
counts_by_cpc.B01J20/226,1
counts_by_cpc.B01J20/24,1
counts_by_cpc.B01J20/262,1
counts_by_cpc.B01J20/28,1
counts_by_cpc.B01J20/28004,1
counts_by_cpc.B01J20/28011,1
counts_by_cpc.B01J20/28019,2
counts_by_cpc.B01J20/28045,1
counts_by_cpc.B01J20/28085,1
counts_by_cpc.B01J20/30,1
counts_by_cpc.B01J20/3007,1
counts_by_cpc.B01J20/3021,1
counts_by_cpc.B01J20/3028,1
counts_by_cpc.B01J20/3042,1
counts_by_cpc.B01J20/3064,2
counts_by_cpc.B01J20/3071,1
counts_by_cpc.B01J20/3078,2
counts_by_cpc.B01J20/3212,1
counts_by_cpc.B01J20/3214,1
counts_by_cpc.B01J20/3242,1
counts_by_cpc.B01J20/3272,1
counts_by_cpc.B01J20/3416,1
counts_by_cpc.B01J20/345,1
counts_by_cpc.B01J20/3483,1
counts_by_cpc.B01J2029/062,1
counts_by_cpc.B01J21/04,2
counts_by_cpc.B01J21/12,1
counts_by_cpc.B01J21/16,1
counts_by_cpc.B01J21/18,2
counts_by_cpc.B01J2204/002,1
counts_by_cpc.B01J2208/00132,1
counts_by_cpc.B01J2208/00168,1
counts_by_cpc.B01J2208/00371,1
counts_by_cpc.B01J2208/0053,1
counts_by_cpc.B01J2208/00814,1
counts_by_cpc.B01J2219/00076,1
counts_by_cpc.B01J2219/00189,1
counts_by_cpc.B01J2219/00686,1
counts_by_cpc.B01J2219/00698,1
counts_by_cpc.B01J2219/00725,1
counts_by_cpc.B01J2219/0877,1
counts_by_cpc.B01J2219/0892,1
counts_by_cpc.B01J2219/1203,1
counts_by_cpc.B01J2219/1943,1
counts_by_cpc.B01J2219/32244,1
counts_by_cpc.B01J2219/32275,4
counts_by_cpc.B01J2219/3306,1
counts_by_cpc.B01J2220/46,1
counts_by_cpc.B01J2220/66,1
counts_by_cpc.B01J2229/18,1
counts_by_cpc.B01J23/02,1
counts_by_cpc.B01J23/06,1
counts_by_cpc.B01J23/10,1
counts_by_cpc.B01J23/44,2
counts_by_cpc.B01J23/464,1
counts_by_cpc.B01J23/75,1
counts_by_cpc.B01J23/755,1
counts_by_cpc.B01J23/83,1
counts_by_cpc.B01J23/8472,1
counts_by_cpc.B01J23/8906,1
counts_by_cpc.B01J23/96,1
counts_by_cpc.B01J27/16,1
counts_by_cpc.B01J27/24,1
counts_by_cpc.B01J29/088,1
counts_by_cpc.B01J29/405,1
counts_by_cpc.B01J29/7057,1
counts_by_cpc.B01J29/80,1
counts_by_cpc.B01J29/89,1
counts_by_cpc.B01J3/006,1
counts_by_cpc.B01J31/185,1
counts_by_cpc.B01J35/19,1
counts_by_cpc.B01J35/30,2
counts_by_cpc.B01J35/37,1
counts_by_cpc.B01J35/39,2
counts_by_cpc.B01J35/40,2
counts_by_cpc.B01J35/45,2
counts_by_cpc.B01J35/50,1
counts_by_cpc.B01J35/51,1
counts_by_cpc.B01J35/56,1
counts_by_cpc.B01J35/57,2
counts_by_cpc.B01J35/613,2
counts_by_cpc.B01J35/615,2
counts_by_cpc.B01J35/617,1
counts_by_cpc.B01J35/618,1
counts_by_cpc.B01J35/633,1
counts_by_cpc.B01J35/635,1
counts_by_cpc.B01J35/638,1
counts_by_cpc.B01J35/647,2
counts_by_cpc.B01J37/0018,2
counts_by_cpc.B01J37/009,2
counts_by_cpc.B01J37/0203,1
counts_by_cpc.B01J37/0207,1
counts_by_cpc.B01J37/0213,1
counts_by_cpc.B01J37/0221,1
counts_by_cpc.B01J37/0236,2
counts_by_cpc.B01J37/024,1
counts_by_cpc.B01J37/031,1
counts_by_cpc.B01J37/038,1
counts_by_cpc.B01J37/04,7
counts_by_cpc.B01J37/06,2
counts_by_cpc.B01J37/08,2
counts_by_cpc.B01J37/082,2
counts_by_cpc.B01J37/088,2
counts_by_cpc.B01J37/10,1
counts_by_cpc.B01J37/342,1
counts_by_cpc.B01J37/343,2
counts_by_cpc.B01J37/344,2
counts_by_cpc.B01J38/485,1
counts_by_cpc.B01J4/005,1
counts_by_cpc.B01J41/05,1
counts_by_cpc.B01J41/13,1
counts_by_cpc.B01J41/14,1
counts_by_cpc.B01J47/12,1
counts_by_cpc.B01J49/40,1
counts_by_cpc.B01J49/50,1
counts_by_cpc.B01J6/008,1
counts_by_cpc.B01J8/005,1
counts_by_cpc.B01J8/0055,2
counts_by_cpc.B01J8/006,2
counts_by_cpc.B01J8/007,1
counts_by_cpc.B01J8/0411,1
counts_by_cpc.B01J8/0469,1
counts_by_cpc.B01J8/0492,1
counts_by_cpc.B01J8/0496,1
counts_by_cpc.B01J8/224,1
counts_by_cpc.B01L1/025,1
counts_by_cpc.B01L1/04,1
counts_by_cpc.B01L1/50,1
counts_by_cpc.B01L2200/025,1
counts_by_cpc.B01L2200/026,1
counts_by_cpc.B01L2200/028,2
counts_by_cpc.B01L2200/04,1
counts_by_cpc.B01L2200/0647,2
counts_by_cpc.B01L2200/0663,1
counts_by_cpc.B01L2200/0673,1
counts_by_cpc.B01L2200/0689,3
counts_by_cpc.B01L2200/087,1
counts_by_cpc.B01L2200/141,1
counts_by_cpc.B01L2200/142,1
counts_by_cpc.B01L2200/147,1
counts_by_cpc.B01L2200/16,3
counts_by_cpc.B01L2300/027,2
counts_by_cpc.B01L2300/0645,2
counts_by_cpc.B01L2300/0654,2
counts_by_cpc.B01L2300/0816,1
counts_by_cpc.B01L2300/0829,1
counts_by_cpc.B01L2300/0832,1
counts_by_cpc.B01L2300/0864,1
counts_by_cpc.B01L2300/0877,1
counts_by_cpc.B01L2300/0883,2
counts_by_cpc.B01L2300/12,1
counts_by_cpc.B01L2300/123,1
counts_by_cpc.B01L2300/18,1
counts_by_cpc.B01L2300/1805,1
counts_by_cpc.B01L2300/185,1
counts_by_cpc.B01L2400/0487,2
counts_by_cpc.B01L2400/0633,1
counts_by_cpc.B01L3/021,1
counts_by_cpc.B01L3/0265,1
counts_by_cpc.B01L3/0275,2
counts_by_cpc.B01L3/502,2
counts_by_cpc.B01L3/502715,2
counts_by_cpc.B01L3/502761,2
counts_by_cpc.B01L3/502784,1
counts_by_cpc.B01L3/508,1
counts_by_cpc.B01L3/50851,1
counts_by_cpc.B01L3/563,2
counts_by_cpc.B01L7/00,1
counts_by_cpc.B01L7/52,1
counts_by_cpc.B01L7/525,1
counts_by_cpc.B01L9/00,1
counts_by_cpc.B01L9/06,1
counts_by_cpc.B01L9/50,3
counts_by_cpc.B01L9/52,2
counts_by_cpc.B01L9/523,1
counts_by_cpc.B01L99/00,1
counts_by_cpc.B02C13/16,1
counts_by_cpc.B02C17/22,1
counts_by_cpc.B02C18/02,1
counts_by_cpc.B02C18/04,1
counts_by_cpc.B02C18/30,21
counts_by_cpc.B02C18/305,21
counts_by_cpc.B02C19/18,1
counts_by_cpc.B02C2013/2816,1
counts_by_cpc.B02C21/026,1
counts_by_cpc.B02C2210/01,1
counts_by_cpc.B02C23/10,1
counts_by_cpc.B02C23/16,1
counts_by_cpc.B02C25/00,1
counts_by_cpc.B03B9/06,2
counts_by_cpc.B03C1/23,1
counts_by_cpc.B03C2201/20,1
counts_by_cpc.B03C3/04,1
counts_by_cpc.B03C3/28,1
counts_by_cpc.B04B11/02,1
counts_by_cpc.B04B5/0442,1
counts_by_cpc.B04B9/06,1
counts_by_cpc.B05B1/1636,1
counts_by_cpc.B05B1/1654,1
counts_by_cpc.B05B1/18,1
counts_by_cpc.B05B1/185,1
counts_by_cpc.B05B1/20,1
counts_by_cpc.B05B1/308,1
counts_by_cpc.B05B11/04,4
counts_by_cpc.B05B12/085,1
counts_by_cpc.B05B12/124,1
counts_by_cpc.B05B13/0221,2
counts_by_cpc.B05B13/0235,1
counts_by_cpc.B05B13/025,1
counts_by_cpc.B05B13/0278,1
counts_by_cpc.B05B13/0431,1
counts_by_cpc.B05B13/0452,1
counts_by_cpc.B05B14/20,1
counts_by_cpc.B05B14/42,1
counts_by_cpc.B05B15/18,1
counts_by_cpc.B05B15/40,1
counts_by_cpc.B05B15/50,1
counts_by_cpc.B05B15/555,1
counts_by_cpc.B05B15/62,6
counts_by_cpc.B05B15/654,1
counts_by_cpc.B05B15/68,1
counts_by_cpc.B05B15/70,1
counts_by_cpc.B05B17/0615,1
counts_by_cpc.B05B17/0676,1
counts_by_cpc.B05B17/08,2
counts_by_cpc.B05B3/001,1
counts_by_cpc.B05B3/0417,1
counts_by_cpc.B05B5/084,2
counts_by_cpc.B05B5/087,1
counts_by_cpc.B05B7/045,1
counts_by_cpc.B05B7/10,1
counts_by_cpc.B05B7/1463,1
counts_by_cpc.B05B7/2489,1
counts_by_cpc.B05B9/0861,1
counts_by_cpc.B05C1/022,1
counts_by_cpc.B05C1/06,1
counts_by_cpc.B05C1/0808,1
counts_by_cpc.B05C1/0891,1
counts_by_cpc.B05C1/14,1
counts_by_cpc.B05C1/165,1
counts_by_cpc.B05C11/00,2
counts_by_cpc.B05C11/08,1
counts_by_cpc.B05C11/10,1
counts_by_cpc.B05C11/1002,1
counts_by_cpc.B05C11/1013,2
counts_by_cpc.B05C11/1023,1
counts_by_cpc.B05C11/1026,1
counts_by_cpc.B05C11/1036,1
counts_by_cpc.B05C11/1044,1
counts_by_cpc.B05C17/00516,1
counts_by_cpc.B05C17/00533,1
counts_by_cpc.B05C17/00553,1
counts_by_cpc.B05C17/01,1
counts_by_cpc.B05C19/00,1
counts_by_cpc.B05C19/04,3
counts_by_cpc.B05C3/005,1
counts_by_cpc.B05C3/09,1
counts_by_cpc.B05C3/10,1
counts_by_cpc.B05C5/02,1
counts_by_cpc.B05C5/0216,1
counts_by_cpc.B05C5/0254,3
counts_by_cpc.B05C9/08,1
counts_by_cpc.B05C9/14,1
counts_by_cpc.B05D1/02,3
counts_by_cpc.B05D1/12,1
counts_by_cpc.B05D1/20,1
counts_by_cpc.B05D1/30,1
counts_by_cpc.B05D2501/10,1
counts_by_cpc.B05D3/067,1
counts_by_cpc.B05D7/20,1
counts_by_cpc.B06B1/0292,1
counts_by_cpc.B06B1/06,1
counts_by_cpc.B06B1/0622,1
counts_by_cpc.B06B1/08,1
counts_by_cpc.B06B1/18,3
counts_by_cpc.B06B1/186,2
counts_by_cpc.B06B3/02,1
counts_by_cpc.B07B1/005,1
counts_by_cpc.B07B1/06,2
counts_by_cpc.B07B1/20,1
counts_by_cpc.B07B1/22,1
counts_by_cpc.B07B1/28,8
counts_by_cpc.B07B1/343,4
counts_by_cpc.B07B1/36,1
counts_by_cpc.B07B1/42,6
counts_by_cpc.B07B1/46,8
counts_by_cpc.B07B1/4609,1
counts_by_cpc.B07B1/524,1
counts_by_cpc.B07B11/00,1
counts_by_cpc.B07B11/02,2
counts_by_cpc.B07B11/04,1
counts_by_cpc.B07B11/06,4
counts_by_cpc.B07B11/08,1
counts_by_cpc.B07B13/00,2
counts_by_cpc.B07B13/04,14
counts_by_cpc.B07B13/11,14
counts_by_cpc.B07B13/16,14
counts_by_cpc.B07B2201/04,1
counts_by_cpc.B07B4/00,3
counts_by_cpc.B07B4/02,4
counts_by_cpc.B07B4/06,1
counts_by_cpc.B07B4/08,3
counts_by_cpc.B07B7/01,2
counts_by_cpc.B07B9/00,5
counts_by_cpc.B07C1/025,8
counts_by_cpc.B07C1/04,1
counts_by_cpc.B07C2301/00,2
counts_by_cpc.B07C2501/00,2
counts_by_cpc.B07C2501/0072,1
counts_by_cpc.B07C2501/0081,36
counts_by_cpc.B07C2501/009,14
counts_by_cpc.B07C3/00,1
counts_by_cpc.B07C3/003,2
counts_by_cpc.B07C3/008,6
counts_by_cpc.B07C3/02,2
counts_by_cpc.B07C3/08,2
counts_by_cpc.B07C3/087,2
counts_by_cpc.B07C3/14,2
counts_by_cpc.B07C3/18,2
counts_by_cpc.B07C5/00,2
counts_by_cpc.B07C5/02,17
counts_by_cpc.B07C5/04,14
counts_by_cpc.B07C5/08,1
counts_by_cpc.B07C5/10,1
counts_by_cpc.B07C5/122,28
counts_by_cpc.B07C5/124,4
counts_by_cpc.B07C5/126,1
counts_by_cpc.B07C5/16,13
counts_by_cpc.B07C5/18,1
counts_by_cpc.B07C5/24,1
counts_by_cpc.B07C5/34,44
counts_by_cpc.B07C5/3404,1
counts_by_cpc.B07C5/3408,1
counts_by_cpc.B07C5/3412,4
counts_by_cpc.B07C5/3416,19
counts_by_cpc.B07C5/342,2
counts_by_cpc.B07C5/3422,13
counts_by_cpc.B07C5/3425,15
counts_by_cpc.B07C5/344,1
counts_by_cpc.B07C5/36,39
counts_by_cpc.B07C5/361,2
counts_by_cpc.B07C5/362,30
counts_by_cpc.B07C5/363,2
counts_by_cpc.B07C5/365,21
counts_by_cpc.B07C5/38,6
counts_by_cpc.B08B1/005,1
counts_by_cpc.B08B1/10,1
counts_by_cpc.B08B1/12,3
counts_by_cpc.B08B1/14,1
counts_by_cpc.B08B1/143,1
counts_by_cpc.B08B1/165,3
counts_by_cpc.B08B1/20,1
counts_by_cpc.B08B1/30,2
counts_by_cpc.B08B1/34,3
counts_by_cpc.B08B1/40,1
counts_by_cpc.B08B1/52,7
counts_by_cpc.B08B1/54,2
counts_by_cpc.B08B13/00,2
counts_by_cpc.B08B15/00,22
counts_by_cpc.B08B15/002,1
counts_by_cpc.B08B15/005,4
counts_by_cpc.B08B15/04,1
counts_by_cpc.B08B2209/02,1
counts_by_cpc.B08B2209/04,1
counts_by_cpc.B08B2209/08,1
counts_by_cpc.B08B2215/006,20
counts_by_cpc.B08B3/02,8
counts_by_cpc.B08B3/022,1
counts_by_cpc.B08B3/04,1
counts_by_cpc.B08B3/041,3
counts_by_cpc.B08B3/08,2
counts_by_cpc.B08B3/10,1
counts_by_cpc.B08B3/102,1
counts_by_cpc.B08B3/12,3
counts_by_cpc.B08B3/123,2
counts_by_cpc.B08B3/14,1
counts_by_cpc.B08B5/02,1
counts_by_cpc.B08B5/026,1
counts_by_cpc.B08B5/04,1
counts_by_cpc.B08B9/00,9
counts_by_cpc.B08B9/023,1
counts_by_cpc.B08B9/027,1
counts_by_cpc.B08B9/032,1
counts_by_cpc.B08B9/0321,2
counts_by_cpc.B08B9/0328,1
counts_by_cpc.B08B9/0436,5
counts_by_cpc.B08B9/045,1
counts_by_cpc.B08B9/0552,1
counts_by_cpc.B08B9/093,1
counts_by_cpc.B08B9/28,2
counts_by_cpc.B09B2101/15,1
counts_by_cpc.B09B2101/16,1
counts_by_cpc.B09B2101/70,1
counts_by_cpc.B09B3/00,7
counts_by_cpc.B09B3/30,1
counts_by_cpc.B09B3/35,1
counts_by_cpc.B09B3/40,1
counts_by_cpc.B09B3/70,1
counts_by_cpc.B09B3/80,1
counts_by_cpc.B09C1/002,1
counts_by_cpc.B09C1/02,1
counts_by_cpc.B09C1/025,1
counts_by_cpc.B09C1/06,1
counts_by_cpc.B21B19/04,1
counts_by_cpc.B21B37/16,1
counts_by_cpc.B21B37/46,1
counts_by_cpc.B21B37/58,1
counts_by_cpc.B21B37/74,1
counts_by_cpc.B21B39/02,4
counts_by_cpc.B21B39/04,4
counts_by_cpc.B21B39/16,4
counts_by_cpc.B21B39/18,4
counts_by_cpc.B21B39/34,4
counts_by_cpc.B21C23/002,1
counts_by_cpc.B21C23/085,1
counts_by_cpc.B21C25/02,1
counts_by_cpc.B21C25/04,1
counts_by_cpc.B21C37/0815,4
counts_by_cpc.B21C37/083,4
counts_by_cpc.B21C47/242,1
counts_by_cpc.B21C51/00,1
counts_by_cpc.B21D1/06,3
counts_by_cpc.B21D1/065,1
counts_by_cpc.B21D1/10,1
counts_by_cpc.B21D11/20,2
counts_by_cpc.B21D13/02,1
counts_by_cpc.B21D22/02,1
counts_by_cpc.B21D22/022,2
counts_by_cpc.B21D22/26,1
counts_by_cpc.B21D26/055,1
counts_by_cpc.B21D28/06,1
counts_by_cpc.B21D28/12,1
counts_by_cpc.B21D28/243,1
counts_by_cpc.B21D28/26,2
counts_by_cpc.B21D3/16,1
counts_by_cpc.B21D37/02,1
counts_by_cpc.B21D37/04,2
counts_by_cpc.B21D37/08,2
counts_by_cpc.B21D37/145,5
counts_by_cpc.B21D37/16,1
counts_by_cpc.B21D39/021,1
counts_by_cpc.B21D39/04,4
counts_by_cpc.B21D39/08,4
counts_by_cpc.B21D43/003,5
counts_by_cpc.B21D43/02,2
counts_by_cpc.B21D43/05,11
counts_by_cpc.B21D43/055,10
counts_by_cpc.B21D43/057,3
counts_by_cpc.B21D43/10,7
counts_by_cpc.B21D43/105,57
counts_by_cpc.B21D43/14,2
counts_by_cpc.B21D43/18,50
counts_by_cpc.B21D43/20,5
counts_by_cpc.B21D43/22,5
counts_by_cpc.B21D43/24,12
counts_by_cpc.B21D43/26,2
counts_by_cpc.B21D45/00,1
counts_by_cpc.B21D45/02,2
counts_by_cpc.B21D45/04,1
counts_by_cpc.B21D5/00,1
counts_by_cpc.B21D5/01,1
counts_by_cpc.B21D5/02,4
counts_by_cpc.B21D5/0254,2
counts_by_cpc.B21D5/0281,24
counts_by_cpc.B21D5/12,4
counts_by_cpc.B21D5/14,4
counts_by_cpc.B21D5/16,1
counts_by_cpc.B21D51/18,5
counts_by_cpc.B21D51/2692,1
counts_by_cpc.B21D51/46,1
counts_by_cpc.B21J13/08,4
counts_by_cpc.B21J15/04,1
counts_by_cpc.B21J15/10,4
counts_by_cpc.B21J15/14,6
counts_by_cpc.B21J15/142,8
counts_by_cpc.B21J7/28,1
counts_by_cpc.B21J7/46,1
counts_by_cpc.B21K5/04,1
counts_by_cpc.B22C19/00,1
counts_by_cpc.B22C9/02,1
counts_by_cpc.B22C9/082,1
counts_by_cpc.B22C9/22,1
counts_by_cpc.B22D11/117,1
counts_by_cpc.B22D15/00,1
counts_by_cpc.B22D15/02,1
counts_by_cpc.B22D15/04,1
counts_by_cpc.B22D17/2007,1
counts_by_cpc.B22D17/2084,4
counts_by_cpc.B22D19/00,1
counts_by_cpc.B22D19/0009,1
counts_by_cpc.B22D19/04,1
counts_by_cpc.B22D19/16,1
counts_by_cpc.B22D25/026,1
counts_by_cpc.B22D25/04,1
counts_by_cpc.B22D41/58,1
counts_by_cpc.B22F1/0545,1
counts_by_cpc.B22F1/10,1
counts_by_cpc.B22F1/102,1
counts_by_cpc.B22F1/103,1
counts_by_cpc.B22F1/107,1
counts_by_cpc.B22F1/145,2
counts_by_cpc.B22F1/16,2
counts_by_cpc.B22F10/16,1
counts_by_cpc.B22F10/28,5
counts_by_cpc.B22F10/38,1
counts_by_cpc.B22F10/66,1
counts_by_cpc.B22F10/85,1
counts_by_cpc.B22F12/30,1
counts_by_cpc.B22F12/52,1
counts_by_cpc.B22F12/53,1
counts_by_cpc.B22F12/55,1
counts_by_cpc.B22F12/70,1
counts_by_cpc.B22F12/90,3
counts_by_cpc.B22F2003/1051,1
counts_by_cpc.B22F2003/1053,1
counts_by_cpc.B22F2003/247,1
counts_by_cpc.B22F2003/248,2
counts_by_cpc.B22F2005/002,1
counts_by_cpc.B22F2009/043,1
counts_by_cpc.B22F2009/0824,1
counts_by_cpc.B22F2201/02,1
counts_by_cpc.B22F2201/03,1
counts_by_cpc.B22F2201/04,1
counts_by_cpc.B22F2201/05,1
counts_by_cpc.B22F2203/11,1
counts_by_cpc.B22F2301/052,2
counts_by_cpc.B22F2301/15,1
counts_by_cpc.B22F2301/205,1
counts_by_cpc.B22F2301/35,2
counts_by_cpc.B22F2301/355,1
counts_by_cpc.B22F2304/10,1
counts_by_cpc.B22F2998/10,4
counts_by_cpc.B22F2999/00,3
counts_by_cpc.B22F3/004,1
counts_by_cpc.B22F3/1028,1
counts_by_cpc.B22F3/1039,1
counts_by_cpc.B22F3/105,2
counts_by_cpc.B22F3/16,1
counts_by_cpc.B22F3/18,1
counts_by_cpc.B22F3/24,3
counts_by_cpc.B22F3/26,1
counts_by_cpc.B22F7/00,1
counts_by_cpc.B22F7/04,1
counts_by_cpc.B22F7/064,1
counts_by_cpc.B22F9/04,2
counts_by_cpc.B22F9/082,1
counts_by_cpc.B22F9/20,1
counts_by_cpc.B22F9/24,1
counts_by_cpc.B23B11/00,1
counts_by_cpc.B23B2220/12,1
counts_by_cpc.B23B2226/61,1
counts_by_cpc.B23B2226/75,1
counts_by_cpc.B23B2228/105,1
counts_by_cpc.B23B2228/24,1
counts_by_cpc.B23B2231/0204,1
counts_by_cpc.B23B2231/2021,2
counts_by_cpc.B23B2231/2091,2
counts_by_cpc.B23B2231/38,1
counts_by_cpc.B23B2233/08,9
counts_by_cpc.B23B2251/02,1
counts_by_cpc.B23B2251/14,1
counts_by_cpc.B23B2260/008,1
counts_by_cpc.B23B2260/0482,1
counts_by_cpc.B23B2260/0485,1
counts_by_cpc.B23B2260/072,1
counts_by_cpc.B23B2260/132,1
counts_by_cpc.B23B2270/14,1
counts_by_cpc.B23B2270/28,9
counts_by_cpc.B23B23/02,9
counts_by_cpc.B23B25/06,1
counts_by_cpc.B23B27/148,1
counts_by_cpc.B23B29/04,1
counts_by_cpc.B23B29/046,1
counts_by_cpc.B23B29/28,1
counts_by_cpc.B23B3/06,1
counts_by_cpc.B23B3/26,1
counts_by_cpc.B23B3/30,1
counts_by_cpc.B23B31/005,1
counts_by_cpc.B23B31/021,1
counts_by_cpc.B23B31/10,1
counts_by_cpc.B23B31/1076,1
counts_by_cpc.B23B31/1077,1
counts_by_cpc.B23B31/11,2
counts_by_cpc.B23B31/113,2
counts_by_cpc.B23B31/123,1
counts_by_cpc.B23B31/1238,1
counts_by_cpc.B23B31/1261,1
counts_by_cpc.B23B31/14,1
counts_by_cpc.B23B31/142,18
counts_by_cpc.B23B31/16275,1
counts_by_cpc.B23B31/18,4
counts_by_cpc.B23B31/202,2
counts_by_cpc.B23B31/204,1
counts_by_cpc.B23B31/2073,2
counts_by_cpc.B23B31/263,2
counts_by_cpc.B23B31/30,1
counts_by_cpc.B23B31/305,1
counts_by_cpc.B23B31/307,29
counts_by_cpc.B23B31/34,1
counts_by_cpc.B23B31/36,1
counts_by_cpc.B23B31/4053,1
counts_by_cpc.B23B35/00,1
counts_by_cpc.B23B39/003,1
counts_by_cpc.B23B39/161,13
counts_by_cpc.B23B39/20,1
counts_by_cpc.B23B39/205,2
counts_by_cpc.B23B39/24,1
counts_by_cpc.B23B41/00,1
counts_by_cpc.B23B47/00,1
counts_by_cpc.B23B47/287,1
counts_by_cpc.B23B49/005,1
counts_by_cpc.B23B49/02,1
counts_by_cpc.B23B49/023,1
counts_by_cpc.B23B5/00,6
counts_by_cpc.B23B5/48,1
counts_by_cpc.B23B51/00,1
counts_by_cpc.B23B51/0054,1
counts_by_cpc.B23B51/011,1
counts_by_cpc.B23B51/02,1
counts_by_cpc.B23B51/04,1
counts_by_cpc.B23B51/0411,1
counts_by_cpc.B23B51/042,1
counts_by_cpc.B23B51/0453,1
counts_by_cpc.B23B51/0473,1
counts_by_cpc.B23B51/05,2
counts_by_cpc.B23B51/08,1
counts_by_cpc.B23B7/10,1
counts_by_cpc.B23C1/00,3
counts_by_cpc.B23C1/06,1
counts_by_cpc.B23C1/12,1
counts_by_cpc.B23C1/18,1
counts_by_cpc.B23C2200/08,1
counts_by_cpc.B23C2200/28,1
counts_by_cpc.B23C2210/088,1
counts_by_cpc.B23C2210/326,1
counts_by_cpc.B23C2226/27,1
counts_by_cpc.B23C2228/49,1
counts_by_cpc.B23C3/00,9
counts_by_cpc.B23C3/12,9
counts_by_cpc.B23C3/13,1
counts_by_cpc.B23C3/16,1
counts_by_cpc.B23C3/305,1
counts_by_cpc.B23C3/32,1
counts_by_cpc.B23C5/06,1
counts_by_cpc.B23C5/08,1
counts_by_cpc.B23C5/10,5
counts_by_cpc.B23C5/12,1
counts_by_cpc.B23D25/04,1
counts_by_cpc.B23D25/12,1
counts_by_cpc.B23D31/001,1
counts_by_cpc.B23D36/0066,1
counts_by_cpc.B23D45/003,5
counts_by_cpc.B23D45/024,1
counts_by_cpc.B23D45/027,2
counts_by_cpc.B23D45/062,5
counts_by_cpc.B23D45/08,1
counts_by_cpc.B23D45/10,1
counts_by_cpc.B23D45/105,1
counts_by_cpc.B23D45/20,3
counts_by_cpc.B23D45/24,1
counts_by_cpc.B23D47/005,1
counts_by_cpc.B23D47/025,7
counts_by_cpc.B23D47/04,2
counts_by_cpc.B23D47/042,6
counts_by_cpc.B23D47/047,1
counts_by_cpc.B23D47/126,5
counts_by_cpc.B23D53/023,5
counts_by_cpc.B23D53/04,6
counts_by_cpc.B23D55/043,5
counts_by_cpc.B23D55/082,5
counts_by_cpc.B23D59/001,11
counts_by_cpc.B23D59/0064,2
counts_by_cpc.B23D59/008,1
counts_by_cpc.B23D61/006,1
counts_by_cpc.B23D61/125,1
counts_by_cpc.B23D61/127,1
counts_by_cpc.B23D77/02,1
counts_by_cpc.B23G5/12,1
counts_by_cpc.B23H9/14,1
counts_by_cpc.B23K1/0008,1
counts_by_cpc.B23K1/0016,1
counts_by_cpc.B23K1/0056,1
counts_by_cpc.B23K1/008,1
counts_by_cpc.B23K1/012,1
counts_by_cpc.B23K1/14,1
counts_by_cpc.B23K1/203,1
counts_by_cpc.B23K11/318,2
counts_by_cpc.B23K20/10,2
counts_by_cpc.B23K20/106,1
counts_by_cpc.B23K20/12,2
counts_by_cpc.B23K20/122,1
counts_by_cpc.B23K20/1225,1
counts_by_cpc.B23K20/124,1
counts_by_cpc.B23K20/1255,1
counts_by_cpc.B23K20/126,18
counts_by_cpc.B23K20/127,1
counts_by_cpc.B23K20/129,2
counts_by_cpc.B23K20/26,1
counts_by_cpc.B23K2101/001,1
counts_by_cpc.B23K2101/04,7
counts_by_cpc.B23K2101/045,1
counts_by_cpc.B23K2101/06,4
counts_by_cpc.B23K2101/12,2
counts_by_cpc.B23K2101/18,2
counts_by_cpc.B23K2101/185,1
counts_by_cpc.B23K2101/34,1
counts_by_cpc.B23K2101/36,2
counts_by_cpc.B23K2101/40,3
counts_by_cpc.B23K2101/42,1
counts_by_cpc.B23K2103/02,5
counts_by_cpc.B23K2103/04,1
counts_by_cpc.B23K2103/10,1
counts_by_cpc.B23K2103/14,1
counts_by_cpc.B23K2103/36,1
counts_by_cpc.B23K2103/54,1
counts_by_cpc.B23K26/0006,1
counts_by_cpc.B23K26/009,2
counts_by_cpc.B23K26/037,1
counts_by_cpc.B23K26/0624,1
counts_by_cpc.B23K26/066,1
counts_by_cpc.B23K26/0661,1
counts_by_cpc.B23K26/08,2
counts_by_cpc.B23K26/0823,3
counts_by_cpc.B23K26/0846,2
counts_by_cpc.B23K26/10,4
counts_by_cpc.B23K26/12,2
counts_by_cpc.B23K26/127,2
counts_by_cpc.B23K26/142,1
counts_by_cpc.B23K26/1462,2
counts_by_cpc.B23K26/18,1
counts_by_cpc.B23K26/244,3
counts_by_cpc.B23K26/262,6
counts_by_cpc.B23K26/28,1
counts_by_cpc.B23K26/382,3
counts_by_cpc.B23K26/702,3
counts_by_cpc.B23K26/706,2
counts_by_cpc.B23K28/02,1
counts_by_cpc.B23K3/04,1
counts_by_cpc.B23K3/0623,2
counts_by_cpc.B23K3/08,1
counts_by_cpc.B23K31/125,1
counts_by_cpc.B23K35/0255,1
counts_by_cpc.B23K37/02,2
counts_by_cpc.B23K37/04,5
counts_by_cpc.B23K37/0408,2
counts_by_cpc.B23K37/0435,2
counts_by_cpc.B23K37/0443,19
counts_by_cpc.B23K37/0452,1
counts_by_cpc.B23K37/047,2
counts_by_cpc.B23K37/053,1
counts_by_cpc.B23K7/002,1
counts_by_cpc.B23K7/10,1
counts_by_cpc.B23K9/0026,1
counts_by_cpc.B23K9/007,1
counts_by_cpc.B23K9/0206,4
counts_by_cpc.B23K9/035,5
counts_by_cpc.B23K9/167,1
counts_by_cpc.B23K9/173,4
counts_by_cpc.B23K9/23,4
counts_by_cpc.B23K9/287,2
counts_by_cpc.B23K9/327,1
counts_by_cpc.B23P11/025,3
counts_by_cpc.B23P13/00,1
counts_by_cpc.B23P15/00,1
counts_by_cpc.B23P15/04,1
counts_by_cpc.B23P15/26,1
counts_by_cpc.B23P15/32,2
counts_by_cpc.B23P15/34,1
counts_by_cpc.B23P19/00,1
counts_by_cpc.B23P19/004,6
counts_by_cpc.B23P19/005,1
counts_by_cpc.B23P19/006,3
counts_by_cpc.B23P19/007,8
counts_by_cpc.B23P19/04,6
counts_by_cpc.B23P19/042,3
counts_by_cpc.B23P19/06,1
counts_by_cpc.B23P19/084,4
counts_by_cpc.B23P19/10,5
counts_by_cpc.B23P19/102,10
counts_by_cpc.B23P19/105,4
counts_by_cpc.B23P19/12,14
counts_by_cpc.B23P21/00,8
counts_by_cpc.B23P21/002,1
counts_by_cpc.B23P21/004,1
counts_by_cpc.B23P21/006,2
counts_by_cpc.B23P25/00,3
counts_by_cpc.B23P25/003,1
counts_by_cpc.B23P2700/01,7
counts_by_cpc.B23P2700/50,2
counts_by_cpc.B23P6/00,1
counts_by_cpc.B23Q1/00,9
counts_by_cpc.B23Q1/0009,11
counts_by_cpc.B23Q1/0018,21
counts_by_cpc.B23Q1/0027,1
counts_by_cpc.B23Q1/0063,7
counts_by_cpc.B23Q1/01,1
counts_by_cpc.B23Q1/012,3
counts_by_cpc.B23Q1/015,3
counts_by_cpc.B23Q1/03,26
counts_by_cpc.B23Q1/032,77
counts_by_cpc.B23Q1/035,92
counts_by_cpc.B23Q1/037,61
counts_by_cpc.B23Q1/25,14
counts_by_cpc.B23Q1/26,2
counts_by_cpc.B23Q1/262,2
counts_by_cpc.B23Q1/28,12
counts_by_cpc.B23Q1/285,1
counts_by_cpc.B23Q1/287,1
counts_by_cpc.B23Q1/34,3
counts_by_cpc.B23Q1/36,3
counts_by_cpc.B23Q1/38,22
counts_by_cpc.B23Q1/385,1
counts_by_cpc.B23Q1/40,1
counts_by_cpc.B23Q1/48,9
counts_by_cpc.B23Q1/4804,1
counts_by_cpc.B23Q1/4809,4
counts_by_cpc.B23Q1/4828,13
counts_by_cpc.B23Q1/4857,2
counts_by_cpc.B23Q1/4861,1
counts_by_cpc.B23Q1/4866,4
counts_by_cpc.B23Q1/50,2
counts_by_cpc.B23Q1/52,1
counts_by_cpc.B23Q1/522,2
counts_by_cpc.B23Q1/525,4
counts_by_cpc.B23Q1/54,2
counts_by_cpc.B23Q1/5406,17
counts_by_cpc.B23Q1/5412,3
counts_by_cpc.B23Q1/5431,1
counts_by_cpc.B23Q1/5437,1
counts_by_cpc.B23Q1/5443,2
counts_by_cpc.B23Q1/545,15
counts_by_cpc.B23Q1/5456,3
counts_by_cpc.B23Q1/5462,26
counts_by_cpc.B23Q1/5468,8
counts_by_cpc.B23Q1/5481,8
counts_by_cpc.B23Q1/56,1
counts_by_cpc.B23Q1/58,4
counts_by_cpc.B23Q1/60,1
counts_by_cpc.B23Q1/601,1
counts_by_cpc.B23Q1/621,30
counts_by_cpc.B23Q1/623,5
counts_by_cpc.B23Q1/626,2
counts_by_cpc.B23Q1/66,13
counts_by_cpc.B23Q1/70,13
counts_by_cpc.B23Q1/72,1
counts_by_cpc.B23Q1/74,1
counts_by_cpc.B23Q1/76,22
counts_by_cpc.B23Q11/00,1
counts_by_cpc.B23Q11/0032,4
counts_by_cpc.B23Q11/0046,26
counts_by_cpc.B23Q11/005,8
counts_by_cpc.B23Q11/0053,2
counts_by_cpc.B23Q11/006,1
counts_by_cpc.B23Q11/0067,1
counts_by_cpc.B23Q11/0075,1
counts_by_cpc.B23Q11/08,5
counts_by_cpc.B23Q11/0825,3
counts_by_cpc.B23Q11/085,8
counts_by_cpc.B23Q11/0866,8
counts_by_cpc.B23Q11/0891,2
counts_by_cpc.B23Q11/10,3
counts_by_cpc.B23Q11/1069,1
counts_by_cpc.B23Q15/00,1
counts_by_cpc.B23Q15/013,1
counts_by_cpc.B23Q15/18,1
counts_by_cpc.B23Q15/24,1
counts_by_cpc.B23Q16/00,2
counts_by_cpc.B23Q16/001,14
counts_by_cpc.B23Q16/006,7
counts_by_cpc.B23Q16/02,1
counts_by_cpc.B23Q16/025,1
counts_by_cpc.B23Q16/04,1
counts_by_cpc.B23Q16/046,1
counts_by_cpc.B23Q16/08,1
counts_by_cpc.B23Q17/006,6
counts_by_cpc.B23Q17/0961,1
counts_by_cpc.B23Q17/0966,1
counts_by_cpc.B23Q17/20,3
counts_by_cpc.B23Q17/22,14
counts_by_cpc.B23Q17/2233,2
counts_by_cpc.B23Q17/2241,1
counts_by_cpc.B23Q17/24,10
counts_by_cpc.B23Q17/2404,7
counts_by_cpc.B23Q2003/15527,1
counts_by_cpc.B23Q2003/1553,1
counts_by_cpc.B23Q2003/15532,1
counts_by_cpc.B23Q2003/15537,2
counts_by_cpc.B23Q2003/155404,1
counts_by_cpc.B23Q2003/155418,1
counts_by_cpc.B23Q2003/155428,1
counts_by_cpc.B23Q2003/155439,1
counts_by_cpc.B23Q2003/155446,1
counts_by_cpc.B23Q2003/15586,1
counts_by_cpc.B23Q2039/004,1
counts_by_cpc.B23Q2210/006,1
counts_by_cpc.B23Q2210/008,5
counts_by_cpc.B23Q2220/002,1
counts_by_cpc.B23Q2220/006,1
counts_by_cpc.B23Q2230/002,22
counts_by_cpc.B23Q2230/004,1
counts_by_cpc.B23Q2240/002,1
counts_by_cpc.B23Q2240/007,1
counts_by_cpc.B23Q23/00,1
counts_by_cpc.B23Q2703/04,3
counts_by_cpc.B23Q2703/12,1
counts_by_cpc.B23Q2705/165,1
counts_by_cpc.B23Q2707/02,1
counts_by_cpc.B23Q2707/04,2
counts_by_cpc.B23Q3/00,2
counts_by_cpc.B23Q3/002,2
counts_by_cpc.B23Q3/005,1
counts_by_cpc.B23Q3/02,2
counts_by_cpc.B23Q3/06,12
counts_by_cpc.B23Q3/061,1
counts_by_cpc.B23Q3/062,6
counts_by_cpc.B23Q3/063,4
counts_by_cpc.B23Q3/069,4
counts_by_cpc.B23Q3/08,17
counts_by_cpc.B23Q3/082,4
counts_by_cpc.B23Q3/086,10
counts_by_cpc.B23Q3/088,34
counts_by_cpc.B23Q3/102,6
counts_by_cpc.B23Q3/103,12
counts_by_cpc.B23Q3/106,1
counts_by_cpc.B23Q3/108,1
counts_by_cpc.B23Q3/12,1
counts_by_cpc.B23Q3/15,16
counts_by_cpc.B23Q3/1543,2
counts_by_cpc.B23Q3/1546,2
counts_by_cpc.B23Q3/155,2
counts_by_cpc.B23Q3/15503,1
counts_by_cpc.B23Q3/15506,3
counts_by_cpc.B23Q3/15513,1
counts_by_cpc.B23Q3/15526,3
counts_by_cpc.B23Q3/15534,1
counts_by_cpc.B23Q3/15536,16
counts_by_cpc.B23Q3/15539,13
counts_by_cpc.B23Q3/1554,1
counts_by_cpc.B23Q3/15546,2
counts_by_cpc.B23Q3/15553,2
counts_by_cpc.B23Q3/15573,3
counts_by_cpc.B23Q3/15706,20
counts_by_cpc.B23Q3/15713,5
counts_by_cpc.B23Q3/15722,1
counts_by_cpc.B23Q3/15766,1
counts_by_cpc.B23Q3/16,5
counts_by_cpc.B23Q3/18,13
counts_by_cpc.B23Q35/02,9
counts_by_cpc.B23Q35/102,11
counts_by_cpc.B23Q35/104,1
counts_by_cpc.B23Q35/105,7
counts_by_cpc.B23Q35/128,3
counts_by_cpc.B23Q35/42,2
counts_by_cpc.B23Q37/00,4
counts_by_cpc.B23Q39/023,1
counts_by_cpc.B23Q39/024,9
counts_by_cpc.B23Q39/042,1
counts_by_cpc.B23Q41/00,1
counts_by_cpc.B23Q5/00,1
counts_by_cpc.B23Q5/04,1
counts_by_cpc.B23Q5/043,2
counts_by_cpc.B23Q5/06,1
counts_by_cpc.B23Q5/10,2
counts_by_cpc.B23Q5/20,1
counts_by_cpc.B23Q5/26,15
counts_by_cpc.B23Q5/261,1
counts_by_cpc.B23Q5/265,1
counts_by_cpc.B23Q5/28,1
counts_by_cpc.B23Q5/32,2
counts_by_cpc.B23Q5/34,2
counts_by_cpc.B23Q5/341,17
counts_by_cpc.B23Q5/348,1
counts_by_cpc.B23Q5/385,2
counts_by_cpc.B23Q5/40,7
counts_by_cpc.B23Q5/402,1
counts_by_cpc.B23Q5/408,1
counts_by_cpc.B23Q5/50,2
counts_by_cpc.B23Q5/58,2
counts_by_cpc.B23Q7/00,1
counts_by_cpc.B23Q7/003,2
counts_by_cpc.B23Q7/006,1
counts_by_cpc.B23Q7/03,2
counts_by_cpc.B23Q7/035,1
counts_by_cpc.B23Q7/04,55
counts_by_cpc.B23Q7/041,2
counts_by_cpc.B23Q7/042,1
counts_by_cpc.B23Q7/043,23
counts_by_cpc.B23Q7/045,2
counts_by_cpc.B23Q7/046,6
counts_by_cpc.B23Q7/047,9
counts_by_cpc.B23Q7/048,14
counts_by_cpc.B23Q7/05,1
counts_by_cpc.B23Q7/10,10
counts_by_cpc.B23Q7/103,2
counts_by_cpc.B23Q7/14,1
counts_by_cpc.B23Q7/1426,16
counts_by_cpc.B23Q7/1431,5
counts_by_cpc.B23Q7/1436,1
counts_by_cpc.B23Q7/1452,1
counts_by_cpc.B23Q7/1457,1
counts_by_cpc.B23Q7/1484,1
counts_by_cpc.B23Q7/16,2
counts_by_cpc.B23Q7/165,1
counts_by_cpc.B23Q9/00,3
counts_by_cpc.B23Q9/0007,2
counts_by_cpc.B23Q9/0014,1
counts_by_cpc.B23Q9/0028,1
counts_by_cpc.B23Q9/0042,5
counts_by_cpc.B23Q9/0064,1
counts_by_cpc.B23Q9/0078,9
counts_by_cpc.B24B1/00,1
counts_by_cpc.B24B13/00,1
counts_by_cpc.B24B13/0012,1
counts_by_cpc.B24B13/0031,2
counts_by_cpc.B24B13/0037,2
counts_by_cpc.B24B13/0043,1
counts_by_cpc.B24B13/005,45
counts_by_cpc.B24B13/0057,1
counts_by_cpc.B24B13/06,4
counts_by_cpc.B24B19/03,2
counts_by_cpc.B24B19/04,1
counts_by_cpc.B24B21/10,1
counts_by_cpc.B24B21/12,1
counts_by_cpc.B24B23/005,1
counts_by_cpc.B24B23/02,1
counts_by_cpc.B24B23/028,1
counts_by_cpc.B24B27/0023,8
counts_by_cpc.B24B27/0061,1
counts_by_cpc.B24B27/0076,3
counts_by_cpc.B24B29/005,1
counts_by_cpc.B24B29/02,1
counts_by_cpc.B24B3/02,1
counts_by_cpc.B24B3/04,1
counts_by_cpc.B24B3/36,2
counts_by_cpc.B24B3/368,1
counts_by_cpc.B24B3/56,1
counts_by_cpc.B24B37/005,1
counts_by_cpc.B24B37/0053,11
counts_by_cpc.B24B37/04,3
counts_by_cpc.B24B37/042,14
counts_by_cpc.B24B37/08,3
counts_by_cpc.B24B37/102,1
counts_by_cpc.B24B37/105,5
counts_by_cpc.B24B37/205,1
counts_by_cpc.B24B37/22,1
counts_by_cpc.B24B37/24,1
counts_by_cpc.B24B37/245,1
counts_by_cpc.B24B37/26,2
counts_by_cpc.B24B37/30,87
counts_by_cpc.B24B37/32,14
counts_by_cpc.B24B37/345,29
counts_by_cpc.B24B41/00,1
counts_by_cpc.B24B41/005,34
counts_by_cpc.B24B41/04,2
counts_by_cpc.B24B41/06,3
counts_by_cpc.B24B41/061,33
counts_by_cpc.B24B41/068,26
counts_by_cpc.B24B47/06,1
counts_by_cpc.B24B47/10,1
counts_by_cpc.B24B47/12,2
counts_by_cpc.B24B47/16,1
counts_by_cpc.B24B47/22,13
counts_by_cpc.B24B49/00,16
counts_by_cpc.B24B49/10,1
counts_by_cpc.B24B49/12,1
counts_by_cpc.B24B49/16,6
counts_by_cpc.B24B5/01,1
counts_by_cpc.B24B51/00,2
counts_by_cpc.B24B53/017,7
counts_by_cpc.B24B53/12,6
counts_by_cpc.B24B55/03,1
counts_by_cpc.B24B55/06,1
counts_by_cpc.B24B57/02,6
counts_by_cpc.B24B7/00,6
counts_by_cpc.B24B7/04,1
counts_by_cpc.B24B7/06,1
counts_by_cpc.B24B7/10,1
counts_by_cpc.B24B7/16,2
counts_by_cpc.B24B7/162,1
counts_by_cpc.B24B7/165,1
counts_by_cpc.B24B7/22,1
counts_by_cpc.B24B7/228,11
counts_by_cpc.B24B7/24,1
counts_by_cpc.B24B7/241,3
counts_by_cpc.B24B7/245,14
counts_by_cpc.B24B9/002,1
counts_by_cpc.B24B9/08,1
counts_by_cpc.B24B9/10,23
counts_by_cpc.B24B9/102,2
counts_by_cpc.B24B9/146,36
counts_by_cpc.B24B9/148,2
counts_by_cpc.B24C1/04,1
counts_by_cpc.B24C1/045,67
counts_by_cpc.B24C11/00,1
counts_by_cpc.B24C3/04,63
counts_by_cpc.B24C3/08,1
counts_by_cpc.B24C3/18,1
counts_by_cpc.B24C3/322,2
counts_by_cpc.B24C5/00,23
counts_by_cpc.B24C5/02,1
counts_by_cpc.B24C5/04,1
counts_by_cpc.B24C5/08,1
counts_by_cpc.B24C7/0076,1
counts_by_cpc.B24C7/0084,1
counts_by_cpc.B24C9/003,1
counts_by_cpc.B24D15/065,1
counts_by_cpc.B24D15/08,1
counts_by_cpc.B24D18/0009,1
counts_by_cpc.B24D3/28,1
counts_by_cpc.B24D5/126,1
counts_by_cpc.B24D9/08,1
counts_by_cpc.B24D9/10,2
counts_by_cpc.B25B1/02,1
counts_by_cpc.B25B1/10,1
counts_by_cpc.B25B1/103,1
counts_by_cpc.B25B1/125,2
counts_by_cpc.B25B1/18,4
counts_by_cpc.B25B1/20,2
counts_by_cpc.B25B1/205,2
counts_by_cpc.B25B1/22,2
counts_by_cpc.B25B1/241,2
counts_by_cpc.B25B1/2421,26
counts_by_cpc.B25B1/2452,2
counts_by_cpc.B25B1/2484,14
counts_by_cpc.B25B11/00,45
counts_by_cpc.B25B11/002,19
counts_by_cpc.B25B11/005,1242
counts_by_cpc.B25B11/007,299
counts_by_cpc.B25B11/02,2
counts_by_cpc.B25B13/02,1
counts_by_cpc.B25B13/10,1
counts_by_cpc.B25B13/105,2
counts_by_cpc.B25B13/44,1
counts_by_cpc.B25B13/468,1
counts_by_cpc.B25B13/50,1
counts_by_cpc.B25B15/001,1
counts_by_cpc.B25B15/02,2
counts_by_cpc.B25B15/04,1
counts_by_cpc.B25B21/00,1
counts_by_cpc.B25B21/026,1
counts_by_cpc.B25B23/00,1
counts_by_cpc.B25B23/0035,1
counts_by_cpc.B25B23/02,1
counts_by_cpc.B25B23/10,1
counts_by_cpc.B25B27/00,1
counts_by_cpc.B25B27/0028,3
counts_by_cpc.B25B27/02,2
counts_by_cpc.B25B27/023,1
counts_by_cpc.B25B27/062,1
counts_by_cpc.B25B27/14,1
counts_by_cpc.B25B27/20,1
counts_by_cpc.B25B27/24,1
counts_by_cpc.B25B28/00,1
counts_by_cpc.B25B29/00,1
counts_by_cpc.B25B3/00,1
counts_by_cpc.B25B31/00,4
counts_by_cpc.B25B33/00,7
counts_by_cpc.B25B5/003,19
counts_by_cpc.B25B5/006,17
counts_by_cpc.B25B5/04,1
counts_by_cpc.B25B5/06,27
counts_by_cpc.B25B5/061,13
counts_by_cpc.B25B5/062,2
counts_by_cpc.B25B5/064,1
counts_by_cpc.B25B5/065,9
counts_by_cpc.B25B5/068,2
counts_by_cpc.B25B5/08,9
counts_by_cpc.B25B5/085,1
counts_by_cpc.B25B5/087,1
counts_by_cpc.B25B5/10,19
counts_by_cpc.B25B5/101,1
counts_by_cpc.B25B5/102,1
counts_by_cpc.B25B5/106,5
counts_by_cpc.B25B5/12,2
counts_by_cpc.B25B5/122,1
counts_by_cpc.B25B5/14,14
counts_by_cpc.B25B5/142,13
counts_by_cpc.B25B5/145,3
counts_by_cpc.B25B5/16,13
counts_by_cpc.B25B5/163,23
counts_by_cpc.B25B7/00,7
counts_by_cpc.B25B7/02,21
counts_by_cpc.B25B7/04,4
counts_by_cpc.B25B7/08,1
counts_by_cpc.B25B7/10,4
counts_by_cpc.B25B7/12,1
counts_by_cpc.B25B7/123,1
counts_by_cpc.B25B7/126,4
counts_by_cpc.B25B7/14,2
counts_by_cpc.B25B7/16,3
counts_by_cpc.B25B7/18,5
counts_by_cpc.B25B9/00,14
counts_by_cpc.B25B9/02,41
counts_by_cpc.B25C1/005,1
counts_by_cpc.B25C1/008,1
counts_by_cpc.B25C1/047,2
counts_by_cpc.B25C1/06,2
counts_by_cpc.B25C3/008,1
counts_by_cpc.B25D11/00,1
counts_by_cpc.B25D11/068,1
counts_by_cpc.B25D17/04,1
counts_by_cpc.B25D17/06,1
counts_by_cpc.B25D2211/064,1
counts_by_cpc.B25D2222/12,1
counts_by_cpc.B25D2250/095,1
counts_by_cpc.B25D2250/375,1
counts_by_cpc.B25F1/02,1
counts_by_cpc.B25F3/00,9
counts_by_cpc.B25F5/00,1
counts_by_cpc.B25F5/001,3
counts_by_cpc.B25F5/02,5
counts_by_cpc.B25G1/00,1
counts_by_cpc.B25G1/007,7
counts_by_cpc.B25G1/085,1
counts_by_cpc.B25G1/102,1
counts_by_cpc.B25G3/18,6
counts_by_cpc.B25G3/30,5
counts_by_cpc.B25G3/32,5
counts_by_cpc.B25H1/00,4
counts_by_cpc.B25H1/0028,1
counts_by_cpc.B25H1/0064,1
counts_by_cpc.B25H1/0078,1
counts_by_cpc.B25H1/02,5
counts_by_cpc.B25H1/08,2
counts_by_cpc.B25H1/10,1
counts_by_cpc.B25H1/14,2
counts_by_cpc.B25H1/16,1
counts_by_cpc.B25H1/20,2
counts_by_cpc.B25H3/00,19
counts_by_cpc.B25H3/003,2
counts_by_cpc.B25H3/006,15
counts_by_cpc.B25H3/02,1
counts_by_cpc.B25H3/04,13
counts_by_cpc.B25H3/06,1
counts_by_cpc.B25H7/00,1
counts_by_cpc.B25J1/02,60
counts_by_cpc.B25J1/04,3
counts_by_cpc.B25J11/00,83
counts_by_cpc.B25J11/0015,1
counts_by_cpc.B25J11/0025,1
counts_by_cpc.B25J11/0045,77
counts_by_cpc.B25J11/005,2
counts_by_cpc.B25J11/0055,22
counts_by_cpc.B25J11/008,11
counts_by_cpc.B25J11/0085,9
counts_by_cpc.B25J11/0095,6
counts_by_cpc.B25J13/00,2
counts_by_cpc.B25J13/006,5
counts_by_cpc.B25J13/02,8
counts_by_cpc.B25J13/025,2
counts_by_cpc.B25J13/06,1
counts_by_cpc.B25J13/065,2
counts_by_cpc.B25J13/08,12
counts_by_cpc.B25J13/081,2
counts_by_cpc.B25J13/082,6
counts_by_cpc.B25J13/083,1
counts_by_cpc.B25J13/084,1
counts_by_cpc.B25J13/085,14
counts_by_cpc.B25J13/086,12
counts_by_cpc.B25J13/087,6
counts_by_cpc.B25J13/088,6
counts_by_cpc.B25J13/089,2
counts_by_cpc.B25J15/00,63
counts_by_cpc.B25J15/0004,2
counts_by_cpc.B25J15/0009,6
counts_by_cpc.B25J15/0014,9
counts_by_cpc.B25J15/0019,18
counts_by_cpc.B25J15/0023,7
counts_by_cpc.B25J15/0028,32
counts_by_cpc.B25J15/0033,1
counts_by_cpc.B25J15/0038,5
counts_by_cpc.B25J15/0052,107
counts_by_cpc.B25J15/0061,74
counts_by_cpc.B25J15/0066,7
counts_by_cpc.B25J15/0071,2
counts_by_cpc.B25J15/0076,6
counts_by_cpc.B25J15/008,2
counts_by_cpc.B25J15/02,13
counts_by_cpc.B25J15/0206,21
counts_by_cpc.B25J15/0213,2
counts_by_cpc.B25J15/022,6
counts_by_cpc.B25J15/0226,4
counts_by_cpc.B25J15/024,1
counts_by_cpc.B25J15/0246,6
counts_by_cpc.B25J15/0253,18
counts_by_cpc.B25J15/0266,1
counts_by_cpc.B25J15/028,1
counts_by_cpc.B25J15/0293,5
counts_by_cpc.B25J15/04,30
counts_by_cpc.B25J15/0408,7
counts_by_cpc.B25J15/0433,12
counts_by_cpc.B25J15/0441,4
counts_by_cpc.B25J15/045,2
counts_by_cpc.B25J15/0466,2
counts_by_cpc.B25J15/0475,2
counts_by_cpc.B25J15/0483,18
counts_by_cpc.B25J15/0491,9
counts_by_cpc.B25J15/06,74
counts_by_cpc.B25J15/0608,6
counts_by_cpc.B25J15/0616,827
counts_by_cpc.B25J15/0625,94
counts_by_cpc.B25J15/0633,36
counts_by_cpc.B25J15/0641,14
counts_by_cpc.B25J15/065,1
counts_by_cpc.B25J15/0658,1
counts_by_cpc.B25J15/0675,81
counts_by_cpc.B25J15/0683,65
counts_by_cpc.B25J15/0691,33
counts_by_cpc.B25J15/08,13
counts_by_cpc.B25J15/10,14
counts_by_cpc.B25J15/103,4
counts_by_cpc.B25J15/106,2
counts_by_cpc.B25J15/12,13
counts_by_cpc.B25J17/00,2
counts_by_cpc.B25J17/02,4
counts_by_cpc.B25J17/0208,26
counts_by_cpc.B25J17/0225,6
counts_by_cpc.B25J17/0233,1
counts_by_cpc.B25J17/0241,2
counts_by_cpc.B25J17/025,1
counts_by_cpc.B25J17/0258,1
counts_by_cpc.B25J17/0266,4
counts_by_cpc.B25J17/0275,9
counts_by_cpc.B25J17/0283,9
counts_by_cpc.B25J18/00,9
counts_by_cpc.B25J18/002,2
counts_by_cpc.B25J18/007,1
counts_by_cpc.B25J18/02,55
counts_by_cpc.B25J18/025,65
counts_by_cpc.B25J18/04,3
counts_by_cpc.B25J18/06,3
counts_by_cpc.B25J19/00,16
counts_by_cpc.B25J19/0004,3
counts_by_cpc.B25J19/002,2
counts_by_cpc.B25J19/0025,5
counts_by_cpc.B25J19/0029,61
counts_by_cpc.B25J19/0045,1
counts_by_cpc.B25J19/005,8
counts_by_cpc.B25J19/0054,1
counts_by_cpc.B25J19/0058,2
counts_by_cpc.B25J19/0075,1
counts_by_cpc.B25J19/0091,5
counts_by_cpc.B25J19/02,12
counts_by_cpc.B25J19/021,20
counts_by_cpc.B25J19/022,4
counts_by_cpc.B25J19/023,25
counts_by_cpc.B25J19/025,3
counts_by_cpc.B25J19/027,4
counts_by_cpc.B25J19/028,1
counts_by_cpc.B25J19/04,5
counts_by_cpc.B25J19/06,4
counts_by_cpc.B25J19/063,3
counts_by_cpc.B25J19/066,5
counts_by_cpc.B25J21/00,2
counts_by_cpc.B25J21/005,1
counts_by_cpc.B25J21/02,1
counts_by_cpc.B25J3/00,2
counts_by_cpc.B25J3/04,6
counts_by_cpc.B25J5/00,13
counts_by_cpc.B25J5/005,1
counts_by_cpc.B25J5/007,55
counts_by_cpc.B25J5/02,29
counts_by_cpc.B25J5/04,2
counts_by_cpc.B25J7/00,9
counts_by_cpc.B25J9/00,5
counts_by_cpc.B25J9/0003,5
counts_by_cpc.B25J9/0006,5
counts_by_cpc.B25J9/0009,6
counts_by_cpc.B25J9/0012,1
counts_by_cpc.B25J9/0015,13
counts_by_cpc.B25J9/0027,3
counts_by_cpc.B25J9/003,2
counts_by_cpc.B25J9/0051,2
counts_by_cpc.B25J9/006,1
counts_by_cpc.B25J9/0075,2
counts_by_cpc.B25J9/0081,7
counts_by_cpc.B25J9/0084,23
counts_by_cpc.B25J9/0087,6
counts_by_cpc.B25J9/0093,69
counts_by_cpc.B25J9/0096,6
counts_by_cpc.B25J9/02,5
counts_by_cpc.B25J9/023,24
counts_by_cpc.B25J9/026,7
counts_by_cpc.B25J9/04,19
counts_by_cpc.B25J9/041,6
counts_by_cpc.B25J9/042,26
counts_by_cpc.B25J9/044,8
counts_by_cpc.B25J9/045,2
counts_by_cpc.B25J9/046,7
counts_by_cpc.B25J9/047,1
counts_by_cpc.B25J9/048,1
counts_by_cpc.B25J9/06,20
counts_by_cpc.B25J9/08,9
counts_by_cpc.B25J9/10,24
counts_by_cpc.B25J9/1005,13
counts_by_cpc.B25J9/101,6
counts_by_cpc.B25J9/1015,11
counts_by_cpc.B25J9/102,9
counts_by_cpc.B25J9/1025,2
counts_by_cpc.B25J9/103,1
counts_by_cpc.B25J9/104,4
counts_by_cpc.B25J9/1045,10
counts_by_cpc.B25J9/106,19
counts_by_cpc.B25J9/1065,8
counts_by_cpc.B25J9/107,7
counts_by_cpc.B25J9/1075,1
counts_by_cpc.B25J9/1085,11
counts_by_cpc.B25J9/109,6
counts_by_cpc.B25J9/12,3
counts_by_cpc.B25J9/14,12
counts_by_cpc.B25J9/142,11
counts_by_cpc.B25J9/144,6
counts_by_cpc.B25J9/148,2
counts_by_cpc.B25J9/16,29
counts_by_cpc.B25J9/1602,11
counts_by_cpc.B25J9/1605,3
counts_by_cpc.B25J9/161,18
counts_by_cpc.B25J9/1612,52
counts_by_cpc.B25J9/1615,7
counts_by_cpc.B25J9/1623,1
counts_by_cpc.B25J9/163,6
counts_by_cpc.B25J9/1633,30
counts_by_cpc.B25J9/1638,1
counts_by_cpc.B25J9/1641,1
counts_by_cpc.B25J9/1643,1
counts_by_cpc.B25J9/1646,4
counts_by_cpc.B25J9/1653,1
counts_by_cpc.B25J9/1656,2
counts_by_cpc.B25J9/1661,16
counts_by_cpc.B25J9/1664,62
counts_by_cpc.B25J9/1666,2
counts_by_cpc.B25J9/1669,27
counts_by_cpc.B25J9/1671,1
counts_by_cpc.B25J9/1674,1
counts_by_cpc.B25J9/1676,4
counts_by_cpc.B25J9/1679,53
counts_by_cpc.B25J9/1682,5
counts_by_cpc.B25J9/1684,15
counts_by_cpc.B25J9/1687,54
counts_by_cpc.B25J9/1689,12
counts_by_cpc.B25J9/1692,11
counts_by_cpc.B25J9/1694,10
counts_by_cpc.B25J9/1697,159
counts_by_cpc.B26B1/048,1
counts_by_cpc.B26B1/08,1
counts_by_cpc.B26B1/10,1
counts_by_cpc.B26B11/00,2
counts_by_cpc.B26B21/227,1
counts_by_cpc.B26B21/40,6
counts_by_cpc.B26B21/4031,1
counts_by_cpc.B26B21/521,1
counts_by_cpc.B26B21/565,1
counts_by_cpc.B26B25/005,1
counts_by_cpc.B26B27/00,1
counts_by_cpc.B26B29/063,1
counts_by_cpc.B26B3/00,1
counts_by_cpc.B26B5/003,1
counts_by_cpc.B26D1/00,3
counts_by_cpc.B26D1/0006,2
counts_by_cpc.B26D1/04,7
counts_by_cpc.B26D1/08,2
counts_by_cpc.B26D1/14,1
counts_by_cpc.B26D1/24,2
counts_by_cpc.B26D1/285,8
counts_by_cpc.B26D1/305,1
counts_by_cpc.B26D1/38,6
counts_by_cpc.B26D1/445,9
counts_by_cpc.B26D1/605,3
counts_by_cpc.B26D2007/0031,2
counts_by_cpc.B26D2007/0068,1
counts_by_cpc.B26D2007/013,1
counts_by_cpc.B26D2007/206,3
counts_by_cpc.B26D2007/208,3
counts_by_cpc.B26D2210/02,9
counts_by_cpc.B26D3/06,3
counts_by_cpc.B26D3/065,1
counts_by_cpc.B26D3/08,6
counts_by_cpc.B26D3/085,1
counts_by_cpc.B26D3/16,1
counts_by_cpc.B26D3/30,6
counts_by_cpc.B26D5/00,10
counts_by_cpc.B26D5/005,6
counts_by_cpc.B26D5/007,7
counts_by_cpc.B26D5/08,2
counts_by_cpc.B26D5/10,1
counts_by_cpc.B26D5/20,3
counts_by_cpc.B26D5/34,2
counts_by_cpc.B26D5/36,1
counts_by_cpc.B26D7/00,2
counts_by_cpc.B26D7/0006,2
counts_by_cpc.B26D7/015,2
counts_by_cpc.B26D7/018,137
counts_by_cpc.B26D7/02,17
counts_by_cpc.B26D7/025,9
counts_by_cpc.B26D7/06,13
counts_by_cpc.B26D7/0625,5
counts_by_cpc.B26D7/0633,2
counts_by_cpc.B26D7/0641,1
counts_by_cpc.B26D7/0658,1
counts_by_cpc.B26D7/0675,14
counts_by_cpc.B26D7/0683,3
counts_by_cpc.B26D7/08,1
counts_by_cpc.B26D7/088,1
counts_by_cpc.B26D7/12,1
counts_by_cpc.B26D7/18,1
counts_by_cpc.B26D7/1818,9
counts_by_cpc.B26D7/1854,2
counts_by_cpc.B26D7/1863,17
counts_by_cpc.B26D7/20,69
counts_by_cpc.B26D7/26,2
counts_by_cpc.B26D7/2628,1
counts_by_cpc.B26D7/265,1
counts_by_cpc.B26D7/30,2
counts_by_cpc.B26D7/32,1
counts_by_cpc.B26D9/00,2
counts_by_cpc.B26F1/00,6
counts_by_cpc.B26F1/04,1
counts_by_cpc.B26F1/10,1
counts_by_cpc.B26F1/16,2
counts_by_cpc.B26F1/26,1
counts_by_cpc.B26F1/36,2
counts_by_cpc.B26F1/38,3
counts_by_cpc.B26F1/3806,3
counts_by_cpc.B26F1/3813,30
counts_by_cpc.B26F1/382,4
counts_by_cpc.B26F1/3826,9
counts_by_cpc.B26F1/3833,1
counts_by_cpc.B26F1/384,1
counts_by_cpc.B26F1/3846,14
counts_by_cpc.B26F1/40,3
counts_by_cpc.B26F1/405,1
counts_by_cpc.B26F1/42,11
counts_by_cpc.B26F1/44,1
counts_by_cpc.B26F2001/3873,3
counts_by_cpc.B26F2001/3893,1
counts_by_cpc.B26F2210/12,7
counts_by_cpc.B26F2210/16,2
counts_by_cpc.B26F3/004,70
counts_by_cpc.B26F3/008,3
counts_by_cpc.B27B17/02,1
counts_by_cpc.B27B19/008,1
counts_by_cpc.B27B25/02,1
counts_by_cpc.B27B27/00,8
counts_by_cpc.B27B27/10,15
counts_by_cpc.B27B29/00,11
counts_by_cpc.B27B29/02,3
counts_by_cpc.B27B29/08,6
counts_by_cpc.B27B31/00,10
counts_by_cpc.B27B31/003,1
counts_by_cpc.B27B31/006,1
counts_by_cpc.B27B31/02,1
counts_by_cpc.B27B31/04,1
counts_by_cpc.B27B31/06,6
counts_by_cpc.B27B31/08,2
counts_by_cpc.B27B5/04,6
counts_by_cpc.B27B5/06,4
counts_by_cpc.B27B5/061,2
counts_by_cpc.B27B5/065,11
counts_by_cpc.B27B5/07,10
counts_by_cpc.B27B5/10,1
counts_by_cpc.B27B5/36,5
counts_by_cpc.B27C3/04,1
counts_by_cpc.B27C3/06,1
counts_by_cpc.B27C5/00,6
counts_by_cpc.B27C5/02,15
counts_by_cpc.B27C5/06,12
counts_by_cpc.B27C7/00,1
counts_by_cpc.B27C9/00,2
counts_by_cpc.B27C9/02,4
counts_by_cpc.B27C9/04,14
counts_by_cpc.B27D1/00,1
counts_by_cpc.B27D1/10,1
counts_by_cpc.B27D3/00,1
counts_by_cpc.B27D5/00,1
counts_by_cpc.B27D5/003,5
counts_by_cpc.B27F1/005,1
counts_by_cpc.B27F1/02,1
counts_by_cpc.B27F1/06,1
counts_by_cpc.B27F1/08,6
counts_by_cpc.B27F4/00,1
counts_by_cpc.B27F5/12,7
counts_by_cpc.B27F7/155,1
counts_by_cpc.B27G11/00,6
counts_by_cpc.B27G15/00,1
counts_by_cpc.B27G19/04,1
counts_by_cpc.B27G19/10,6
counts_by_cpc.B27G3/00,1
counts_by_cpc.B27G5/00,17
counts_by_cpc.B27H1/00,3
counts_by_cpc.B27H5/00,1
counts_by_cpc.B27H5/10,1
counts_by_cpc.B27K2240/20,1
counts_by_cpc.B27K3/0292,1
counts_by_cpc.B27K3/156,1
counts_by_cpc.B27K5/001,1
counts_by_cpc.B27K5/005,1
counts_by_cpc.B27K5/0075,1
counts_by_cpc.B27K5/0085,1
counts_by_cpc.B27L5/002,1
counts_by_cpc.B27L5/06,7
counts_by_cpc.B27M1/02,1
counts_by_cpc.B27M1/04,1
counts_by_cpc.B27M1/08,32
counts_by_cpc.B27M3/00,2
counts_by_cpc.B27M3/0013,3
counts_by_cpc.B27M3/002,1
counts_by_cpc.B27M3/0026,27
counts_by_cpc.B27M3/004,1
counts_by_cpc.B27M3/0046,1
counts_by_cpc.B27M3/0053,7
counts_by_cpc.B27M3/006,1
counts_by_cpc.B27M3/0066,6
counts_by_cpc.B27M3/0073,1
counts_by_cpc.B27M3/008,1
counts_by_cpc.B27M3/0086,5
counts_by_cpc.B27M3/18,38
counts_by_cpc.B27N3/002,1
counts_by_cpc.B27N3/086,2
counts_by_cpc.B27N3/20,10
counts_by_cpc.B27N3/24,1
counts_by_cpc.B27N3/28,1
counts_by_cpc.B27N7/00,2
counts_by_cpc.B28B1/001,2
counts_by_cpc.B28B1/008,1
counts_by_cpc.B28B1/02,1
counts_by_cpc.B28B1/025,2
counts_by_cpc.B28B1/14,1
counts_by_cpc.B28B1/50,10
counts_by_cpc.B28B1/503,2
counts_by_cpc.B28B11/00,1
counts_by_cpc.B28B11/001,1
counts_by_cpc.B28B11/04,1
counts_by_cpc.B28B11/044,2
counts_by_cpc.B28B11/045,1
counts_by_cpc.B28B11/08,1
counts_by_cpc.B28B11/0809,1
counts_by_cpc.B28B11/0818,1
counts_by_cpc.B28B11/0845,1
counts_by_cpc.B28B11/0872,1
counts_by_cpc.B28B11/145,12
counts_by_cpc.B28B11/16,3
counts_by_cpc.B28B11/168,1
counts_by_cpc.B28B11/18,3
counts_by_cpc.B28B11/24,1
counts_by_cpc.B28B11/243,10
counts_by_cpc.B28B11/245,3
counts_by_cpc.B28B13/04,44
counts_by_cpc.B28B13/06,20
counts_by_cpc.B28B13/065,9
counts_by_cpc.B28B15/00,9
counts_by_cpc.B28B17/00,1
counts_by_cpc.B28B19/00,1
counts_by_cpc.B28B19/0007,1
counts_by_cpc.B28B19/0015,1
counts_by_cpc.B28B23/02,1
counts_by_cpc.B28B23/024,10
counts_by_cpc.B28B3/003,1
counts_by_cpc.B28B3/006,3
counts_by_cpc.B28B5/00,1
counts_by_cpc.B28B5/02,1
counts_by_cpc.B28B5/04,2
counts_by_cpc.B28B7/0017,7
counts_by_cpc.B28B7/002,6
counts_by_cpc.B28B7/0023,1
counts_by_cpc.B28B7/007,1
counts_by_cpc.B28B7/0073,1
counts_by_cpc.B28B7/025,3
counts_by_cpc.B28B7/06,2
counts_by_cpc.B28B7/12,2
counts_by_cpc.B28B7/14,1
counts_by_cpc.B28B7/24,1
counts_by_cpc.B28B7/241,1
counts_by_cpc.B28B7/243,1
counts_by_cpc.B28B7/263,1
counts_by_cpc.B28B7/36,1
counts_by_cpc.B28B7/368,1
counts_by_cpc.B28B7/44,1
counts_by_cpc.B28B7/46,1
counts_by_cpc.B28C5/4203,2
counts_by_cpc.B28D1/00,1
counts_by_cpc.B28D1/003,2
counts_by_cpc.B28D1/04,3
counts_by_cpc.B28D1/041,7
counts_by_cpc.B28D1/043,3
counts_by_cpc.B28D1/14,2
counts_by_cpc.B28D1/20,1
counts_by_cpc.B28D1/22,1
counts_by_cpc.B28D1/26,16
counts_by_cpc.B28D1/30,7
counts_by_cpc.B28D1/322,1
counts_by_cpc.B28D5/00,2
counts_by_cpc.B28D5/0058,1
counts_by_cpc.B28D5/0082,1
counts_by_cpc.B28D5/0094,52
counts_by_cpc.B28D5/022,2
counts_by_cpc.B28D5/024,2
counts_by_cpc.B28D5/028,5
counts_by_cpc.B28D5/042,1
counts_by_cpc.B28D7/00,5
counts_by_cpc.B28D7/005,6
counts_by_cpc.B28D7/04,8
counts_by_cpc.B28D7/046,8
counts_by_cpc.B29B13/02,1
counts_by_cpc.B29B13/021,1
counts_by_cpc.B29B13/022,1
counts_by_cpc.B29B15/026,2
counts_by_cpc.B29B17/02,1
counts_by_cpc.B29B7/401,1
counts_by_cpc.B29B7/407,1
counts_by_cpc.B29B7/582,1
counts_by_cpc.B29B7/728,1
counts_by_cpc.B29C2043/148,1
counts_by_cpc.B29C2043/3623,1
counts_by_cpc.B29C2043/3647,2
counts_by_cpc.B29C2043/3649,1
counts_by_cpc.B29C2043/3655,1
counts_by_cpc.B29C2045/14163,1
counts_by_cpc.B29C2045/2683,1
counts_by_cpc.B29C2045/4068,1
counts_by_cpc.B29C2045/4275,1
counts_by_cpc.B29C2045/4291,2
counts_by_cpc.B29C2045/445,1
counts_by_cpc.B29C2045/7633,51
counts_by_cpc.B29C2049/2021,1
counts_by_cpc.B29C2049/2472,1
counts_by_cpc.B29C2071/022,1
counts_by_cpc.B29C2791/006,2
counts_by_cpc.B29C2791/008,1
counts_by_cpc.B29C2793/0081,1
counts_by_cpc.B29C31/00,23
counts_by_cpc.B29C31/002,1
counts_by_cpc.B29C31/006,4
counts_by_cpc.B29C31/008,2
counts_by_cpc.B29C31/08,12
counts_by_cpc.B29C33/00,2
counts_by_cpc.B29C33/0011,1
counts_by_cpc.B29C33/005,1
counts_by_cpc.B29C33/0055,1
counts_by_cpc.B29C33/048,1
counts_by_cpc.B29C33/10,1
counts_by_cpc.B29C33/12,1
counts_by_cpc.B29C33/16,1
counts_by_cpc.B29C33/20,2
counts_by_cpc.B29C33/303,1
counts_by_cpc.B29C33/42,1
counts_by_cpc.B29C33/44,1
counts_by_cpc.B29C33/46,1
counts_by_cpc.B29C33/72,1
counts_by_cpc.B29C33/76,1
counts_by_cpc.B29C35/0227,1
counts_by_cpc.B29C35/0894,1
counts_by_cpc.B29C37/0007,4
counts_by_cpc.B29C37/0025,1
counts_by_cpc.B29C37/0057,3
counts_by_cpc.B29C37/0082,1
counts_by_cpc.B29C39/003,1
counts_by_cpc.B29C39/12,6
counts_by_cpc.B29C39/14,1
counts_by_cpc.B29C39/18,1
counts_by_cpc.B29C39/38,1
counts_by_cpc.B29C39/44,1
counts_by_cpc.B29C41/18,1
counts_by_cpc.B29C43/00,1
counts_by_cpc.B29C43/021,4
counts_by_cpc.B29C43/12,2
counts_by_cpc.B29C43/183,1
counts_by_cpc.B29C43/203,1
counts_by_cpc.B29C43/36,1
counts_by_cpc.B29C43/3642,1
counts_by_cpc.B29C43/38,1
counts_by_cpc.B29C43/50,4
counts_by_cpc.B29C44/04,1
counts_by_cpc.B29C44/146,1
counts_by_cpc.B29C44/20,1
counts_by_cpc.B29C44/3426,1
counts_by_cpc.B29C44/445,1
counts_by_cpc.B29C44/56,1
counts_by_cpc.B29C45/0013,1
counts_by_cpc.B29C45/14,8
counts_by_cpc.B29C45/14008,1
counts_by_cpc.B29C45/14065,1
counts_by_cpc.B29C45/14311,1
counts_by_cpc.B29C45/14336,1
counts_by_cpc.B29C45/14467,1
counts_by_cpc.B29C45/14631,1
counts_by_cpc.B29C45/16,6
counts_by_cpc.B29C45/1615,6
counts_by_cpc.B29C45/1618,1
counts_by_cpc.B29C45/1671,1
counts_by_cpc.B29C45/1676,7
counts_by_cpc.B29C45/17,1
counts_by_cpc.B29C45/1704,1
counts_by_cpc.B29C45/1816,1
counts_by_cpc.B29C45/33,1
counts_by_cpc.B29C45/34,1
counts_by_cpc.B29C45/36,1
counts_by_cpc.B29C45/401,1
counts_by_cpc.B29C45/42,54
counts_by_cpc.B29C45/4208,3
counts_by_cpc.B29C45/4225,50
counts_by_cpc.B29C45/44,1
counts_by_cpc.B29C45/5008,1
counts_by_cpc.B29C45/53,1
counts_by_cpc.B29C45/586,1
counts_by_cpc.B29C45/74,1
counts_by_cpc.B29C45/76,1
counts_by_cpc.B29C45/7626,2
counts_by_cpc.B29C45/77,1
counts_by_cpc.B29C47/02,2
counts_by_cpc.B29C48/002,1
counts_by_cpc.B29C48/0022,3
counts_by_cpc.B29C48/02,1
counts_by_cpc.B29C48/022,4
counts_by_cpc.B29C48/05,1
counts_by_cpc.B29C48/06,2
counts_by_cpc.B29C48/07,3
counts_by_cpc.B29C48/08,1
counts_by_cpc.B29C48/09,1
counts_by_cpc.B29C48/11,3
counts_by_cpc.B29C48/12,1
counts_by_cpc.B29C48/21,1
counts_by_cpc.B29C48/2888,1
counts_by_cpc.B29C48/30,2
counts_by_cpc.B29C48/32,1
counts_by_cpc.B29C48/365,1
counts_by_cpc.B29C48/397,1
counts_by_cpc.B29C48/56,1
counts_by_cpc.B29C48/60,1
counts_by_cpc.B29C48/605,1
counts_by_cpc.B29C48/832,1
counts_by_cpc.B29C48/865,1
counts_by_cpc.B29C48/872,1
counts_by_cpc.B29C48/885,1
counts_by_cpc.B29C48/904,1
counts_by_cpc.B29C48/91,1
counts_by_cpc.B29C48/911,2
counts_by_cpc.B29C48/914,1
counts_by_cpc.B29C48/92,1
counts_by_cpc.B29C49/0691,1
counts_by_cpc.B29C49/12,1
counts_by_cpc.B29C49/2408,1
counts_by_cpc.B29C49/4289,1
counts_by_cpc.B29C49/46,1
counts_by_cpc.B29C49/6409,1
counts_by_cpc.B29C49/78,1
counts_by_cpc.B29C51/00,24
counts_by_cpc.B29C51/02,1
counts_by_cpc.B29C51/10,2
counts_by_cpc.B29C51/12,1
counts_by_cpc.B29C51/145,1
counts_by_cpc.B29C51/16,2
counts_by_cpc.B29C51/18,1
counts_by_cpc.B29C51/20,2
counts_by_cpc.B29C51/22,1
counts_by_cpc.B29C51/26,1
counts_by_cpc.B29C51/261,8
counts_by_cpc.B29C51/262,2
counts_by_cpc.B29C51/28,2
counts_by_cpc.B29C51/36,1
counts_by_cpc.B29C51/425,1
counts_by_cpc.B29C51/428,1
counts_by_cpc.B29C51/44,2
counts_by_cpc.B29C51/46,1
counts_by_cpc.B29C53/06,2
counts_by_cpc.B29C53/063,1
counts_by_cpc.B29C53/066,5
counts_by_cpc.B29C53/24,1
counts_by_cpc.B29C53/564,1
counts_by_cpc.B29C55/24,1
counts_by_cpc.B29C59/00,1
counts_by_cpc.B29C59/02,10
counts_by_cpc.B29C61/025,1
counts_by_cpc.B29C63/0004,2
counts_by_cpc.B29C63/0013,1
counts_by_cpc.B29C63/04,2
counts_by_cpc.B29C64/118,4
counts_by_cpc.B29C64/124,1
counts_by_cpc.B29C64/153,2
counts_by_cpc.B29C64/165,1
counts_by_cpc.B29C64/209,1
counts_by_cpc.B29C64/214,1
counts_by_cpc.B29C64/218,2
counts_by_cpc.B29C64/232,1
counts_by_cpc.B29C64/236,1
counts_by_cpc.B29C64/245,2
counts_by_cpc.B29C64/295,2
counts_by_cpc.B29C64/321,2
counts_by_cpc.B29C64/336,1
counts_by_cpc.B29C64/364,1
counts_by_cpc.B29C64/371,1
counts_by_cpc.B29C64/386,1
counts_by_cpc.B29C64/393,2
counts_by_cpc.B29C64/40,2
counts_by_cpc.B29C65/00,1
counts_by_cpc.B29C65/02,13
counts_by_cpc.B29C65/06,8
counts_by_cpc.B29C65/0672,9
counts_by_cpc.B29C65/069,1
counts_by_cpc.B29C65/08,31
counts_by_cpc.B29C65/10,3
counts_by_cpc.B29C65/14,1
counts_by_cpc.B29C65/1406,1
counts_by_cpc.B29C65/1435,1
counts_by_cpc.B29C65/1467,1
counts_by_cpc.B29C65/1635,1
counts_by_cpc.B29C65/1664,1
counts_by_cpc.B29C65/1677,1
counts_by_cpc.B29C65/1683,1
counts_by_cpc.B29C65/18,13
counts_by_cpc.B29C65/305,2
counts_by_cpc.B29C65/3456,1
counts_by_cpc.B29C65/3468,1
counts_by_cpc.B29C65/3492,1
counts_by_cpc.B29C65/42,4
counts_by_cpc.B29C65/44,1
counts_by_cpc.B29C65/48,9
counts_by_cpc.B29C65/4815,11
counts_by_cpc.B29C65/482,1
counts_by_cpc.B29C65/4825,11
counts_by_cpc.B29C65/483,12
counts_by_cpc.B29C65/4835,2
counts_by_cpc.B29C65/484,8
counts_by_cpc.B29C65/4845,1
counts_by_cpc.B29C65/485,2
counts_by_cpc.B29C65/486,1
counts_by_cpc.B29C65/50,2
counts_by_cpc.B29C65/5042,6
counts_by_cpc.B29C65/5071,1
counts_by_cpc.B29C65/5085,1
counts_by_cpc.B29C65/524,2
counts_by_cpc.B29C65/54,2
counts_by_cpc.B29C65/542,2
counts_by_cpc.B29C65/58,8
counts_by_cpc.B29C65/601,1
counts_by_cpc.B29C65/606,1
counts_by_cpc.B29C65/64,8
counts_by_cpc.B29C65/645,2
counts_by_cpc.B29C65/70,2
counts_by_cpc.B29C65/72,1
counts_by_cpc.B29C65/76,3
counts_by_cpc.B29C65/78,2
counts_by_cpc.B29C65/7847,26
counts_by_cpc.B29C65/7855,11
counts_by_cpc.B29C65/7882,2
counts_by_cpc.B29C66/0042,1
counts_by_cpc.B29C66/02245,1
counts_by_cpc.B29C66/112,16
counts_by_cpc.B29C66/1122,7
counts_by_cpc.B29C66/114,1
counts_by_cpc.B29C66/1142,4
counts_by_cpc.B29C66/131,15
counts_by_cpc.B29C66/135,1
counts_by_cpc.B29C66/21,1
counts_by_cpc.B29C66/24221,2
counts_by_cpc.B29C66/244,1
counts_by_cpc.B29C66/30326,1
counts_by_cpc.B29C66/342,2
counts_by_cpc.B29C66/344,1
counts_by_cpc.B29C66/43,8
counts_by_cpc.B29C66/431,1
counts_by_cpc.B29C66/435,6
counts_by_cpc.B29C66/436,1
counts_by_cpc.B29C66/45,2
counts_by_cpc.B29C66/472,2
counts_by_cpc.B29C66/474,26
counts_by_cpc.B29C66/532,8
counts_by_cpc.B29C66/53461,2
counts_by_cpc.B29C66/71,15
counts_by_cpc.B29C66/7212,8
counts_by_cpc.B29C66/723,1
counts_by_cpc.B29C66/72321,3
counts_by_cpc.B29C66/72328,1
counts_by_cpc.B29C66/72343,1
counts_by_cpc.B29C66/729,1
counts_by_cpc.B29C66/7294,1
counts_by_cpc.B29C66/7315,1
counts_by_cpc.B29C66/73182,1
counts_by_cpc.B29C66/7392,4
counts_by_cpc.B29C66/7394,10
counts_by_cpc.B29C66/742,9
counts_by_cpc.B29C66/74283,1
counts_by_cpc.B29C66/7461,1
counts_by_cpc.B29C66/7487,1
counts_by_cpc.B29C66/80,1
counts_by_cpc.B29C66/81417,2
counts_by_cpc.B29C66/81427,1
counts_by_cpc.B29C66/8161,2
counts_by_cpc.B29C66/8167,2
counts_by_cpc.B29C66/8221,3
counts_by_cpc.B29C66/8225,1
counts_by_cpc.B29C66/8242,13
counts_by_cpc.B29C66/82661,1
counts_by_cpc.B29C66/8322,17
counts_by_cpc.B29C66/83221,1
counts_by_cpc.B29C66/8341,1
counts_by_cpc.B29C66/83411,1
counts_by_cpc.B29C66/83413,1
counts_by_cpc.B29C66/836,2
counts_by_cpc.B29C66/8362,3
counts_by_cpc.B29C66/8432,2
counts_by_cpc.B29C66/847,1
counts_by_cpc.B29C66/849,2
counts_by_cpc.B29C66/861,1
counts_by_cpc.B29C66/863,21
counts_by_cpc.B29C66/86521,2
counts_by_cpc.B29C66/86533,2
counts_by_cpc.B29C66/872,1
counts_by_cpc.B29C66/91212,2
counts_by_cpc.B29C66/91231,2
counts_by_cpc.B29C66/91421,2
counts_by_cpc.B29C66/91431,3
counts_by_cpc.B29C66/91641,1
counts_by_cpc.B29C66/919,2
counts_by_cpc.B29C66/9221,2
counts_by_cpc.B29C66/9441,2
counts_by_cpc.B29C70/00,1
counts_by_cpc.B29C70/003,1
counts_by_cpc.B29C70/021,1
counts_by_cpc.B29C70/086,2
counts_by_cpc.B29C70/32,1
counts_by_cpc.B29C70/34,1
counts_by_cpc.B29C70/36,1
counts_by_cpc.B29C70/38,17
counts_by_cpc.B29C70/386,4
counts_by_cpc.B29C70/44,1
counts_by_cpc.B29C70/46,5
counts_by_cpc.B29C70/465,1
counts_by_cpc.B29C70/54,4
counts_by_cpc.B29C70/541,4
counts_by_cpc.B29C70/545,2
counts_by_cpc.B29C70/56,1
counts_by_cpc.B29C70/68,1
counts_by_cpc.B29C70/682,1
counts_by_cpc.B29C70/70,1
counts_by_cpc.B29C70/72,1
counts_by_cpc.B29C70/745,1
counts_by_cpc.B29C70/78,1
counts_by_cpc.B29C70/80,1
counts_by_cpc.B29C70/84,2
counts_by_cpc.B29C71/0009,6
counts_by_cpc.B29C71/0063,1
counts_by_cpc.B29C71/02,1
counts_by_cpc.B29C73/025,12
counts_by_cpc.B29C73/10,3
counts_by_cpc.B29C73/12,4
counts_by_cpc.B29D11/00,4
counts_by_cpc.B29D11/00009,1
counts_by_cpc.B29D11/00028,1
counts_by_cpc.B29D11/00038,2
counts_by_cpc.B29D11/00057,4
counts_by_cpc.B29D11/00067,10
counts_by_cpc.B29D11/00076,2
counts_by_cpc.B29D11/00125,5
counts_by_cpc.B29D11/00182,4
counts_by_cpc.B29D11/00211,1
counts_by_cpc.B29D11/00221,5
counts_by_cpc.B29D11/0024,29
counts_by_cpc.B29D11/0025,3
counts_by_cpc.B29D11/00259,5
counts_by_cpc.B29D11/00432,1
counts_by_cpc.B29D11/00634,1
counts_by_cpc.B29D11/00644,1
counts_by_cpc.B29D11/00663,1
counts_by_cpc.B29D11/0073,2
counts_by_cpc.B29D11/00788,1
counts_by_cpc.B29D11/00942,1
counts_by_cpc.B29D11/0098,2
counts_by_cpc.B29D11/023,3
counts_by_cpc.B29D17/005,1
counts_by_cpc.B29D2030/0617,1
counts_by_cpc.B29D2030/3207,2
counts_by_cpc.B29D22/04,2
counts_by_cpc.B29D23/00,1
counts_by_cpc.B29D30/0016,1
counts_by_cpc.B29D30/0603,1
counts_by_cpc.B29D30/0606,1
counts_by_cpc.B29D30/08,12
counts_by_cpc.B29D30/26,12
counts_by_cpc.B29D30/2607,18
counts_by_cpc.B29D30/32,2
counts_by_cpc.B29D30/46,1
counts_by_cpc.B29D30/52,1
counts_by_cpc.B29D30/58,2
counts_by_cpc.B29D30/64,12
counts_by_cpc.B29D7/01,1
counts_by_cpc.B29D99/0007,1
counts_by_cpc.B29K2001/08,1
counts_by_cpc.B29K2005/00,1
counts_by_cpc.B29K2021/00,3
counts_by_cpc.B29K2023/06,1
counts_by_cpc.B29K2023/083,1
counts_by_cpc.B29K2023/12,1
counts_by_cpc.B29K2027/06,2
counts_by_cpc.B29K2029/04,1
counts_by_cpc.B29K2033/08,2
counts_by_cpc.B29K2033/12,2
counts_by_cpc.B29K2063/00,2
counts_by_cpc.B29K2067/00,1
counts_by_cpc.B29K2067/003,1
counts_by_cpc.B29K2067/046,2
counts_by_cpc.B29K2069/00,1
counts_by_cpc.B29K2071/00,1
counts_by_cpc.B29K2075/00,1
counts_by_cpc.B29K2077/00,1
counts_by_cpc.B29K2079/085,1
counts_by_cpc.B29K2101/12,1
counts_by_cpc.B29K2105/0002,3
counts_by_cpc.B29K2105/0061,8
counts_by_cpc.B29K2105/0067,1
counts_by_cpc.B29K2105/0085,1
counts_by_cpc.B29K2105/04,2
counts_by_cpc.B29K2105/046,1
counts_by_cpc.B29K2105/08,1
counts_by_cpc.B29K2105/0845,1
counts_by_cpc.B29K2105/0854,12
counts_by_cpc.B29K2105/089,1
counts_by_cpc.B29K2105/12,1
counts_by_cpc.B29K2105/20,1
counts_by_cpc.B29K2105/256,2
counts_by_cpc.B29K2301/00,1
counts_by_cpc.B29K2307/04,3
counts_by_cpc.B29K2309/08,1
counts_by_cpc.B29K2311/12,1
counts_by_cpc.B29K2311/14,1
counts_by_cpc.B29K2313/00,1
counts_by_cpc.B29K2507/045,1
counts_by_cpc.B29K2511/10,1
counts_by_cpc.B29K2705/00,3
counts_by_cpc.B29K2705/02,2
counts_by_cpc.B29K2707/02,2
counts_by_cpc.B29K2905/00,1
counts_by_cpc.B29K2995/0005,1
counts_by_cpc.B29K2995/0012,1
counts_by_cpc.B29K2995/0015,1
counts_by_cpc.B29K2995/0021,1
counts_by_cpc.B29K2995/0041,1
counts_by_cpc.B29K2995/0046,1
counts_by_cpc.B29K2995/0063,2
counts_by_cpc.B29K2995/0077,1
counts_by_cpc.B29K2995/0092,2
counts_by_cpc.B29K2995/0097,3
counts_by_cpc.B29L2001/00,1
counts_by_cpc.B29L2001/002,11
counts_by_cpc.B29L2007/002,2
counts_by_cpc.B29L2007/008,1
counts_by_cpc.B29L2009/00,3
counts_by_cpc.B29L2009/001,1
counts_by_cpc.B29L2009/005,1
counts_by_cpc.B29L2009/008,1
counts_by_cpc.B29L2011/00,1
counts_by_cpc.B29L2011/0016,5
counts_by_cpc.B29L2011/0041,7
counts_by_cpc.B29L2017/005,1
counts_by_cpc.B29L2022/00,1
counts_by_cpc.B29L2024/00,1
counts_by_cpc.B29L2024/006,1
counts_by_cpc.B29L2030/00,12
counts_by_cpc.B29L2031/003,2
counts_by_cpc.B29L2031/08,1
counts_by_cpc.B29L2031/10,1
counts_by_cpc.B29L2031/14,1
counts_by_cpc.B29L2031/18,1
counts_by_cpc.B29L2031/3005,2
counts_by_cpc.B29L2031/3014,1
counts_by_cpc.B29L2031/3052,12
counts_by_cpc.B29L2031/3055,1
counts_by_cpc.B29L2031/3076,2
counts_by_cpc.B29L2031/3082,2
counts_by_cpc.B29L2031/328,1
counts_by_cpc.B29L2031/34,1
counts_by_cpc.B29L2031/3437,1
counts_by_cpc.B29L2031/38,1
counts_by_cpc.B29L2031/425,3
counts_by_cpc.B29L2031/463,2
counts_by_cpc.B29L2031/4878,1
counts_by_cpc.B29L2031/505,20
counts_by_cpc.B29L2031/5209,1
counts_by_cpc.B29L2031/5227,1
counts_by_cpc.B29L2031/565,1
counts_by_cpc.B29L2031/58,1
counts_by_cpc.B29L2031/608,1
counts_by_cpc.B29L2031/7132,1
counts_by_cpc.B29L2031/7164,2
counts_by_cpc.B29L2031/724,1
counts_by_cpc.B29L2031/727,16
counts_by_cpc.B29L2031/731,1
counts_by_cpc.B29L2031/737,1
counts_by_cpc.B29L2031/738,8
counts_by_cpc.B29L2031/7414,1
counts_by_cpc.B29L2031/7416,1
counts_by_cpc.B29L2031/7494,1
counts_by_cpc.B29L2031/771,1
counts_by_cpc.B29L2031/778,2
counts_by_cpc.B30B1/00,1
counts_by_cpc.B30B11/34,2
counts_by_cpc.B30B15/0011,1
counts_by_cpc.B30B15/026,1
counts_by_cpc.B30B15/06,9
counts_by_cpc.B30B15/062,1
counts_by_cpc.B30B15/064,2
counts_by_cpc.B30B15/16,1
counts_by_cpc.B30B15/166,1
counts_by_cpc.B30B15/26,1
counts_by_cpc.B30B15/28,1
counts_by_cpc.B30B15/30,4
counts_by_cpc.B30B15/32,3
counts_by_cpc.B30B5/02,12
counts_by_cpc.B30B5/062,1
counts_by_cpc.B30B5/065,1
counts_by_cpc.B31B2100/00,3
counts_by_cpc.B31B2100/0022,1
counts_by_cpc.B31B2100/0024,1
counts_by_cpc.B31B2105/00,2
counts_by_cpc.B31B2110/10,1
counts_by_cpc.B31B2110/35,1
counts_by_cpc.B31B2120/30,2
counts_by_cpc.B31B2120/408,1
counts_by_cpc.B31B2247/00,1
counts_by_cpc.B31B50/00,6
counts_by_cpc.B31B50/0045,1
counts_by_cpc.B31B50/005,1
counts_by_cpc.B31B50/006,1
counts_by_cpc.B31B50/042,1
counts_by_cpc.B31B50/06,1
counts_by_cpc.B31B50/062,3
counts_by_cpc.B31B50/066,1
counts_by_cpc.B31B50/07,1
counts_by_cpc.B31B50/142,1
counts_by_cpc.B31B50/146,1
counts_by_cpc.B31B50/20,3
counts_by_cpc.B31B50/22,2
counts_by_cpc.B31B50/25,2
counts_by_cpc.B31B50/252,12
counts_by_cpc.B31B50/254,2
counts_by_cpc.B31B50/256,12
counts_by_cpc.B31B50/26,1
counts_by_cpc.B31B50/28,1
counts_by_cpc.B31B50/52,1
counts_by_cpc.B31B50/592,1
counts_by_cpc.B31B50/78,2
counts_by_cpc.B31B50/80,2
counts_by_cpc.B31B50/802,2
counts_by_cpc.B31B50/804,2
counts_by_cpc.B31B50/99,1
counts_by_cpc.B31B70/984,1
counts_by_cpc.B31D5/0065,1
counts_by_cpc.B31D5/0069,1
counts_by_cpc.B31D5/0078,1
counts_by_cpc.B31F1/0016,1
counts_by_cpc.B31F1/08,9
counts_by_cpc.B31F1/10,11
counts_by_cpc.B31F7/006,1
counts_by_cpc.B32B1/00,3
counts_by_cpc.B32B11/044,1
counts_by_cpc.B32B13/10,1
counts_by_cpc.B32B13/12,1
counts_by_cpc.B32B15/012,1
counts_by_cpc.B32B15/04,1
counts_by_cpc.B32B15/08,2
counts_by_cpc.B32B15/09,1
counts_by_cpc.B32B15/14,3
counts_by_cpc.B32B15/18,2
counts_by_cpc.B32B15/20,2
counts_by_cpc.B32B17/02,1
counts_by_cpc.B32B17/06,1
counts_by_cpc.B32B17/064,1
counts_by_cpc.B32B17/10,1
counts_by_cpc.B32B17/10018,1
counts_by_cpc.B32B17/10036,4
counts_by_cpc.B32B17/10293,1
counts_by_cpc.B32B17/10761,1
counts_by_cpc.B32B17/10954,5
counts_by_cpc.B32B17/10963,5
counts_by_cpc.B32B17/10981,1
counts_by_cpc.B32B2038/045,1
counts_by_cpc.B32B2038/1891,3
counts_by_cpc.B32B21/00,1
counts_by_cpc.B32B21/02,28
counts_by_cpc.B32B21/04,28
counts_by_cpc.B32B21/042,3
counts_by_cpc.B32B21/08,1
counts_by_cpc.B32B21/14,2
counts_by_cpc.B32B2250/02,3
counts_by_cpc.B32B2250/03,3
counts_by_cpc.B32B2250/04,1
counts_by_cpc.B32B2250/05,1
counts_by_cpc.B32B2250/20,7
counts_by_cpc.B32B2250/24,6
counts_by_cpc.B32B2250/40,4
counts_by_cpc.B32B2255/02,2
counts_by_cpc.B32B2255/10,7
counts_by_cpc.B32B2255/205,1
counts_by_cpc.B32B2255/26,6
counts_by_cpc.B32B2260/021,10
counts_by_cpc.B32B2260/023,1
counts_by_cpc.B32B2260/046,10
counts_by_cpc.B32B2262/0238,1
counts_by_cpc.B32B2262/0261,8
counts_by_cpc.B32B2262/0269,7
counts_by_cpc.B32B2262/0276,7
counts_by_cpc.B32B2262/0292,7
counts_by_cpc.B32B2262/067,1
counts_by_cpc.B32B2262/10,1
counts_by_cpc.B32B2262/101,13
counts_by_cpc.B32B2262/105,7
counts_by_cpc.B32B2262/106,8
counts_by_cpc.B32B2262/144,1
counts_by_cpc.B32B2266/0207,1
counts_by_cpc.B32B2266/0214,1
counts_by_cpc.B32B2266/0235,2
counts_by_cpc.B32B2266/025,1
counts_by_cpc.B32B2266/0278,2
counts_by_cpc.B32B2266/08,2
counts_by_cpc.B32B2266/104,1
counts_by_cpc.B32B2270/00,1
counts_by_cpc.B32B2274/00,1
counts_by_cpc.B32B23/04,1
counts_by_cpc.B32B2305/026,1
counts_by_cpc.B32B2305/08,10
counts_by_cpc.B32B2305/18,10
counts_by_cpc.B32B2305/38,5
counts_by_cpc.B32B2305/72,1
counts_by_cpc.B32B2307/102,1
counts_by_cpc.B32B2307/208,2
counts_by_cpc.B32B2307/21,1
counts_by_cpc.B32B2307/30,2
counts_by_cpc.B32B2307/306,2
counts_by_cpc.B32B2307/3065,2
counts_by_cpc.B32B2307/308,1
counts_by_cpc.B32B2307/31,1
counts_by_cpc.B32B2307/40,1
counts_by_cpc.B32B2307/4026,2
counts_by_cpc.B32B2307/412,5
counts_by_cpc.B32B2307/414,2
counts_by_cpc.B32B2307/418,1
counts_by_cpc.B32B2307/51,20
counts_by_cpc.B32B2307/516,1
counts_by_cpc.B32B2307/518,1
counts_by_cpc.B32B2307/536,2
counts_by_cpc.B32B2307/54,3
counts_by_cpc.B32B2307/542,1
counts_by_cpc.B32B2307/546,2
counts_by_cpc.B32B2307/558,2
counts_by_cpc.B32B2307/584,1
counts_by_cpc.B32B2307/704,1
counts_by_cpc.B32B2307/71,1
counts_by_cpc.B32B2307/712,1
counts_by_cpc.B32B2307/718,2
counts_by_cpc.B32B2307/72,5
counts_by_cpc.B32B2307/724,2
counts_by_cpc.B32B2307/7242,1
counts_by_cpc.B32B2307/7246,1
counts_by_cpc.B32B2307/73,1
counts_by_cpc.B32B2307/732,3
counts_by_cpc.B32B2307/7376,5
counts_by_cpc.B32B2307/748,12
counts_by_cpc.B32B2307/75,1
counts_by_cpc.B32B2309/02,1
counts_by_cpc.B32B2309/105,1
counts_by_cpc.B32B2309/12,1
counts_by_cpc.B32B2309/68,2
counts_by_cpc.B32B2310/0825,1
counts_by_cpc.B32B2310/0831,1
counts_by_cpc.B32B2311/30,1
counts_by_cpc.B32B2317/16,1
counts_by_cpc.B32B2323/04,2
counts_by_cpc.B32B2323/043,1
counts_by_cpc.B32B2323/10,3
counts_by_cpc.B32B2325/00,5
counts_by_cpc.B32B2327/06,5
counts_by_cpc.B32B2331/04,1
counts_by_cpc.B32B2355/00,1
counts_by_cpc.B32B2367/00,2
counts_by_cpc.B32B2375/00,10
counts_by_cpc.B32B2383/00,10
counts_by_cpc.B32B2405/00,30
counts_by_cpc.B32B2419/00,1
counts_by_cpc.B32B2419/04,6
counts_by_cpc.B32B2419/06,6
counts_by_cpc.B32B2439/46,1
counts_by_cpc.B32B2439/62,1
counts_by_cpc.B32B2451/00,1
counts_by_cpc.B32B2457/10,1
counts_by_cpc.B32B2457/12,1
counts_by_cpc.B32B2457/20,4
counts_by_cpc.B32B2457/208,1
counts_by_cpc.B32B2471/00,28
counts_by_cpc.B32B2479/00,8
counts_by_cpc.B32B25/045,1
counts_by_cpc.B32B25/08,2
counts_by_cpc.B32B25/10,3
counts_by_cpc.B32B25/12,1
counts_by_cpc.B32B25/14,1
counts_by_cpc.B32B25/16,1
counts_by_cpc.B32B25/18,1
counts_by_cpc.B32B25/20,1
counts_by_cpc.B32B2551/00,1
counts_by_cpc.B32B2553/00,1
counts_by_cpc.B32B2571/00,1
counts_by_cpc.B32B2603/00,1
counts_by_cpc.B32B2605/00,2
counts_by_cpc.B32B2605/003,3
counts_by_cpc.B32B2605/08,1
counts_by_cpc.B32B2605/12,5
counts_by_cpc.B32B2605/18,6
counts_by_cpc.B32B2607/00,6
counts_by_cpc.B32B27/00,4
counts_by_cpc.B32B27/06,2
counts_by_cpc.B32B27/065,4
counts_by_cpc.B32B27/08,16
counts_by_cpc.B32B27/10,1
counts_by_cpc.B32B27/12,15
counts_by_cpc.B32B27/18,2
counts_by_cpc.B32B27/20,2
counts_by_cpc.B32B27/22,2
counts_by_cpc.B32B27/281,4
counts_by_cpc.B32B27/283,17
counts_by_cpc.B32B27/30,2
counts_by_cpc.B32B27/302,6
counts_by_cpc.B32B27/304,8
counts_by_cpc.B32B27/306,5
counts_by_cpc.B32B27/308,4
counts_by_cpc.B32B27/32,10
counts_by_cpc.B32B27/322,7
counts_by_cpc.B32B27/34,4
counts_by_cpc.B32B27/36,6
counts_by_cpc.B32B27/365,1
counts_by_cpc.B32B27/38,1
counts_by_cpc.B32B27/40,22
counts_by_cpc.B32B29/002,1
counts_by_cpc.B32B29/007,1
counts_by_cpc.B32B29/08,1
counts_by_cpc.B32B3/02,4
counts_by_cpc.B32B3/04,1
counts_by_cpc.B32B3/06,37
counts_by_cpc.B32B3/08,2
counts_by_cpc.B32B3/085,7
counts_by_cpc.B32B3/10,1
counts_by_cpc.B32B3/12,8
counts_by_cpc.B32B3/18,1
counts_by_cpc.B32B3/26,1
counts_by_cpc.B32B3/266,3
counts_by_cpc.B32B3/30,10
counts_by_cpc.B32B33/00,12
counts_by_cpc.B32B37/0046,10
counts_by_cpc.B32B37/10,2
counts_by_cpc.B32B37/1018,2
counts_by_cpc.B32B37/12,1
counts_by_cpc.B32B37/1284,1
counts_by_cpc.B32B37/146,3
counts_by_cpc.B32B37/153,2
counts_by_cpc.B32B37/18,1
counts_by_cpc.B32B37/24,7
counts_by_cpc.B32B38/0004,2
counts_by_cpc.B32B38/0036,1
counts_by_cpc.B32B38/04,1
counts_by_cpc.B32B38/06,1
counts_by_cpc.B32B38/145,1
counts_by_cpc.B32B38/18,1
counts_by_cpc.B32B38/1833,2
counts_by_cpc.B32B38/1841,4
counts_by_cpc.B32B38/1858,17
counts_by_cpc.B32B38/1866,5
counts_by_cpc.B32B5/02,3
counts_by_cpc.B32B5/022,2
counts_by_cpc.B32B5/024,1
counts_by_cpc.B32B5/026,1
counts_by_cpc.B32B5/18,10
counts_by_cpc.B32B5/245,1
counts_by_cpc.B32B5/26,9
counts_by_cpc.B32B5/32,2
counts_by_cpc.B32B7/02,4
counts_by_cpc.B32B7/022,2
counts_by_cpc.B32B7/04,11
counts_by_cpc.B32B7/05,1
counts_by_cpc.B32B7/06,25
counts_by_cpc.B32B7/08,2
counts_by_cpc.B32B7/10,1
counts_by_cpc.B32B7/12,56
counts_by_cpc.B32B7/14,4
counts_by_cpc.B32B9/007,1
counts_by_cpc.B32B9/04,1
counts_by_cpc.B32B9/041,1
counts_by_cpc.B32B9/045,1
counts_by_cpc.B32B9/047,1
counts_by_cpc.B33Y10/00,16
counts_by_cpc.B33Y30/00,9
counts_by_cpc.B33Y40/00,1
counts_by_cpc.B33Y40/10,1
counts_by_cpc.B33Y40/20,2
counts_by_cpc.B33Y50/00,3
counts_by_cpc.B33Y50/02,4
counts_by_cpc.B33Y70/00,5
counts_by_cpc.B33Y70/10,3
counts_by_cpc.B33Y80/00,12
counts_by_cpc.B41C1/045,1
counts_by_cpc.B41C1/182,10
counts_by_cpc.B41D1/00,1
counts_by_cpc.B41F1/26,1
counts_by_cpc.B41F1/28,1
counts_by_cpc.B41F1/32,2
counts_by_cpc.B41F13/50,1
counts_by_cpc.B41F15/0804,5
counts_by_cpc.B41F15/0813,1
counts_by_cpc.B41F15/0818,3
counts_by_cpc.B41F15/085,1
counts_by_cpc.B41F15/16,7
counts_by_cpc.B41F15/20,6
counts_by_cpc.B41F15/22,1
counts_by_cpc.B41F15/36,1
counts_by_cpc.B41F17/00,2
counts_by_cpc.B41F17/001,1
counts_by_cpc.B41F17/14,3
counts_by_cpc.B41F17/16,1
counts_by_cpc.B41F17/18,2
counts_by_cpc.B41F17/22,3
counts_by_cpc.B41F17/28,1
counts_by_cpc.B41F17/30,9
counts_by_cpc.B41F17/34,2
counts_by_cpc.B41F21/06,7
counts_by_cpc.B41F21/08,2
counts_by_cpc.B41F21/102,11
counts_by_cpc.B41F21/106,10
counts_by_cpc.B41F21/108,1
counts_by_cpc.B41F22/00,1
counts_by_cpc.B41F23/04,2
counts_by_cpc.B41F27/04,4
counts_by_cpc.B41F27/105,2
counts_by_cpc.B41F27/1206,1
counts_by_cpc.B41F3/51,3
counts_by_cpc.B41F33/0027,2
counts_by_cpc.B41F33/14,2
counts_by_cpc.B41F7/16,1
counts_by_cpc.B41J11/0015,1
counts_by_cpc.B41J11/002,1
counts_by_cpc.B41J11/007,1
counts_by_cpc.B41J11/42,1
counts_by_cpc.B41J15/04,1
counts_by_cpc.B41J15/044,1
counts_by_cpc.B41J15/16,1
counts_by_cpc.B41J2/01,3
counts_by_cpc.B41J2/04508,1
counts_by_cpc.B41J2/0454,1
counts_by_cpc.B41J2/04541,4
counts_by_cpc.B41J2/04548,1
counts_by_cpc.B41J2/0455,1
counts_by_cpc.B41J2/04563,1
counts_by_cpc.B41J2/04573,1
counts_by_cpc.B41J2/04581,4
counts_by_cpc.B41J2/04586,1
counts_by_cpc.B41J2/04588,3
counts_by_cpc.B41J2/04591,1
counts_by_cpc.B41J2/04593,1
counts_by_cpc.B41J2/14,3
counts_by_cpc.B41J2/14072,1
counts_by_cpc.B41J2/14233,3
counts_by_cpc.B41J2/1433,3
counts_by_cpc.B41J2/1601,1
counts_by_cpc.B41J2/1603,1
counts_by_cpc.B41J2/162,1
counts_by_cpc.B41J2/1621,1
counts_by_cpc.B41J2/1623,3
counts_by_cpc.B41J2/1631,2
counts_by_cpc.B41J2/1635,1
counts_by_cpc.B41J2/1637,2
counts_by_cpc.B41J2/1646,1
counts_by_cpc.B41J2/16532,1
counts_by_cpc.B41J2/16552,2
counts_by_cpc.B41J2/16579,1
counts_by_cpc.B41J2/1707,2
counts_by_cpc.B41J2/1721,2
counts_by_cpc.B41J2/1742,1
counts_by_cpc.B41J2/17513,1
counts_by_cpc.B41J2/17523,2
counts_by_cpc.B41J2/17546,1
counts_by_cpc.B41J2/17553,1
counts_by_cpc.B41J2/17596,1
counts_by_cpc.B41J2/2114,1
counts_by_cpc.B41J2/2117,1
counts_by_cpc.B41J2/442,1
counts_by_cpc.B41J2/45,1
counts_by_cpc.B41J2/471,1
counts_by_cpc.B41J2002/14362,1
counts_by_cpc.B41J2002/14419,1
counts_by_cpc.B41J2002/14475,1
counts_by_cpc.B41J2002/14491,2
counts_by_cpc.B41J2002/16558,1
counts_by_cpc.B41J2002/16582,1
counts_by_cpc.B41J2002/1856,1
counts_by_cpc.B41J2202/13,1
counts_by_cpc.B41J2202/31,1
counts_by_cpc.B41J29/06,1
counts_by_cpc.B41J29/17,1
counts_by_cpc.B41J29/377,2
counts_by_cpc.B41J29/38,1
counts_by_cpc.B41J29/387,1
counts_by_cpc.B41J3/01,3
counts_by_cpc.B41J3/407,10
counts_by_cpc.B41J3/4073,11
counts_by_cpc.B41J3/40731,2
counts_by_cpc.B41J33/003,1
counts_by_cpc.B41J33/06,1
counts_by_cpc.B41J35/06,1
counts_by_cpc.B41J9/10,1
counts_by_cpc.B41J9/127,1
counts_by_cpc.B41J9/42,1
counts_by_cpc.B41K3/02,1
counts_by_cpc.B41K3/44,1
counts_by_cpc.B41K3/54,1
counts_by_cpc.B41K3/64,1
counts_by_cpc.B41L47/42,1
counts_by_cpc.B41M1/12,2
counts_by_cpc.B41M1/26,1
counts_by_cpc.B41M1/30,1
counts_by_cpc.B41M1/40,1
counts_by_cpc.B41M5/0011,1
counts_by_cpc.B41M5/0017,2
counts_by_cpc.B41M5/0023,1
counts_by_cpc.B41M5/0047,1
counts_by_cpc.B41M5/0058,1
counts_by_cpc.B41M5/165,1
counts_by_cpc.B41M5/26,1
counts_by_cpc.B41M5/262,1
counts_by_cpc.B41M5/267,1
counts_by_cpc.B41N1/248,1
counts_by_cpc.B41P2217/55,1
counts_by_cpc.B41P2235/20,1
counts_by_cpc.B42C19/08,3
counts_by_cpc.B42D1/08,1
counts_by_cpc.B42D25/30,1
counts_by_cpc.B42D25/41,1
counts_by_cpc.B42D25/435,1
counts_by_cpc.B42D25/45,1
counts_by_cpc.B42D5/00,1
counts_by_cpc.B42F1/006,1
counts_by_cpc.B42F1/02,1
counts_by_cpc.B42F13/0006,1
counts_by_cpc.B42F13/0013,1
counts_by_cpc.B42F13/40,1
counts_by_cpc.B42F15/06,1
counts_by_cpc.B42F15/066,9
counts_by_cpc.B42F5/00,1
counts_by_cpc.B42F9/00,5
counts_by_cpc.B42P2241/16,1
counts_by_cpc.B43K23/001,1
counts_by_cpc.B43K23/002,5
counts_by_cpc.B43K23/04,4
counts_by_cpc.B43K25/00,2
counts_by_cpc.B43K8/02,2
counts_by_cpc.B43L1/008,2
counts_by_cpc.B43L13/046,1
counts_by_cpc.B43L23/00,2
counts_by_cpc.B43L23/04,2
counts_by_cpc.B43L25/00,1
counts_by_cpc.B43L5/02,1
counts_by_cpc.B43L5/027,4
counts_by_cpc.B43M3/045,2
counts_by_cpc.B43M7/001,1
counts_by_cpc.B43M99/008,3
counts_by_cpc.B44B1/02,1
counts_by_cpc.B44B3/001,1
counts_by_cpc.B44B3/004,2
counts_by_cpc.B44B3/006,1
counts_by_cpc.B44B3/009,26
counts_by_cpc.B44B3/02,22
counts_by_cpc.B44B3/04,1
counts_by_cpc.B44B3/06,2
counts_by_cpc.B44B3/061,5
counts_by_cpc.B44B3/065,30
counts_by_cpc.B44B5/0019,1
counts_by_cpc.B44B5/022,9
counts_by_cpc.B44B7/00,1
counts_by_cpc.B44C1/10,1
counts_by_cpc.B44C1/105,1
counts_by_cpc.B44C1/16,4
counts_by_cpc.B44C1/1708,1
counts_by_cpc.B44C1/1712,4
counts_by_cpc.B44C1/221,1
counts_by_cpc.B44C1/222,1
counts_by_cpc.B44C1/24,1
counts_by_cpc.B44C3/08,1
counts_by_cpc.B44C5/00,2
counts_by_cpc.B44C5/02,4
counts_by_cpc.B44C5/043,1
counts_by_cpc.B44C5/0453,1
counts_by_cpc.B44C5/0461,7
counts_by_cpc.B44C5/0476,1
counts_by_cpc.B44D3/123,1
counts_by_cpc.B44D3/125,1
counts_by_cpc.B44F11/02,1
counts_by_cpc.B44F11/04,1
counts_by_cpc.B44F11/06,1
counts_by_cpc.B60B1/041,1
counts_by_cpc.B60B1/042,1
counts_by_cpc.B60B1/046,1
counts_by_cpc.B60B1/08,1
counts_by_cpc.B60B1/14,1
counts_by_cpc.B60B17/0006,1
counts_by_cpc.B60B19/006,1
counts_by_cpc.B60B21/06,1
counts_by_cpc.B60B21/062,1
counts_by_cpc.B60B2310/318,1
counts_by_cpc.B60B2320/124,1
counts_by_cpc.B60B2900/111,1
counts_by_cpc.B60B2900/1216,1
counts_by_cpc.B60B3/02,1
counts_by_cpc.B60B3/06,1
counts_by_cpc.B60B3/12,2
counts_by_cpc.B60B33/0002,1
counts_by_cpc.B60B33/0015,1
counts_by_cpc.B60B35/16,1
counts_by_cpc.B60B39/00,10
counts_by_cpc.B60B7/0006,1
counts_by_cpc.B60B7/065,1
counts_by_cpc.B60B7/08,1
counts_by_cpc.B60B7/10,1
counts_by_cpc.B60B9/04,1
counts_by_cpc.B60B9/26,3
counts_by_cpc.B60C1/0016,2
counts_by_cpc.B60C1/0025,1
counts_by_cpc.B60C11/0008,1
counts_by_cpc.B60C11/032,1
counts_by_cpc.B60C11/0323,1
counts_by_cpc.B60C11/04,1
counts_by_cpc.B60C11/1281,1
counts_by_cpc.B60C11/1307,1
counts_by_cpc.B60C11/1323,1
counts_by_cpc.B60C11/1353,1
counts_by_cpc.B60C11/24,2
counts_by_cpc.B60C11/246,1
counts_by_cpc.B60C13/003,1
counts_by_cpc.B60C15/022,1
counts_by_cpc.B60C15/0242,1
counts_by_cpc.B60C17/065,1
counts_by_cpc.B60C2011/0025,1
counts_by_cpc.B60C2011/0033,1
counts_by_cpc.B60C2011/0341,1
counts_by_cpc.B60C2011/1338,1
counts_by_cpc.B60C2011/1361,1
counts_by_cpc.B60C2200/06,1
counts_by_cpc.B60C2200/12,1
counts_by_cpc.B60C23/001,1
counts_by_cpc.B60C23/009,1
counts_by_cpc.B60C23/0416,1
counts_by_cpc.B60C23/0479,1
counts_by_cpc.B60C23/0488,1
counts_by_cpc.B60C23/0489,1
counts_by_cpc.B60C23/10,1
counts_by_cpc.B60C5/00,1
counts_by_cpc.B60C7/105,1
counts_by_cpc.B60C7/146,1
counts_by_cpc.B60C7/18,1
counts_by_cpc.B60C7/24,1
counts_by_cpc.B60C9/20,1
counts_by_cpc.B60D1/06,1
counts_by_cpc.B60D1/07,2
counts_by_cpc.B60D1/24,1
counts_by_cpc.B60D1/28,1
counts_by_cpc.B60D1/36,1
counts_by_cpc.B60D1/46,2
counts_by_cpc.B60D1/52,1
counts_by_cpc.B60D1/58,1
counts_by_cpc.B60D1/62,1
counts_by_cpc.B60D2001/001,1
counts_by_cpc.B60F5/02,1
counts_by_cpc.B60G11/00,1
counts_by_cpc.B60G11/16,1
counts_by_cpc.B60G17/0155,1
counts_by_cpc.B60G17/018,1
counts_by_cpc.B60G2200/10,8
counts_by_cpc.B60G2200/142,1
counts_by_cpc.B60G2200/314,1
counts_by_cpc.B60G2200/3415,1
counts_by_cpc.B60G2200/46,1
counts_by_cpc.B60G2202/11,1
counts_by_cpc.B60G2202/116,1
counts_by_cpc.B60G2202/143,1
counts_by_cpc.B60G2202/152,1
counts_by_cpc.B60G2202/24,1
counts_by_cpc.B60G2204/11,1
counts_by_cpc.B60G2204/124,1
counts_by_cpc.B60G2204/143,1
counts_by_cpc.B60G2204/416,1
counts_by_cpc.B60G2204/418,1
counts_by_cpc.B60G2204/42,1
counts_by_cpc.B60G2204/422,1
counts_by_cpc.B60G2204/4222,8
counts_by_cpc.B60G2204/423,8
counts_by_cpc.B60G2204/4232,1
counts_by_cpc.B60G2204/4502,1
counts_by_cpc.B60G2204/62,1
counts_by_cpc.B60G2206/7101,1
counts_by_cpc.B60G2300/36,1
counts_by_cpc.B60G2400/252,2
counts_by_cpc.B60G2400/51222,1
counts_by_cpc.B60G2401/00,1
counts_by_cpc.B60G2401/17,1
counts_by_cpc.B60G2401/172,1
counts_by_cpc.B60G2500/10,1
counts_by_cpc.B60G2500/22,1
counts_by_cpc.B60G2500/30,1
counts_by_cpc.B60G2600/182,1
counts_by_cpc.B60G2600/26,1
counts_by_cpc.B60G3/26,1
counts_by_cpc.B60G7/001,1
counts_by_cpc.B60G7/005,1
counts_by_cpc.B60G7/04,1
counts_by_cpc.B60H1/00278,2
counts_by_cpc.B60H1/00285,1
counts_by_cpc.B60H1/00295,1
counts_by_cpc.B60H1/00392,1
counts_by_cpc.B60H1/00457,1
counts_by_cpc.B60H1/00514,1
counts_by_cpc.B60H1/00521,2
counts_by_cpc.B60H1/00564,2
counts_by_cpc.B60H1/00842,2
counts_by_cpc.B60H1/00878,1
counts_by_cpc.B60H1/143,1
counts_by_cpc.B60H1/242,1
counts_by_cpc.B60H1/243,1
counts_by_cpc.B60H1/3421,1
counts_by_cpc.B60H2001/003,1
counts_by_cpc.B60H2001/00307,1
counts_by_cpc.B60H2001/00635,1
counts_by_cpc.B60H2001/3478,1
counts_by_cpc.B60H3/0078,1
counts_by_cpc.B60H3/022,1
counts_by_cpc.B60H3/024,1
counts_by_cpc.B60H3/0608,1
counts_by_cpc.B60J1/001,1
counts_by_cpc.B60J1/002,1
counts_by_cpc.B60J1/004,1
counts_by_cpc.B60J1/005,1
counts_by_cpc.B60J1/007,2
counts_by_cpc.B60J1/10,1
counts_by_cpc.B60J1/20,2
counts_by_cpc.B60J1/2011,6
counts_by_cpc.B60J1/2091,1
counts_by_cpc.B60J10/35,3
counts_by_cpc.B60J10/36,1
counts_by_cpc.B60J10/70,1
counts_by_cpc.B60J11/08,1
counts_by_cpc.B60J3/002,1
counts_by_cpc.B60J3/02,1
counts_by_cpc.B60J3/0217,1
counts_by_cpc.B60J3/0221,1
counts_by_cpc.B60J3/04,1
counts_by_cpc.B60J5/0411,2
counts_by_cpc.B60J5/0418,1
counts_by_cpc.B60J5/0426,2
counts_by_cpc.B60J5/0491,1
counts_by_cpc.B60J5/107,1
counts_by_cpc.B60J7/041,1
counts_by_cpc.B60J7/062,1
counts_by_cpc.B60K1/00,5
counts_by_cpc.B60K1/02,1
counts_by_cpc.B60K1/04,6
counts_by_cpc.B60K11/08,1
counts_by_cpc.B60K13/02,1
counts_by_cpc.B60K15/00,1
counts_by_cpc.B60K15/03,1
counts_by_cpc.B60K15/0406,1
counts_by_cpc.B60K15/05,1
counts_by_cpc.B60K16/00,1
counts_by_cpc.B60K17/04,1
counts_by_cpc.B60K17/043,1
counts_by_cpc.B60K17/08,1
counts_by_cpc.B60K17/16,1
counts_by_cpc.B60K17/165,1
counts_by_cpc.B60K17/22,2
counts_by_cpc.B60K17/28,3
counts_by_cpc.B60K17/36,1
counts_by_cpc.B60K2001/001,2
counts_by_cpc.B60K2001/0416,1
counts_by_cpc.B60K2001/0438,4
counts_by_cpc.B60K2015/03315,1
counts_by_cpc.B60K2015/053,1
counts_by_cpc.B60K2015/0546,1
counts_by_cpc.B60K2015/0576,1
counts_by_cpc.B60K2016/003,1
counts_by_cpc.B60K2025/005,2
counts_by_cpc.B60K2026/026,1
counts_by_cpc.B60K2026/029,1
counts_by_cpc.B60K2360/16,1
counts_by_cpc.B60K2360/166,1
counts_by_cpc.B60K2360/176,1
counts_by_cpc.B60K2360/177,1
counts_by_cpc.B60K2360/178,1
counts_by_cpc.B60K2360/18,1
counts_by_cpc.B60K2360/182,1
counts_by_cpc.B60K2360/1868,1
counts_by_cpc.B60K2360/23,3
counts_by_cpc.B60K2360/29,1
counts_by_cpc.B60K2360/31,1
counts_by_cpc.B60K2360/336,1
counts_by_cpc.B60K2360/56,1
counts_by_cpc.B60K2360/566,11
counts_by_cpc.B60K2360/785,1
counts_by_cpc.B60K25/06,1
counts_by_cpc.B60K26/00,1
counts_by_cpc.B60K26/02,1
counts_by_cpc.B60K28/00,1
counts_by_cpc.B60K3/02,1
counts_by_cpc.B60K35/00,1
counts_by_cpc.B60K35/10,2
counts_by_cpc.B60K35/211,1
counts_by_cpc.B60K35/22,15
counts_by_cpc.B60K35/23,2
counts_by_cpc.B60K35/233,1
counts_by_cpc.B60K35/235,2
counts_by_cpc.B60K35/26,1
counts_by_cpc.B60K35/28,18
counts_by_cpc.B60K35/29,2
counts_by_cpc.B60K35/50,2
counts_by_cpc.B60K35/60,4
counts_by_cpc.B60K35/65,11
counts_by_cpc.B60K35/654,1
counts_by_cpc.B60K35/656,1
counts_by_cpc.B60K35/80,13
counts_by_cpc.B60K35/81,2
counts_by_cpc.B60K35/85,12
counts_by_cpc.B60K35/90,1
counts_by_cpc.B60K37/20,1
counts_by_cpc.B60K5/08,1
counts_by_cpc.B60K8/00,1
counts_by_cpc.B60L1/00,1
counts_by_cpc.B60L13/00,1
counts_by_cpc.B60L13/003,1
counts_by_cpc.B60L13/03,1
counts_by_cpc.B60L13/035,1
counts_by_cpc.B60L13/10,1
counts_by_cpc.B60L15/007,2
counts_by_cpc.B60L15/08,1
counts_by_cpc.B60L15/20,1
counts_by_cpc.B60L2200/10,2
counts_by_cpc.B60L2200/40,2
counts_by_cpc.B60L2210/12,1
counts_by_cpc.B60L2240/465,1
counts_by_cpc.B60L2240/527,1
counts_by_cpc.B60L2240/545,1
counts_by_cpc.B60L2240/549,1
counts_by_cpc.B60L2240/72,3
counts_by_cpc.B60L2260/24,1
counts_by_cpc.B60L3/0023,1
counts_by_cpc.B60L3/0046,1
counts_by_cpc.B60L3/0061,1
counts_by_cpc.B60L3/108,1
counts_by_cpc.B60L50/16,1
counts_by_cpc.B60L50/60,3
counts_by_cpc.B60L50/61,1
counts_by_cpc.B60L50/64,3
counts_by_cpc.B60L50/66,1
counts_by_cpc.B60L53/12,2
counts_by_cpc.B60L53/14,2
counts_by_cpc.B60L53/16,3
counts_by_cpc.B60L53/18,2
counts_by_cpc.B60L53/20,2
counts_by_cpc.B60L53/22,2
counts_by_cpc.B60L53/30,1
counts_by_cpc.B60L53/302,3
counts_by_cpc.B60L53/305,2
counts_by_cpc.B60L53/31,1
counts_by_cpc.B60L53/36,1
counts_by_cpc.B60L53/38,2
counts_by_cpc.B60L53/51,2
counts_by_cpc.B60L53/52,2
counts_by_cpc.B60L53/60,3
counts_by_cpc.B60L53/62,5
counts_by_cpc.B60L53/63,1
counts_by_cpc.B60L53/65,1
counts_by_cpc.B60L53/66,3
counts_by_cpc.B60L53/665,1
counts_by_cpc.B60L53/67,2
counts_by_cpc.B60L53/68,2
counts_by_cpc.B60L53/80,1
counts_by_cpc.B60L55/00,1
counts_by_cpc.B60L58/10,4
counts_by_cpc.B60L58/14,1
counts_by_cpc.B60L58/22,1
counts_by_cpc.B60L58/26,3
counts_by_cpc.B60L58/27,2
counts_by_cpc.B60L58/32,1
counts_by_cpc.B60L7/18,1
counts_by_cpc.B60L7/26,1
counts_by_cpc.B60L8/00,1
counts_by_cpc.B60L8/003,2
counts_by_cpc.B60L8/006,1
counts_by_cpc.B60N2/026,1
counts_by_cpc.B60N2/0272,1
counts_by_cpc.B60N2/10,1
counts_by_cpc.B60N2/24,1
counts_by_cpc.B60N2/2812,2
counts_by_cpc.B60N2/2821,2
counts_by_cpc.B60N2/2824,1
counts_by_cpc.B60N2/2845,2
counts_by_cpc.B60N2/2848,2
counts_by_cpc.B60N2/2854,1
counts_by_cpc.B60N2/2887,1
counts_by_cpc.B60N2/3061,1
counts_by_cpc.B60N2/3093,1
counts_by_cpc.B60N2/5657,1
counts_by_cpc.B60N2/5678,1
counts_by_cpc.B60N2/64,1
counts_by_cpc.B60N2/68,2
counts_by_cpc.B60N2/686,1
counts_by_cpc.B60N2/7035,1
counts_by_cpc.B60N2/78,1
counts_by_cpc.B60N2/809,1
counts_by_cpc.B60N2/821,1
counts_by_cpc.B60N2/882,1
counts_by_cpc.B60N2/914,1
counts_by_cpc.B60N2002/5808,1
counts_by_cpc.B60N3/001,1
counts_by_cpc.B60N3/002,4
counts_by_cpc.B60N3/048,1
counts_by_cpc.B60N3/10,3
counts_by_cpc.B60N3/101,5
counts_by_cpc.B60N3/102,1
counts_by_cpc.B60N3/103,25
counts_by_cpc.B60N3/105,1
counts_by_cpc.B60N3/106,4
counts_by_cpc.B60N3/107,2
counts_by_cpc.B60N3/108,9
counts_by_cpc.B60P1/006,4
counts_by_cpc.B60P1/04,1
counts_by_cpc.B60P1/43,1
counts_by_cpc.B60P1/48,1
counts_by_cpc.B60P1/60,3
counts_by_cpc.B60P3/04,6
counts_by_cpc.B60P3/16,1
counts_by_cpc.B60P3/2205,1
counts_by_cpc.B60P3/2265,1
counts_by_cpc.B60P3/40,1
counts_by_cpc.B60P7/0815,1
counts_by_cpc.B60P7/0823,2
counts_by_cpc.B60P7/0892,1
counts_by_cpc.B60P7/15,1
counts_by_cpc.B60Q1/00,1
counts_by_cpc.B60Q1/0023,2
counts_by_cpc.B60Q1/0035,2
counts_by_cpc.B60Q1/0041,1
counts_by_cpc.B60Q1/0483,1
counts_by_cpc.B60Q1/245,1
counts_by_cpc.B60Q1/247,1
counts_by_cpc.B60Q1/2611,2
counts_by_cpc.B60Q1/2615,1
counts_by_cpc.B60Q1/2623,1
counts_by_cpc.B60Q1/2673,1
counts_by_cpc.B60Q1/34,1
counts_by_cpc.B60Q1/44,1
counts_by_cpc.B60Q1/46,1
counts_by_cpc.B60Q1/503,1
counts_by_cpc.B60Q1/507,1
counts_by_cpc.B60Q2200/32,1
counts_by_cpc.B60Q3/14,1
counts_by_cpc.B60Q3/252,1
counts_by_cpc.B60Q3/50,1
counts_by_cpc.B60Q3/51,1
counts_by_cpc.B60Q3/54,2
counts_by_cpc.B60Q3/60,1
counts_by_cpc.B60Q3/64,2
counts_by_cpc.B60Q3/70,1
counts_by_cpc.B60Q3/74,1
counts_by_cpc.B60Q3/82,1
counts_by_cpc.B60Q5/005,2
counts_by_cpc.B60Q7/005,1
counts_by_cpc.B60Q9/00,3
counts_by_cpc.B60Q9/008,1
counts_by_cpc.B60R1/04,5
counts_by_cpc.B60R1/072,1
counts_by_cpc.B60R1/08,1
counts_by_cpc.B60R1/23,1
counts_by_cpc.B60R1/24,1
counts_by_cpc.B60R1/26,2
counts_by_cpc.B60R1/27,2
counts_by_cpc.B60R1/31,1
counts_by_cpc.B60R11/00,22
counts_by_cpc.B60R11/02,39
counts_by_cpc.B60R11/0211,1
counts_by_cpc.B60R11/0241,22
counts_by_cpc.B60R11/0252,14
counts_by_cpc.B60R11/0258,4
counts_by_cpc.B60R11/04,3
counts_by_cpc.B60R13/00,1
counts_by_cpc.B60R13/005,2
counts_by_cpc.B60R13/02,7
counts_by_cpc.B60R13/0206,2
counts_by_cpc.B60R13/0243,2
counts_by_cpc.B60R13/04,14
counts_by_cpc.B60R13/06,2
counts_by_cpc.B60R13/0838,7
counts_by_cpc.B60R13/0892,1
counts_by_cpc.B60R13/10,1
counts_by_cpc.B60R15/00,1
counts_by_cpc.B60R16/00,7
counts_by_cpc.B60R16/02,11
counts_by_cpc.B60R16/0207,2
counts_by_cpc.B60R16/0215,2
counts_by_cpc.B60R16/0232,1
counts_by_cpc.B60R16/0233,1
counts_by_cpc.B60R16/0307,1
counts_by_cpc.B60R16/033,4
counts_by_cpc.B60R16/04,2
counts_by_cpc.B60R19/02,1
counts_by_cpc.B60R19/023,1
counts_by_cpc.B60R19/22,1
counts_by_cpc.B60R19/34,1
counts_by_cpc.B60R2011/0003,5
counts_by_cpc.B60R2011/0005,9
counts_by_cpc.B60R2011/0008,1
counts_by_cpc.B60R2011/001,1
counts_by_cpc.B60R2011/0012,2
counts_by_cpc.B60R2011/0015,1
counts_by_cpc.B60R2011/0026,18
counts_by_cpc.B60R2011/0029,1
counts_by_cpc.B60R2011/004,5
counts_by_cpc.B60R2011/005,1
counts_by_cpc.B60R2011/0056,70
counts_by_cpc.B60R2011/0057,3
counts_by_cpc.B60R2011/0059,3
counts_by_cpc.B60R2011/0064,3
counts_by_cpc.B60R2011/0068,5
counts_by_cpc.B60R2011/007,3
counts_by_cpc.B60R2011/0071,3
counts_by_cpc.B60R2011/0073,12
counts_by_cpc.B60R2011/0075,3
counts_by_cpc.B60R2011/0077,4
counts_by_cpc.B60R2011/008,6
counts_by_cpc.B60R2011/0084,4
counts_by_cpc.B60R2011/0085,6
counts_by_cpc.B60R2011/0087,3
counts_by_cpc.B60R2011/0089,3
counts_by_cpc.B60R2011/0091,13
counts_by_cpc.B60R2013/0287,1
counts_by_cpc.B60R2019/1806,1
counts_by_cpc.B60R2021/01265,1
counts_by_cpc.B60R2021/0206,1
counts_by_cpc.B60R2021/022,1
counts_by_cpc.B60R2021/0293,1
counts_by_cpc.B60R2021/0407,1
counts_by_cpc.B60R2021/0414,2
counts_by_cpc.B60R2021/0421,1
counts_by_cpc.B60R2021/161,2
counts_by_cpc.B60R2021/165,1
counts_by_cpc.B60R2021/2074,1
counts_by_cpc.B60R2021/23146,1
counts_by_cpc.B60R2021/23386,1
counts_by_cpc.B60R2021/23388,1
counts_by_cpc.B60R2021/23542,1
counts_by_cpc.B60R2021/23571,1
counts_by_cpc.B60R2021/2375,1
counts_by_cpc.B60R2021/26011,1
counts_by_cpc.B60R2021/2612,1
counts_by_cpc.B60R2021/2615,1
counts_by_cpc.B60R2022/029,1
counts_by_cpc.B60R2022/448,1
counts_by_cpc.B60R2022/4642,1
counts_by_cpc.B60R21/01544,1
counts_by_cpc.B60R21/02,1
counts_by_cpc.B60R21/04,1
counts_by_cpc.B60R21/0428,1
counts_by_cpc.B60R21/055,1
counts_by_cpc.B60R21/16,1
counts_by_cpc.B60R21/164,1
counts_by_cpc.B60R21/20,1
counts_by_cpc.B60R21/207,3
counts_by_cpc.B60R21/213,1
counts_by_cpc.B60R21/214,1
counts_by_cpc.B60R21/215,1
counts_by_cpc.B60R21/23,1
counts_by_cpc.B60R21/231,2
counts_by_cpc.B60R21/23138,1
counts_by_cpc.B60R21/232,1
counts_by_cpc.B60R21/2334,1
counts_by_cpc.B60R21/2338,2
counts_by_cpc.B60R21/237,1
counts_by_cpc.B60R21/26,1
counts_by_cpc.B60R21/261,1
counts_by_cpc.B60R22/00,1
counts_by_cpc.B60R22/02,1
counts_by_cpc.B60R22/03,1
counts_by_cpc.B60R22/18,1
counts_by_cpc.B60R22/195,1
counts_by_cpc.B60R22/1951,1
counts_by_cpc.B60R22/1954,1
counts_by_cpc.B60R22/26,1
counts_by_cpc.B60R22/30,1
counts_by_cpc.B60R22/40,1
counts_by_cpc.B60R22/46,1
counts_by_cpc.B60R2300/105,1
counts_by_cpc.B60R2300/107,1
counts_by_cpc.B60R2300/207,1
counts_by_cpc.B60R2300/302,1
counts_by_cpc.B60R2300/8006,1
counts_by_cpc.B60R2300/8033,1
counts_by_cpc.B60R2300/8066,1
counts_by_cpc.B60R2300/8093,1
counts_by_cpc.B60R25/32,1
counts_by_cpc.B60R3/02,2
counts_by_cpc.B60R7/00,1
counts_by_cpc.B60R7/02,1
counts_by_cpc.B60R7/04,1
counts_by_cpc.B60R7/08,1
counts_by_cpc.B60R9/058,8
counts_by_cpc.B60R9/06,1
counts_by_cpc.B60R9/10,1
counts_by_cpc.B60S1/023,1
counts_by_cpc.B60S1/486,1
counts_by_cpc.B60S1/526,1
counts_by_cpc.B60S1/54,1
counts_by_cpc.B60S1/56,2
counts_by_cpc.B60S13/00,1
counts_by_cpc.B60S3/002,1
counts_by_cpc.B60S3/04,2
counts_by_cpc.B60S3/045,2
counts_by_cpc.B60S5/046,1
counts_by_cpc.B60S9/12,1
counts_by_cpc.B60T13/148,1
counts_by_cpc.B60T13/36,1
counts_by_cpc.B60T13/58,1
counts_by_cpc.B60T13/662,2
counts_by_cpc.B60T13/683,3
counts_by_cpc.B60T13/686,3
counts_by_cpc.B60T13/745,2
counts_by_cpc.B60T15/027,1
counts_by_cpc.B60T17/002,1
counts_by_cpc.B60T17/02,1
counts_by_cpc.B60T17/043,1
counts_by_cpc.B60T17/22,1
counts_by_cpc.B60T17/221,1
counts_by_cpc.B60T2201/022,1
counts_by_cpc.B60T2201/03,1
counts_by_cpc.B60T2201/10,1
counts_by_cpc.B60T2220/04,1
counts_by_cpc.B60T2240/00,2
counts_by_cpc.B60T2250/00,1
counts_by_cpc.B60T2250/03,2
counts_by_cpc.B60T2260/09,1
counts_by_cpc.B60T2270/10,1
counts_by_cpc.B60T2270/20,1
counts_by_cpc.B60T2270/30,1
counts_by_cpc.B60T2270/304,1
counts_by_cpc.B60T2270/402,3
counts_by_cpc.B60T2270/403,2
counts_by_cpc.B60T2270/404,2
counts_by_cpc.B60T2270/406,1
counts_by_cpc.B60T2270/413,2
counts_by_cpc.B60T2270/82,3
counts_by_cpc.B60T2270/86,1
counts_by_cpc.B60T2270/88,1
counts_by_cpc.B60T7/042,2
counts_by_cpc.B60T7/06,1
counts_by_cpc.B60T7/102,1
counts_by_cpc.B60T7/12,3
counts_by_cpc.B60T7/122,1
counts_by_cpc.B60T7/20,1
counts_by_cpc.B60T7/22,2
counts_by_cpc.B60T8/1701,1
counts_by_cpc.B60T8/171,2
counts_by_cpc.B60T8/172,1
counts_by_cpc.B60T8/26,2
counts_by_cpc.B60T8/326,1
counts_by_cpc.B60T8/363,1
counts_by_cpc.B60T8/3635,1
counts_by_cpc.B60T8/3675,1
counts_by_cpc.B60T8/4081,2
counts_by_cpc.B60T8/4872,1
counts_by_cpc.B60T8/885,3
counts_by_cpc.B60T8/92,2
counts_by_cpc.B60T8/94,2
counts_by_cpc.B60V1/02,1
counts_by_cpc.B60V1/04,1
counts_by_cpc.B60V1/06,1
counts_by_cpc.B60V1/11,1
counts_by_cpc.B60W10/02,1
counts_by_cpc.B60W10/04,1
counts_by_cpc.B60W10/06,1
counts_by_cpc.B60W10/08,2
counts_by_cpc.B60W10/10,2
counts_by_cpc.B60W10/18,3
counts_by_cpc.B60W10/184,1
counts_by_cpc.B60W10/20,2
counts_by_cpc.B60W20/10,1
counts_by_cpc.B60W20/15,1
counts_by_cpc.B60W2040/0827,1
counts_by_cpc.B60W2040/0836,1
counts_by_cpc.B60W2050/0028,1
counts_by_cpc.B60W2050/021,1
counts_by_cpc.B60W2050/0215,1
counts_by_cpc.B60W2050/065,1
counts_by_cpc.B60W2050/143,2
counts_by_cpc.B60W2050/146,7
counts_by_cpc.B60W2420/403,15
counts_by_cpc.B60W2420/408,6
counts_by_cpc.B60W2510/06,1
counts_by_cpc.B60W2510/0676,1
counts_by_cpc.B60W2510/068,1
counts_by_cpc.B60W2510/083,1
counts_by_cpc.B60W2510/104,1
counts_by_cpc.B60W2520/00,2
counts_by_cpc.B60W2520/04,1
counts_by_cpc.B60W2520/06,1
counts_by_cpc.B60W2520/10,3
counts_by_cpc.B60W2520/14,3
counts_by_cpc.B60W2530/00,1
counts_by_cpc.B60W2530/10,1
counts_by_cpc.B60W2530/16,1
counts_by_cpc.B60W2530/18,1
counts_by_cpc.B60W2540/18,3
counts_by_cpc.B60W2540/215,1
counts_by_cpc.B60W2540/221,1
counts_by_cpc.B60W2540/223,3
counts_by_cpc.B60W2540/225,1
counts_by_cpc.B60W2540/229,3
counts_by_cpc.B60W2540/24,1
counts_by_cpc.B60W2540/30,1
counts_by_cpc.B60W2552/00,3
counts_by_cpc.B60W2552/05,2
counts_by_cpc.B60W2552/10,1
counts_by_cpc.B60W2552/15,3
counts_by_cpc.B60W2552/30,4
counts_by_cpc.B60W2552/45,1
counts_by_cpc.B60W2552/53,4
counts_by_cpc.B60W2554/00,1
counts_by_cpc.B60W2554/40,1
counts_by_cpc.B60W2554/402,1
counts_by_cpc.B60W2554/404,1
counts_by_cpc.B60W2554/4041,2
counts_by_cpc.B60W2554/4042,3
counts_by_cpc.B60W2554/4044,1
counts_by_cpc.B60W2554/80,5
counts_by_cpc.B60W2554/801,1
counts_by_cpc.B60W2554/802,2
counts_by_cpc.B60W2554/804,1
counts_by_cpc.B60W2555/00,1
counts_by_cpc.B60W2555/20,3
counts_by_cpc.B60W2555/60,2
counts_by_cpc.B60W2556/00,1
counts_by_cpc.B60W2556/10,2
counts_by_cpc.B60W2556/20,1
counts_by_cpc.B60W2556/35,1
counts_by_cpc.B60W2556/40,6
counts_by_cpc.B60W2556/45,3
counts_by_cpc.B60W2556/50,2
counts_by_cpc.B60W2556/65,2
counts_by_cpc.B60W2710/021,1
counts_by_cpc.B60W2710/06,1
counts_by_cpc.B60W2710/0677,1
counts_by_cpc.B60W2710/08,1
counts_by_cpc.B60W2710/081,1
counts_by_cpc.B60W2710/1005,2
counts_by_cpc.B60W2710/18,2
counts_by_cpc.B60W2710/20,1
counts_by_cpc.B60W2720/14,1
counts_by_cpc.B60W2720/24,1
counts_by_cpc.B60W30/045,1
counts_by_cpc.B60W30/06,2
counts_by_cpc.B60W30/09,8
counts_by_cpc.B60W30/095,2
counts_by_cpc.B60W30/0956,3
counts_by_cpc.B60W30/12,2
counts_by_cpc.B60W30/143,2
counts_by_cpc.B60W30/146,1
counts_by_cpc.B60W30/16,1
counts_by_cpc.B60W30/165,1
counts_by_cpc.B60W30/18009,2
counts_by_cpc.B60W30/18145,1
counts_by_cpc.B60W30/18154,1
counts_by_cpc.B60W30/18163,3
counts_by_cpc.B60W30/182,2
counts_by_cpc.B60W30/1888,1
counts_by_cpc.B60W30/19,1
counts_by_cpc.B60W40/02,2
counts_by_cpc.B60W40/04,1
counts_by_cpc.B60W40/06,1
counts_by_cpc.B60W40/072,2
counts_by_cpc.B60W40/08,4
counts_by_cpc.B60W40/10,1
counts_by_cpc.B60W40/105,4
counts_by_cpc.B60W40/107,1
counts_by_cpc.B60W40/109,1
counts_by_cpc.B60W40/114,2
counts_by_cpc.B60W50/0097,4
counts_by_cpc.B60W50/0098,1
counts_by_cpc.B60W50/0205,1
counts_by_cpc.B60W50/06,2
counts_by_cpc.B60W50/082,2
counts_by_cpc.B60W50/085,1
counts_by_cpc.B60W50/087,1
counts_by_cpc.B60W50/14,9
counts_by_cpc.B60W60/00,1
counts_by_cpc.B60W60/001,7
counts_by_cpc.B60W60/0015,2
counts_by_cpc.B60W60/00186,1
counts_by_cpc.B60W60/00253,1
counts_by_cpc.B60W60/0027,5
counts_by_cpc.B60W60/0053,1
counts_by_cpc.B60Y2200/20,1
counts_by_cpc.B60Y2200/221,1
counts_by_cpc.B60Y2200/91,1
counts_by_cpc.B60Y2200/92,1
counts_by_cpc.B61B1/02,1
counts_by_cpc.B61B12/02,1
counts_by_cpc.B61B13/00,1
counts_by_cpc.B61B5/00,1
counts_by_cpc.B61B7/04,1
counts_by_cpc.B61C3/00,1
counts_by_cpc.B61F3/16,2
counts_by_cpc.B61F5/305,1
counts_by_cpc.B61J1/04,1
counts_by_cpc.B61J1/10,1
counts_by_cpc.B61J1/12,1
counts_by_cpc.B61K7/12,1
counts_by_cpc.B61L1/06,1
counts_by_cpc.B61L1/166,1
counts_by_cpc.B61L17/00,1
counts_by_cpc.B61L23/00,1
counts_by_cpc.B61L23/06,1
counts_by_cpc.B61L25/02,1
counts_by_cpc.B61L25/021,1
counts_by_cpc.B61L25/023,1
counts_by_cpc.B61L27/12,1
counts_by_cpc.B61L27/57,1
counts_by_cpc.B61L27/70,1
counts_by_cpc.B62B1/264,1
counts_by_cpc.B62B2202/023,4
counts_by_cpc.B62B2202/30,1
counts_by_cpc.B62B2202/404,2
counts_by_cpc.B62B2202/70,2
counts_by_cpc.B62B2203/00,1
counts_by_cpc.B62B2203/72,2
counts_by_cpc.B62B2205/104,1
counts_by_cpc.B62B3/02,1
counts_by_cpc.B62B3/06,2
counts_by_cpc.B62B3/106,1
counts_by_cpc.B62B3/14,1
counts_by_cpc.B62B5/00,1
counts_by_cpc.B62B5/0096,1
counts_by_cpc.B62B7/08,1
counts_by_cpc.B62B7/14,1
counts_by_cpc.B62B9/00,1
counts_by_cpc.B62B9/12,1
counts_by_cpc.B62B9/20,1
counts_by_cpc.B62B9/26,1
counts_by_cpc.B62D1/046,1
counts_by_cpc.B62D1/06,2
counts_by_cpc.B62D1/12,1
counts_by_cpc.B62D1/183,1
counts_by_cpc.B62D1/189,2
counts_by_cpc.B62D1/192,1
counts_by_cpc.B62D1/28,1
counts_by_cpc.B62D15/024,1
counts_by_cpc.B62D17/00,1
counts_by_cpc.B62D21/02,3
counts_by_cpc.B62D21/11,1
counts_by_cpc.B62D21/15,1
counts_by_cpc.B62D21/152,2
counts_by_cpc.B62D21/155,1
counts_by_cpc.B62D21/157,2
counts_by_cpc.B62D25/025,2
counts_by_cpc.B62D25/06,2
counts_by_cpc.B62D25/085,1
counts_by_cpc.B62D25/105,6
counts_by_cpc.B62D25/142,1
counts_by_cpc.B62D25/145,1
counts_by_cpc.B62D25/2036,2
counts_by_cpc.B62D27/023,1
counts_by_cpc.B62D27/065,1
counts_by_cpc.B62D33/023,1
counts_by_cpc.B62D33/0273,1
counts_by_cpc.B62D33/03,1
counts_by_cpc.B62D33/06,1
counts_by_cpc.B62D33/0633,1
counts_by_cpc.B62D33/0636,1
counts_by_cpc.B62D35/007,1
counts_by_cpc.B62D37/02,11
counts_by_cpc.B62D37/04,1
counts_by_cpc.B62D43/045,1
counts_by_cpc.B62D49/02,2
counts_by_cpc.B62D49/06,1
counts_by_cpc.B62D49/0621,2
counts_by_cpc.B62D49/0685,1
counts_by_cpc.B62D5/001,2
counts_by_cpc.B62D5/006,1
counts_by_cpc.B62D5/0481,1
counts_by_cpc.B62D5/0484,1
counts_by_cpc.B62D5/0487,1
counts_by_cpc.B62D5/12,1
counts_by_cpc.B62D51/001,1
counts_by_cpc.B62D51/007,1
counts_by_cpc.B62D51/02,1
counts_by_cpc.B62D53/04,1
counts_by_cpc.B62D55/00,5
counts_by_cpc.B62D55/075,6
counts_by_cpc.B62D55/0847,1
counts_by_cpc.B62D55/12,1
counts_by_cpc.B62D55/15,1
counts_by_cpc.B62D55/265,5
counts_by_cpc.B62D55/32,1
counts_by_cpc.B62D57/00,6
counts_by_cpc.B62D57/024,13
counts_by_cpc.B62D57/032,2
counts_by_cpc.B62D6/00,1
counts_by_cpc.B62D6/001,1
counts_by_cpc.B62D6/008,1
counts_by_cpc.B62D61/06,1
counts_by_cpc.B62D61/10,1
counts_by_cpc.B62D63/04,1
counts_by_cpc.B62D63/06,1
counts_by_cpc.B62D65/00,6
counts_by_cpc.B62D65/02,2
counts_by_cpc.B62D65/10,1
counts_by_cpc.B62D65/14,6
counts_by_cpc.B62D65/18,2
counts_by_cpc.B62D7/1509,1
counts_by_cpc.B62D7/159,1
counts_by_cpc.B62D7/18,1
counts_by_cpc.B62J1/00,1
counts_by_cpc.B62J1/08,2
counts_by_cpc.B62J1/12,1
counts_by_cpc.B62J1/18,1
counts_by_cpc.B62J11/00,4
counts_by_cpc.B62J11/04,2
counts_by_cpc.B62J11/24,1
counts_by_cpc.B62J25/04,1
counts_by_cpc.B62J3/14,1
counts_by_cpc.B62J33/00,1
counts_by_cpc.B62J43/16,1
counts_by_cpc.B62J43/20,1
counts_by_cpc.B62J43/28,1
counts_by_cpc.B62J45/41,1
counts_by_cpc.B62J50/22,2
counts_by_cpc.B62J50/25,1
counts_by_cpc.B62J7/04,2
counts_by_cpc.B62J7/06,1
counts_by_cpc.B62J7/08,1
counts_by_cpc.B62J9/28,1
counts_by_cpc.B62K19/30,1
counts_by_cpc.B62K2005/001,1
counts_by_cpc.B62K2202/00,1
counts_by_cpc.B62K2204/00,1
counts_by_cpc.B62K25/20,1
counts_by_cpc.B62K25/286,1
counts_by_cpc.B62K5/01,2
counts_by_cpc.B62K5/08,1
counts_by_cpc.B62K9/00,1
counts_by_cpc.B62K9/02,1
counts_by_cpc.B62L1/005,1
counts_by_cpc.B62L3/023,1
counts_by_cpc.B62L3/04,1
counts_by_cpc.B62L3/08,1
counts_by_cpc.B62M7/02,1
counts_by_cpc.B63B1/042,1
counts_by_cpc.B63B1/107,1
counts_by_cpc.B63B1/248,5
counts_by_cpc.B63B17/00,3
counts_by_cpc.B63B17/04,1
counts_by_cpc.B63B2001/128,1
counts_by_cpc.B63B2017/0009,1
counts_by_cpc.B63B21/24,1
counts_by_cpc.B63B21/29,1
counts_by_cpc.B63B21/50,1
counts_by_cpc.B63B22/021,1
counts_by_cpc.B63B22/20,1
counts_by_cpc.B63B2213/00,1
counts_by_cpc.B63B27/146,1
counts_by_cpc.B63B27/25,1
counts_by_cpc.B63B27/34,1
counts_by_cpc.B63B34/10,1
counts_by_cpc.B63B35/20,1
counts_by_cpc.B63B35/44,1
counts_by_cpc.B63B43/14,1
counts_by_cpc.B63B45/02,1
counts_by_cpc.B63B45/04,1
counts_by_cpc.B63B49/00,1
counts_by_cpc.B63B59/08,2
counts_by_cpc.B63B59/10,6
counts_by_cpc.B63B71/00,3
counts_by_cpc.B63B79/15,3
counts_by_cpc.B63B79/40,1
counts_by_cpc.B63C11/40,1
counts_by_cpc.B63C11/52,1
counts_by_cpc.B63C7/22,5
counts_by_cpc.B63G2008/002,1
counts_by_cpc.B63G8/001,2
counts_by_cpc.B63G8/04,1
counts_by_cpc.B63G8/08,1
counts_by_cpc.B63G8/26,1
counts_by_cpc.B63H1/20,1
counts_by_cpc.B63H1/265,1
counts_by_cpc.B63H1/36,5
counts_by_cpc.B63H1/37,1
counts_by_cpc.B63H20/007,1
counts_by_cpc.B63H20/10,1
counts_by_cpc.B63H20/32,2
counts_by_cpc.B63H2005/106,1
counts_by_cpc.B63H2020/003,1
counts_by_cpc.B63H2021/205,1
counts_by_cpc.B63H2021/216,1
counts_by_cpc.B63H21/20,1
counts_by_cpc.B63H21/21,1
counts_by_cpc.B63H25/04,1
counts_by_cpc.B63H25/38,5
counts_by_cpc.B63H25/381,5
counts_by_cpc.B63H5/10,1
counts_by_cpc.B63H9/067,2
counts_by_cpc.B63J2/10,1
counts_by_cpc.B64B1/08,1
counts_by_cpc.B64B1/30,1
counts_by_cpc.B64B1/40,1
counts_by_cpc.B64B1/58,1
counts_by_cpc.B64C1/00,3
counts_by_cpc.B64C1/06,1
counts_by_cpc.B64C1/061,5
counts_by_cpc.B64C1/064,5
counts_by_cpc.B64C1/068,3
counts_by_cpc.B64C1/069,1
counts_by_cpc.B64C1/12,7
counts_by_cpc.B64C1/20,1
counts_by_cpc.B64C1/406,3
counts_by_cpc.B64C11/001,2
counts_by_cpc.B64C11/008,1
counts_by_cpc.B64C11/26,1
counts_by_cpc.B64C11/38,2
counts_by_cpc.B64C2001/0072,4
counts_by_cpc.B64C2001/0081,2
counts_by_cpc.B64C2025/325,1
counts_by_cpc.B64C2027/4736,1
counts_by_cpc.B64C2027/8236,1
counts_by_cpc.B64C2039/105,1
counts_by_cpc.B64C23/02,1
counts_by_cpc.B64C23/06,1
counts_by_cpc.B64C23/076,1
counts_by_cpc.B64C25/10,2
counts_by_cpc.B64C25/20,1
counts_by_cpc.B64C25/26,1
counts_by_cpc.B64C25/54,1
counts_by_cpc.B64C25/58,1
counts_by_cpc.B64C25/66,1
counts_by_cpc.B64C27/10,1
counts_by_cpc.B64C27/26,1
counts_by_cpc.B64C27/64,1
counts_by_cpc.B64C27/80,1
counts_by_cpc.B64C29/0008,1
counts_by_cpc.B64C29/0033,1
counts_by_cpc.B64C29/02,1
counts_by_cpc.B64C3/00,6
counts_by_cpc.B64C3/185,1
counts_by_cpc.B64C3/26,2
counts_by_cpc.B64C3/48,5
counts_by_cpc.B64C3/56,1
counts_by_cpc.B64C31/06,1
counts_by_cpc.B64C33/02,1
counts_by_cpc.B64C35/007,1
counts_by_cpc.B64C37/00,1
counts_by_cpc.B64C39/022,1
counts_by_cpc.B64C39/024,2
counts_by_cpc.B64C5/08,1
counts_by_cpc.B64C7/02,1
counts_by_cpc.B64D1/02,1
counts_by_cpc.B64D1/06,1
counts_by_cpc.B64D1/12,1
counts_by_cpc.B64D1/22,1
counts_by_cpc.B64D11/0631,1
counts_by_cpc.B64D11/064,1
counts_by_cpc.B64D11/0641,1
counts_by_cpc.B64D11/0647,1
counts_by_cpc.B64D13/02,2
counts_by_cpc.B64D17/025,1
counts_by_cpc.B64D17/80,1
counts_by_cpc.B64D2009/006,1
counts_by_cpc.B64D2013/0651,1
counts_by_cpc.B64D2033/0286,1
counts_by_cpc.B64D2045/0085,1
counts_by_cpc.B64D2045/009,1
counts_by_cpc.B64D2221/00,1
counts_by_cpc.B64D27/06,1
counts_by_cpc.B64D27/10,2
counts_by_cpc.B64D27/16,1
counts_by_cpc.B64D27/18,2
counts_by_cpc.B64D27/31,1
counts_by_cpc.B64D27/33,2
counts_by_cpc.B64D27/34,1
counts_by_cpc.B64D27/35,1
counts_by_cpc.B64D27/402,2
counts_by_cpc.B64D27/404,2
counts_by_cpc.B64D31/18,1
counts_by_cpc.B64D33/08,1
counts_by_cpc.B64D37/04,1
counts_by_cpc.B64D37/26,1
counts_by_cpc.B64D37/30,1
counts_by_cpc.B64D41/00,1
counts_by_cpc.B64D43/00,1
counts_by_cpc.B64D43/02,1
counts_by_cpc.B64D45/00,1
counts_by_cpc.B64D47/00,1
counts_by_cpc.B64D7/06,1
counts_by_cpc.B64D9/00,2
counts_by_cpc.B64D9/003,1
counts_by_cpc.B64F1/14,1
counts_by_cpc.B64F1/36,1
counts_by_cpc.B64F1/368,7
counts_by_cpc.B64F5/0081,2
counts_by_cpc.B64F5/10,8
counts_by_cpc.B64F5/30,8
counts_by_cpc.B64F5/40,9
counts_by_cpc.B64F5/50,12
counts_by_cpc.B64F5/60,7
counts_by_cpc.B64G1/00,6
counts_by_cpc.B64G1/005,1
counts_by_cpc.B64G1/006,1
counts_by_cpc.B64G1/008,1
counts_by_cpc.B64G1/1085,1
counts_by_cpc.B64G1/2228,1
counts_by_cpc.B64G1/242,1
counts_by_cpc.B64G1/40,1
counts_by_cpc.B64G1/401,1
counts_by_cpc.B64G1/402,1
counts_by_cpc.B64G1/407,1
counts_by_cpc.B64G1/413,1
counts_by_cpc.B64G1/641,1
counts_by_cpc.B64G1/645,1
counts_by_cpc.B64G1/6462,1
counts_by_cpc.B64G1/66,3
counts_by_cpc.B64G2004/005,4
counts_by_cpc.B64G4/00,4
counts_by_cpc.B64U10/13,2
counts_by_cpc.B64U10/14,2
counts_by_cpc.B64U20/80,1
counts_by_cpc.B64U20/87,1
counts_by_cpc.B64U2101/00,1
counts_by_cpc.B64U2101/18,1
counts_by_cpc.B64U2101/26,1
counts_by_cpc.B64U2101/30,6
counts_by_cpc.B64U2101/57,1
counts_by_cpc.B64U2101/60,1
counts_by_cpc.B64U2101/69,1
counts_by_cpc.B64U2201/10,5
counts_by_cpc.B64U2201/102,1
counts_by_cpc.B64U2201/104,1
counts_by_cpc.B64U2201/20,4
counts_by_cpc.B64U30/26,1
counts_by_cpc.B64U30/299,1
counts_by_cpc.B64U40/20,1
counts_by_cpc.B64U50/19,2
counts_by_cpc.B64U50/38,1
counts_by_cpc.B64U70/80,1
counts_by_cpc.B64U70/83,1
counts_by_cpc.B64U70/90,2
counts_by_cpc.B64U80/25,4
counts_by_cpc.B65B1/02,1
counts_by_cpc.B65B1/36,4
counts_by_cpc.B65B11/48,1
counts_by_cpc.B65B11/50,2
counts_by_cpc.B65B11/52,1
counts_by_cpc.B65B15/04,1
counts_by_cpc.B65B17/025,1
counts_by_cpc.B65B19/00,4
counts_by_cpc.B65B19/02,10
counts_by_cpc.B65B19/04,43
counts_by_cpc.B65B19/10,42
counts_by_cpc.B65B19/105,23
counts_by_cpc.B65B19/12,10
counts_by_cpc.B65B19/14,4
counts_by_cpc.B65B19/223,3
counts_by_cpc.B65B19/225,1
counts_by_cpc.B65B19/228,5
counts_by_cpc.B65B19/26,1
counts_by_cpc.B65B19/30,3
counts_by_cpc.B65B19/34,1
counts_by_cpc.B65B2039/009,1
counts_by_cpc.B65B2051/105,5
counts_by_cpc.B65B21/02,1
counts_by_cpc.B65B21/025,1
counts_by_cpc.B65B21/06,1
counts_by_cpc.B65B21/10,1
counts_by_cpc.B65B21/12,2
counts_by_cpc.B65B21/18,19
counts_by_cpc.B65B21/183,1
counts_by_cpc.B65B21/20,7
counts_by_cpc.B65B21/24,1
counts_by_cpc.B65B2210/04,1
counts_by_cpc.B65B2210/06,2
counts_by_cpc.B65B2220/14,2
counts_by_cpc.B65B2220/16,3
counts_by_cpc.B65B2220/20,1
counts_by_cpc.B65B23/00,6
counts_by_cpc.B65B23/02,14
counts_by_cpc.B65B23/06,77
counts_by_cpc.B65B23/08,118
counts_by_cpc.B65B23/12,1
counts_by_cpc.B65B23/20,2
counts_by_cpc.B65B25/00,1
counts_by_cpc.B65B25/005,4
counts_by_cpc.B65B25/006,14
counts_by_cpc.B65B25/007,3
counts_by_cpc.B65B25/008,37
counts_by_cpc.B65B25/045,6
counts_by_cpc.B65B25/046,12
counts_by_cpc.B65B25/048,1
counts_by_cpc.B65B29/025,1
counts_by_cpc.B65B3/04,1
counts_by_cpc.B65B3/06,2
counts_by_cpc.B65B3/10,1
counts_by_cpc.B65B3/16,14
counts_by_cpc.B65B31/047,1
counts_by_cpc.B65B31/08,2
counts_by_cpc.B65B35/02,1
counts_by_cpc.B65B35/04,5
counts_by_cpc.B65B35/08,6
counts_by_cpc.B65B35/10,2
counts_by_cpc.B65B35/12,1
counts_by_cpc.B65B35/16,29
counts_by_cpc.B65B35/18,91
counts_by_cpc.B65B35/22,1
counts_by_cpc.B65B35/24,7
counts_by_cpc.B65B35/246,2
counts_by_cpc.B65B35/26,5
counts_by_cpc.B65B35/28,1
counts_by_cpc.B65B35/30,2
counts_by_cpc.B65B35/32,1
counts_by_cpc.B65B35/34,1
counts_by_cpc.B65B35/36,20
counts_by_cpc.B65B35/38,116
counts_by_cpc.B65B35/40,4
counts_by_cpc.B65B35/405,8
counts_by_cpc.B65B35/44,12
counts_by_cpc.B65B35/46,4
counts_by_cpc.B65B35/50,25
counts_by_cpc.B65B35/52,1
counts_by_cpc.B65B35/54,13
counts_by_cpc.B65B35/56,6
counts_by_cpc.B65B35/58,16
counts_by_cpc.B65B37/04,1
counts_by_cpc.B65B39/002,1
counts_by_cpc.B65B39/006,1
counts_by_cpc.B65B39/007,2
counts_by_cpc.B65B39/06,1
counts_by_cpc.B65B39/08,1
counts_by_cpc.B65B41/06,4
counts_by_cpc.B65B43/10,1
counts_by_cpc.B65B43/126,2
counts_by_cpc.B65B43/16,2
counts_by_cpc.B65B43/18,8
counts_by_cpc.B65B43/185,9
counts_by_cpc.B65B43/265,1
counts_by_cpc.B65B43/28,3
counts_by_cpc.B65B43/30,4
counts_by_cpc.B65B43/305,1
counts_by_cpc.B65B43/44,13
counts_by_cpc.B65B43/46,31
counts_by_cpc.B65B43/465,3
counts_by_cpc.B65B43/52,14
counts_by_cpc.B65B43/54,3
counts_by_cpc.B65B47/10,2
counts_by_cpc.B65B5/00,1
counts_by_cpc.B65B5/024,1
counts_by_cpc.B65B5/04,7
counts_by_cpc.B65B5/045,2
counts_by_cpc.B65B5/06,3
counts_by_cpc.B65B5/061,2
counts_by_cpc.B65B5/08,23
counts_by_cpc.B65B5/10,7
counts_by_cpc.B65B5/101,3
counts_by_cpc.B65B5/103,2
counts_by_cpc.B65B5/105,34
counts_by_cpc.B65B5/106,2
counts_by_cpc.B65B5/108,8
counts_by_cpc.B65B5/12,3
counts_by_cpc.B65B51/026,2
counts_by_cpc.B65B51/08,1
counts_by_cpc.B65B51/16,1
counts_by_cpc.B65B51/225,1
counts_by_cpc.B65B51/303,1
counts_by_cpc.B65B55/00,1
counts_by_cpc.B65B55/20,4
counts_by_cpc.B65B55/22,5
counts_by_cpc.B65B55/24,2
counts_by_cpc.B65B57/00,6
counts_by_cpc.B65B57/04,1
counts_by_cpc.B65B57/10,19
counts_by_cpc.B65B57/12,4
counts_by_cpc.B65B57/14,49
counts_by_cpc.B65B57/16,4
counts_by_cpc.B65B59/001,5
counts_by_cpc.B65B59/003,1
counts_by_cpc.B65B59/02,3
counts_by_cpc.B65B59/04,3
counts_by_cpc.B65B61/002,1
counts_by_cpc.B65B61/02,1
counts_by_cpc.B65B61/06,3
counts_by_cpc.B65B61/065,4
counts_by_cpc.B65B61/16,1
counts_by_cpc.B65B61/202,2
counts_by_cpc.B65B61/207,3
counts_by_cpc.B65B61/26,1
counts_by_cpc.B65B61/28,23
counts_by_cpc.B65B63/005,8
counts_by_cpc.B65B63/02,2
counts_by_cpc.B65B65/003,4
counts_by_cpc.B65B65/02,8
counts_by_cpc.B65B69/00,15
counts_by_cpc.B65B69/0025,4
counts_by_cpc.B65B69/0033,5
counts_by_cpc.B65B69/0058,1
counts_by_cpc.B65B7/14,1
counts_by_cpc.B65B7/2807,1
counts_by_cpc.B65B7/2878,2
counts_by_cpc.B65B9/00,1
counts_by_cpc.B65B9/02,1
counts_by_cpc.B65B9/04,1
counts_by_cpc.B65B9/045,1
counts_by_cpc.B65B9/06,1
counts_by_cpc.B65B9/10,1
counts_by_cpc.B65C1/021,1
counts_by_cpc.B65C1/023,2
counts_by_cpc.B65C2009/0018,1
counts_by_cpc.B65C2009/0084,1
counts_by_cpc.B65C2009/1888,1
counts_by_cpc.B65C3/06,2
counts_by_cpc.B65C3/08,2
counts_by_cpc.B65C9/0015,1
counts_by_cpc.B65C9/02,3
counts_by_cpc.B65C9/04,1
counts_by_cpc.B65C9/06,9
counts_by_cpc.B65C9/08,3
counts_by_cpc.B65C9/14,3
counts_by_cpc.B65C9/1826,1
counts_by_cpc.B65C9/1884,2
counts_by_cpc.B65C9/2234,1
counts_by_cpc.B65C9/26,8
counts_by_cpc.B65C9/28,2
counts_by_cpc.B65C9/36,1
counts_by_cpc.B65C9/40,3
counts_by_cpc.B65D1/0223,3
counts_by_cpc.B65D1/0246,1
counts_by_cpc.B65D1/0261,2
counts_by_cpc.B65D1/10,1
counts_by_cpc.B65D1/24,1
counts_by_cpc.B65D1/26,1
counts_by_cpc.B65D1/265,1
counts_by_cpc.B65D1/36,3
counts_by_cpc.B65D1/40,1
counts_by_cpc.B65D11/1873,2
counts_by_cpc.B65D19/38,1
counts_by_cpc.B65D19/385,1
counts_by_cpc.B65D19/44,1
counts_by_cpc.B65D21/0209,1
counts_by_cpc.B65D21/0219,4
counts_by_cpc.B65D21/0223,1
counts_by_cpc.B65D21/0228,1
counts_by_cpc.B65D21/0233,1
counts_by_cpc.B65D21/0235,1
counts_by_cpc.B65D21/08,1
counts_by_cpc.B65D21/083,1
counts_by_cpc.B65D2203/00,2
counts_by_cpc.B65D2203/10,2
counts_by_cpc.B65D2203/12,1
counts_by_cpc.B65D2211/00,1
counts_by_cpc.B65D2231/022,1
counts_by_cpc.B65D2251/0018,1
counts_by_cpc.B65D2251/06,1
counts_by_cpc.B65D2251/10,1
counts_by_cpc.B65D2255/00,1
counts_by_cpc.B65D23/00,4
counts_by_cpc.B65D23/001,4
counts_by_cpc.B65D23/003,4
counts_by_cpc.B65D23/02,1
counts_by_cpc.B65D23/0842,1
counts_by_cpc.B65D23/12,7
counts_by_cpc.B65D23/14,6
counts_by_cpc.B65D2303/00,1
counts_by_cpc.B65D2313/02,1
counts_by_cpc.B65D2313/04,6
counts_by_cpc.B65D2313/06,17
counts_by_cpc.B65D2313/08,2
counts_by_cpc.B65D2401/00,1
counts_by_cpc.B65D2401/10,1
counts_by_cpc.B65D2401/55,1
counts_by_cpc.B65D25/04,2
counts_by_cpc.B65D25/10,3
counts_by_cpc.B65D25/106,1
counts_by_cpc.B65D25/108,1
counts_by_cpc.B65D25/20,20
counts_by_cpc.B65D25/22,22
counts_by_cpc.B65D25/24,9
counts_by_cpc.B65D25/28,2
counts_by_cpc.B65D25/2802,2
counts_by_cpc.B65D25/2808,1
counts_by_cpc.B65D25/30,1
counts_by_cpc.B65D25/34,1
counts_by_cpc.B65D2501/0081,1
counts_by_cpc.B65D2519/00034,1
counts_by_cpc.B65D2519/00059,1
counts_by_cpc.B65D2519/00273,1
counts_by_cpc.B65D2519/00293,1
counts_by_cpc.B65D2519/00333,1
counts_by_cpc.B65D2519/00676,1
counts_by_cpc.B65D2525/281,1
counts_by_cpc.B65D2543/00027,1
counts_by_cpc.B65D2543/00074,1
counts_by_cpc.B65D2543/00092,5
counts_by_cpc.B65D2543/00231,1
counts_by_cpc.B65D2543/00268,1
counts_by_cpc.B65D2543/00277,1
counts_by_cpc.B65D2543/00527,1
counts_by_cpc.B65D2543/00537,2
counts_by_cpc.B65D2543/00555,1
counts_by_cpc.B65D2543/0062,1
counts_by_cpc.B65D2543/00712,1
counts_by_cpc.B65D2543/00796,1
counts_by_cpc.B65D2565/385,1
counts_by_cpc.B65D2565/387,2
counts_by_cpc.B65D2571/00154,1
counts_by_cpc.B65D2571/0066,1
counts_by_cpc.B65D2575/3272,1
counts_by_cpc.B65D2577/041,1
counts_by_cpc.B65D2577/042,1
counts_by_cpc.B65D2581/055,1
counts_by_cpc.B65D2585/54,1
counts_by_cpc.B65D2585/649,1
counts_by_cpc.B65D27/00,1
counts_by_cpc.B65D29/00,2
counts_by_cpc.B65D29/04,1
counts_by_cpc.B65D3/04,1
counts_by_cpc.B65D3/22,1
counts_by_cpc.B65D3/28,1
counts_by_cpc.B65D33/007,1
counts_by_cpc.B65D33/16,1
counts_by_cpc.B65D33/2508,1
counts_by_cpc.B65D33/2585,1
counts_by_cpc.B65D33/28,1
counts_by_cpc.B65D41/02,1
counts_by_cpc.B65D41/04,2
counts_by_cpc.B65D41/045,1
counts_by_cpc.B65D41/0492,1
counts_by_cpc.B65D41/34,1
counts_by_cpc.B65D43/02,2
counts_by_cpc.B65D43/0202,5
counts_by_cpc.B65D43/0208,1
counts_by_cpc.B65D43/0212,2
counts_by_cpc.B65D43/0231,1
counts_by_cpc.B65D43/16,1
counts_by_cpc.B65D43/161,1
counts_by_cpc.B65D43/166,1
counts_by_cpc.B65D43/22,1
counts_by_cpc.B65D47/0804,1
counts_by_cpc.B65D47/0857,1
counts_by_cpc.B65D47/088,1
counts_by_cpc.B65D47/089,1
counts_by_cpc.B65D47/0895,1
counts_by_cpc.B65D47/103,1
counts_by_cpc.B65D47/106,1
counts_by_cpc.B65D47/247,1
counts_by_cpc.B65D5/001,3
counts_by_cpc.B65D5/4212,3
counts_by_cpc.B65D5/503,1
counts_by_cpc.B65D5/66,1
counts_by_cpc.B65D51/002,1
counts_by_cpc.B65D51/04,1
counts_by_cpc.B65D51/1688,1
counts_by_cpc.B65D51/24,5
counts_by_cpc.B65D51/242,2
counts_by_cpc.B65D51/243,1
counts_by_cpc.B65D51/245,2
counts_by_cpc.B65D51/28,1
counts_by_cpc.B65D51/32,1
counts_by_cpc.B65D55/14,1
counts_by_cpc.B65D61/00,1
counts_by_cpc.B65D65/38,1
counts_by_cpc.B65D65/40,3
counts_by_cpc.B65D65/42,2
counts_by_cpc.B65D65/466,3
counts_by_cpc.B65D7/00,1
counts_by_cpc.B65D7/14,1
counts_by_cpc.B65D71/42,1
counts_by_cpc.B65D71/46,1
counts_by_cpc.B65D71/50,5
counts_by_cpc.B65D75/20,2
counts_by_cpc.B65D75/26,2
counts_by_cpc.B65D75/30,2
counts_by_cpc.B65D75/38,1
counts_by_cpc.B65D75/563,1
counts_by_cpc.B65D77/04,1
counts_by_cpc.B65D77/0426,1
counts_by_cpc.B65D77/06,1
counts_by_cpc.B65D77/12,1
counts_by_cpc.B65D79/02,2
counts_by_cpc.B65D81/03,1
counts_by_cpc.B65D81/051,6
counts_by_cpc.B65D81/052,1
counts_by_cpc.B65D81/053,1
counts_by_cpc.B65D81/057,1
counts_by_cpc.B65D81/058,1
counts_by_cpc.B65D81/107,1
counts_by_cpc.B65D81/1075,1
counts_by_cpc.B65D81/2084,1
counts_by_cpc.B65D81/268,1
counts_by_cpc.B65D81/28,2
counts_by_cpc.B65D81/34,1
counts_by_cpc.B65D81/365,1
counts_by_cpc.B65D81/3823,1
counts_by_cpc.B65D81/3874,1
counts_by_cpc.B65D81/3876,1
counts_by_cpc.B65D81/3881,1
counts_by_cpc.B65D83/00,1
counts_by_cpc.B65D83/02,1
counts_by_cpc.B65D83/38,1
counts_by_cpc.B65D83/52,1
counts_by_cpc.B65D85/00,2
counts_by_cpc.B65D85/07,1
counts_by_cpc.B65D85/10,4
counts_by_cpc.B65D85/20,1
counts_by_cpc.B65D85/30,1
counts_by_cpc.B65D85/32,1
counts_by_cpc.B65D85/34,1
counts_by_cpc.B65D85/345,1
counts_by_cpc.B65D85/544,1
counts_by_cpc.B65D85/64,1
counts_by_cpc.B65D85/68,1
counts_by_cpc.B65D85/72,6
counts_by_cpc.B65D88/12,1
counts_by_cpc.B65D88/127,1
counts_by_cpc.B65D88/54,1
counts_by_cpc.B65D88/542,1
counts_by_cpc.B65D88/66,2
counts_by_cpc.B65D88/74,1
counts_by_cpc.B65D88/744,1
counts_by_cpc.B65D90/0033,1
counts_by_cpc.B65D90/008,1
counts_by_cpc.B65D90/02,1
counts_by_cpc.B65D90/205,1
counts_by_cpc.B65F3/00,1
counts_by_cpc.B65G1/00,2
counts_by_cpc.B65G1/02,3
counts_by_cpc.B65G1/026,11
counts_by_cpc.B65G1/04,21
counts_by_cpc.B65G1/0407,1
counts_by_cpc.B65G1/0414,2
counts_by_cpc.B65G1/0435,5
counts_by_cpc.B65G1/0464,3
counts_by_cpc.B65G1/0478,3
counts_by_cpc.B65G1/0485,2
counts_by_cpc.B65G1/0492,18
counts_by_cpc.B65G1/06,7
counts_by_cpc.B65G1/065,9
counts_by_cpc.B65G1/08,2
counts_by_cpc.B65G1/10,11
counts_by_cpc.B65G1/127,8
counts_by_cpc.B65G1/133,3
counts_by_cpc.B65G1/137,18
counts_by_cpc.B65G1/1371,13
counts_by_cpc.B65G1/1373,22
counts_by_cpc.B65G1/1375,13
counts_by_cpc.B65G1/1376,19
counts_by_cpc.B65G1/1378,84
counts_by_cpc.B65G1/14,1
counts_by_cpc.B65G1/16,1
counts_by_cpc.B65G11/023,12
counts_by_cpc.B65G11/063,3
counts_by_cpc.B65G11/08,6
counts_by_cpc.B65G11/103,1
counts_by_cpc.B65G11/123,3
counts_by_cpc.B65G11/183,3
counts_by_cpc.B65G11/20,6
counts_by_cpc.B65G11/203,8
counts_by_cpc.B65G13/00,3
counts_by_cpc.B65G13/02,3
counts_by_cpc.B65G13/06,4
counts_by_cpc.B65G13/07,7
counts_by_cpc.B65G13/10,3
counts_by_cpc.B65G15/00,11
counts_by_cpc.B65G15/005,2
counts_by_cpc.B65G15/10,2
counts_by_cpc.B65G15/105,11
counts_by_cpc.B65G15/12,9
counts_by_cpc.B65G15/14,17
counts_by_cpc.B65G15/16,4
counts_by_cpc.B65G15/20,2
counts_by_cpc.B65G15/22,2
counts_by_cpc.B65G15/24,3
counts_by_cpc.B65G15/30,67
counts_by_cpc.B65G15/36,2
counts_by_cpc.B65G15/42,27
counts_by_cpc.B65G15/44,15
counts_by_cpc.B65G15/54,1
counts_by_cpc.B65G15/58,24
counts_by_cpc.B65G15/60,8
counts_by_cpc.B65G15/62,2
counts_by_cpc.B65G15/64,2
counts_by_cpc.B65G17/00,2
counts_by_cpc.B65G17/002,8
counts_by_cpc.B65G17/007,4
counts_by_cpc.B65G17/02,1
counts_by_cpc.B65G17/06,8
counts_by_cpc.B65G17/061,2
counts_by_cpc.B65G17/063,17
counts_by_cpc.B65G17/064,3
counts_by_cpc.B65G17/065,1
counts_by_cpc.B65G17/066,4
counts_by_cpc.B65G17/08,1
counts_by_cpc.B65G17/086,3
counts_by_cpc.B65G17/10,1
counts_by_cpc.B65G17/12,22
counts_by_cpc.B65G17/126,2
counts_by_cpc.B65G17/16,10
counts_by_cpc.B65G17/20,39
counts_by_cpc.B65G17/22,1
counts_by_cpc.B65G17/26,4
counts_by_cpc.B65G17/30,22
counts_by_cpc.B65G17/32,31
counts_by_cpc.B65G17/323,33
counts_by_cpc.B65G17/326,4
counts_by_cpc.B65G17/36,4
counts_by_cpc.B65G17/38,2
counts_by_cpc.B65G17/40,5
counts_by_cpc.B65G17/44,3
counts_by_cpc.B65G17/46,14
counts_by_cpc.B65G17/48,11
counts_by_cpc.B65G17/485,13
counts_by_cpc.B65G19/02,14
counts_by_cpc.B65G19/18,1
counts_by_cpc.B65G19/26,4
counts_by_cpc.B65G19/28,1
counts_by_cpc.B65G2047/687,7
counts_by_cpc.B65G21/00,1
counts_by_cpc.B65G21/08,3
counts_by_cpc.B65G21/10,7
counts_by_cpc.B65G21/12,8
counts_by_cpc.B65G21/14,3
counts_by_cpc.B65G21/18,24
counts_by_cpc.B65G21/20,7
counts_by_cpc.B65G21/2018,2
counts_by_cpc.B65G21/2036,43
counts_by_cpc.B65G21/2045,2
counts_by_cpc.B65G21/2054,1
counts_by_cpc.B65G21/2063,1
counts_by_cpc.B65G21/2081,3
counts_by_cpc.B65G21/22,2
counts_by_cpc.B65G2201/02,246
counts_by_cpc.B65G2201/0202,73
counts_by_cpc.B65G2201/0205,27
counts_by_cpc.B65G2201/0208,204
counts_by_cpc.B65G2201/0211,60
counts_by_cpc.B65G2201/0214,10
counts_by_cpc.B65G2201/0217,19
counts_by_cpc.B65G2201/022,29
counts_by_cpc.B65G2201/0226,181
counts_by_cpc.B65G2201/0229,17
counts_by_cpc.B65G2201/0235,9
counts_by_cpc.B65G2201/0238,10
counts_by_cpc.B65G2201/0244,27
counts_by_cpc.B65G2201/0247,1
counts_by_cpc.B65G2201/025,12
counts_by_cpc.B65G2201/0252,5
counts_by_cpc.B65G2201/0255,1
counts_by_cpc.B65G2201/0258,15
counts_by_cpc.B65G2201/0261,2
counts_by_cpc.B65G2201/0267,3
counts_by_cpc.B65G2201/027,4
counts_by_cpc.B65G2201/0273,3
counts_by_cpc.B65G2201/0276,8
counts_by_cpc.B65G2201/04,23
counts_by_cpc.B65G2201/042,8
counts_by_cpc.B65G2201/047,2
counts_by_cpc.B65G2201/06,1
counts_by_cpc.B65G2203/02,2
counts_by_cpc.B65G2203/0208,6
counts_by_cpc.B65G2203/0216,5
counts_by_cpc.B65G2203/0225,2
counts_by_cpc.B65G2203/0233,7
counts_by_cpc.B65G2203/0241,5
counts_by_cpc.B65G2203/0258,5
counts_by_cpc.B65G2203/0266,3
counts_by_cpc.B65G2203/0283,4
counts_by_cpc.B65G2203/0291,3
counts_by_cpc.B65G2203/04,2
counts_by_cpc.B65G2203/041,59
counts_by_cpc.B65G2203/042,48
counts_by_cpc.B65G2203/044,11
counts_by_cpc.B65G2203/046,3
counts_by_cpc.B65G2205/04,4
counts_by_cpc.B65G2207/06,6
counts_by_cpc.B65G2207/08,2
counts_by_cpc.B65G2207/10,7
counts_by_cpc.B65G2207/14,30
counts_by_cpc.B65G2207/18,4
counts_by_cpc.B65G2207/24,60
counts_by_cpc.B65G2207/26,2
counts_by_cpc.B65G2207/28,4
counts_by_cpc.B65G2207/30,1
counts_by_cpc.B65G2207/40,6
counts_by_cpc.B65G2207/42,32
counts_by_cpc.B65G2207/48,12
counts_by_cpc.B65G2209/02,4
counts_by_cpc.B65G2209/04,2
counts_by_cpc.B65G2209/10,1
counts_by_cpc.B65G2249/02,10
counts_by_cpc.B65G2249/04,183
counts_by_cpc.B65G2249/045,248
counts_by_cpc.B65G23/00,12
counts_by_cpc.B65G23/04,6
counts_by_cpc.B65G23/06,10
counts_by_cpc.B65G23/14,2
counts_by_cpc.B65G23/22,10
counts_by_cpc.B65G23/24,8
counts_by_cpc.B65G23/26,2
counts_by_cpc.B65G23/30,7
counts_by_cpc.B65G23/38,2
counts_by_cpc.B65G23/44,21
counts_by_cpc.B65G25/00,1
counts_by_cpc.B65G25/02,6
counts_by_cpc.B65G25/04,16
counts_by_cpc.B65G25/08,13
counts_by_cpc.B65G25/10,2
counts_by_cpc.B65G25/12,2
counts_by_cpc.B65G27/00,2
counts_by_cpc.B65G27/02,3
counts_by_cpc.B65G27/04,1
counts_by_cpc.B65G27/12,8
counts_by_cpc.B65G27/16,4
counts_by_cpc.B65G27/32,1
counts_by_cpc.B65G2811/0621,1
counts_by_cpc.B65G2811/0626,3
counts_by_cpc.B65G2811/0657,1
counts_by_cpc.B65G2811/0678,1
counts_by_cpc.B65G2811/0684,1
counts_by_cpc.B65G2811/095,5
counts_by_cpc.B65G2811/098,1
counts_by_cpc.B65G2812/01,1
counts_by_cpc.B65G2812/018,12
counts_by_cpc.B65G2812/02009,1
counts_by_cpc.B65G2812/02019,1
counts_by_cpc.B65G2812/02039,1
counts_by_cpc.B65G2812/02138,4
counts_by_cpc.B65G2812/02287,15
counts_by_cpc.B65G2812/02326,1
counts_by_cpc.B65G2812/02485,12
counts_by_cpc.B65G2812/02683,2
counts_by_cpc.B65G2812/02752,1
counts_by_cpc.B65G2812/02762,1
counts_by_cpc.B65G2812/02811,1
counts_by_cpc.B65G2812/02861,1
counts_by_cpc.B65G2812/0618,4
counts_by_cpc.B65G2812/09,1
counts_by_cpc.B65G2812/12,1
counts_by_cpc.B65G2812/16,5
counts_by_cpc.B65G2812/1625,1
counts_by_cpc.B65G2812/182,1
counts_by_cpc.B65G2812/188,1
counts_by_cpc.B65G2812/99,1
counts_by_cpc.B65G2813/00,1
counts_by_cpc.B65G2814/0302,1
counts_by_cpc.B65G2814/0304,1
counts_by_cpc.B65G2814/0308,1
counts_by_cpc.B65G2814/0311,1
counts_by_cpc.B65G29/00,74
counts_by_cpc.B65G29/02,91
counts_by_cpc.B65G31/00,1
counts_by_cpc.B65G31/02,1
counts_by_cpc.B65G33/04,4
counts_by_cpc.B65G33/14,6
counts_by_cpc.B65G33/24,5
counts_by_cpc.B65G33/26,2
counts_by_cpc.B65G33/265,1
counts_by_cpc.B65G33/32,4
counts_by_cpc.B65G35/00,17
counts_by_cpc.B65G35/06,15
counts_by_cpc.B65G35/08,2
counts_by_cpc.B65G37/00,70
counts_by_cpc.B65G37/005,14
counts_by_cpc.B65G37/02,5
counts_by_cpc.B65G39/10,1
counts_by_cpc.B65G39/12,1
counts_by_cpc.B65G39/18,1
counts_by_cpc.B65G41/00,14
counts_by_cpc.B65G41/001,1
counts_by_cpc.B65G41/002,1
counts_by_cpc.B65G41/003,5
counts_by_cpc.B65G41/005,3
counts_by_cpc.B65G41/02,1
counts_by_cpc.B65G43/00,17
counts_by_cpc.B65G43/02,2
counts_by_cpc.B65G43/04,2
counts_by_cpc.B65G43/08,122
counts_by_cpc.B65G43/10,19
counts_by_cpc.B65G45/02,1
counts_by_cpc.B65G45/10,15
counts_by_cpc.B65G45/12,15
counts_by_cpc.B65G45/14,3
counts_by_cpc.B65G45/18,9
counts_by_cpc.B65G45/22,22
counts_by_cpc.B65G45/24,13
counts_by_cpc.B65G45/26,14
counts_by_cpc.B65G47/00,8
counts_by_cpc.B65G47/02,3
counts_by_cpc.B65G47/04,6
counts_by_cpc.B65G47/06,34
counts_by_cpc.B65G47/08,5
counts_by_cpc.B65G47/082,20
counts_by_cpc.B65G47/084,1
counts_by_cpc.B65G47/086,3
counts_by_cpc.B65G47/088,4
counts_by_cpc.B65G47/12,4
counts_by_cpc.B65G47/14,4
counts_by_cpc.B65G47/1407,29
counts_by_cpc.B65G47/1421,10
counts_by_cpc.B65G47/1428,14
counts_by_cpc.B65G47/1435,20
counts_by_cpc.B65G47/1442,1
counts_by_cpc.B65G47/145,6
counts_by_cpc.B65G47/1457,27
counts_by_cpc.B65G47/1464,4
counts_by_cpc.B65G47/1471,5
counts_by_cpc.B65G47/1478,11
counts_by_cpc.B65G47/1485,41
counts_by_cpc.B65G47/1492,12
counts_by_cpc.B65G47/16,3
counts_by_cpc.B65G47/18,8
counts_by_cpc.B65G47/19,28
counts_by_cpc.B65G47/20,6
counts_by_cpc.B65G47/22,26
counts_by_cpc.B65G47/24,48
counts_by_cpc.B65G47/244,29
counts_by_cpc.B65G47/248,30
counts_by_cpc.B65G47/252,5
counts_by_cpc.B65G47/256,5
counts_by_cpc.B65G47/26,18
counts_by_cpc.B65G47/261,6
counts_by_cpc.B65G47/263,9
counts_by_cpc.B65G47/28,16
counts_by_cpc.B65G47/29,11
counts_by_cpc.B65G47/295,3
counts_by_cpc.B65G47/30,5
counts_by_cpc.B65G47/31,27
counts_by_cpc.B65G47/32,13
counts_by_cpc.B65G47/34,8
counts_by_cpc.B65G47/38,11
counts_by_cpc.B65G47/42,2
counts_by_cpc.B65G47/44,33
counts_by_cpc.B65G47/46,10
counts_by_cpc.B65G47/48,2
counts_by_cpc.B65G47/49,12
counts_by_cpc.B65G47/50,5
counts_by_cpc.B65G47/506,12
counts_by_cpc.B65G47/51,2
counts_by_cpc.B65G47/5104,12
counts_by_cpc.B65G47/5109,5
counts_by_cpc.B65G47/5113,10
counts_by_cpc.B65G47/5122,63
counts_by_cpc.B65G47/5127,3
counts_by_cpc.B65G47/5131,17
counts_by_cpc.B65G47/5136,4
counts_by_cpc.B65G47/514,3
counts_by_cpc.B65G47/5154,9
counts_by_cpc.B65G47/5177,17
counts_by_cpc.B65G47/5181,14
counts_by_cpc.B65G47/5186,2
counts_by_cpc.B65G47/519,4
counts_by_cpc.B65G47/5195,13
counts_by_cpc.B65G47/52,71
counts_by_cpc.B65G47/525,12
counts_by_cpc.B65G47/53,5
counts_by_cpc.B65G47/54,6
counts_by_cpc.B65G47/57,29
counts_by_cpc.B65G47/61,19
counts_by_cpc.B65G47/642,2
counts_by_cpc.B65G47/646,3
counts_by_cpc.B65G47/647,6
counts_by_cpc.B65G47/648,4
counts_by_cpc.B65G47/66,50
counts_by_cpc.B65G47/68,5
counts_by_cpc.B65G47/681,30
counts_by_cpc.B65G47/682,7
counts_by_cpc.B65G47/684,6
counts_by_cpc.B65G47/69,2
counts_by_cpc.B65G47/70,7
counts_by_cpc.B65G47/71,37
counts_by_cpc.B65G47/715,9
counts_by_cpc.B65G47/72,4
counts_by_cpc.B65G47/74,43
counts_by_cpc.B65G47/763,4
counts_by_cpc.B65G47/766,31
counts_by_cpc.B65G47/78,8
counts_by_cpc.B65G47/80,4
counts_by_cpc.B65G47/82,76
counts_by_cpc.B65G47/84,3
counts_by_cpc.B65G47/841,3
counts_by_cpc.B65G47/842,8
counts_by_cpc.B65G47/843,9
counts_by_cpc.B65G47/846,52
counts_by_cpc.B65G47/847,46
counts_by_cpc.B65G47/848,140
counts_by_cpc.B65G47/88,4
counts_by_cpc.B65G47/8807,1
counts_by_cpc.B65G47/8815,7
counts_by_cpc.B65G47/8823,9
counts_by_cpc.B65G47/883,2
counts_by_cpc.B65G47/8853,4
counts_by_cpc.B65G47/8876,5
counts_by_cpc.B65G47/8892,2
counts_by_cpc.B65G47/90,163
counts_by_cpc.B65G47/901,35
counts_by_cpc.B65G47/902,37
counts_by_cpc.B65G47/904,58
counts_by_cpc.B65G47/905,28
counts_by_cpc.B65G47/907,51
counts_by_cpc.B65G47/908,3
counts_by_cpc.B65G47/91,1252
counts_by_cpc.B65G47/911,142
counts_by_cpc.B65G47/912,143
counts_by_cpc.B65G47/914,300
counts_by_cpc.B65G47/915,216
counts_by_cpc.B65G47/917,222
counts_by_cpc.B65G47/918,381
counts_by_cpc.B65G47/92,20
counts_by_cpc.B65G47/94,5
counts_by_cpc.B65G47/945,3
counts_by_cpc.B65G47/962,5
counts_by_cpc.B65G47/965,2
counts_by_cpc.B65G49/00,7
counts_by_cpc.B65G49/025,8
counts_by_cpc.B65G49/0404,1
counts_by_cpc.B65G49/0463,4
counts_by_cpc.B65G49/05,71
counts_by_cpc.B65G49/06,15
counts_by_cpc.B65G49/061,232
counts_by_cpc.B65G49/063,3
counts_by_cpc.B65G49/064,8
counts_by_cpc.B65G49/065,16
counts_by_cpc.B65G49/066,4
counts_by_cpc.B65G49/067,72
counts_by_cpc.B65G49/068,53
counts_by_cpc.B65G49/069,3
counts_by_cpc.B65G49/07,9
counts_by_cpc.B65G49/08,14
counts_by_cpc.B65G49/085,9
counts_by_cpc.B65G5/00,1
counts_by_cpc.B65G51/02,57
counts_by_cpc.B65G51/03,14
counts_by_cpc.B65G51/035,1
counts_by_cpc.B65G51/04,2
counts_by_cpc.B65G51/08,1
counts_by_cpc.B65G51/16,1
counts_by_cpc.B65G51/20,1
counts_by_cpc.B65G51/24,4
counts_by_cpc.B65G51/32,2
counts_by_cpc.B65G51/36,6
counts_by_cpc.B65G53/08,1
counts_by_cpc.B65G53/14,4
counts_by_cpc.B65G53/16,3
counts_by_cpc.B65G53/24,9
counts_by_cpc.B65G53/28,1
counts_by_cpc.B65G53/30,3
counts_by_cpc.B65G53/34,4
counts_by_cpc.B65G53/36,3
counts_by_cpc.B65G53/40,3
counts_by_cpc.B65G53/48,2
counts_by_cpc.B65G53/50,3
counts_by_cpc.B65G53/56,1
counts_by_cpc.B65G53/58,9
counts_by_cpc.B65G53/60,2
counts_by_cpc.B65G53/66,9
counts_by_cpc.B65G54/00,10
counts_by_cpc.B65G54/02,3
counts_by_cpc.B65G57/00,13
counts_by_cpc.B65G57/005,14
counts_by_cpc.B65G57/03,4
counts_by_cpc.B65G57/035,7
counts_by_cpc.B65G57/04,58
counts_by_cpc.B65G57/06,6
counts_by_cpc.B65G57/08,1
counts_by_cpc.B65G57/11,2
counts_by_cpc.B65G57/14,1
counts_by_cpc.B65G57/165,26
counts_by_cpc.B65G57/183,2
counts_by_cpc.B65G57/186,2
counts_by_cpc.B65G57/22,1
counts_by_cpc.B65G57/24,3
counts_by_cpc.B65G57/245,6
counts_by_cpc.B65G57/26,1
counts_by_cpc.B65G57/30,1
counts_by_cpc.B65G57/301,3
counts_by_cpc.B65G57/302,5
counts_by_cpc.B65G57/303,15
counts_by_cpc.B65G57/306,1
counts_by_cpc.B65G57/32,5
counts_by_cpc.B65G59/00,7
counts_by_cpc.B65G59/005,1
counts_by_cpc.B65G59/02,16
counts_by_cpc.B65G59/023,14
counts_by_cpc.B65G59/026,3
counts_by_cpc.B65G59/04,36
counts_by_cpc.B65G59/045,9
counts_by_cpc.B65G59/061,3
counts_by_cpc.B65G59/062,1
counts_by_cpc.B65G59/063,1
counts_by_cpc.B65G59/066,1
counts_by_cpc.B65G59/067,4
counts_by_cpc.B65G59/08,1
counts_by_cpc.B65G59/10,14
counts_by_cpc.B65G59/106,11
counts_by_cpc.B65G60/00,8
counts_by_cpc.B65G61/00,189
counts_by_cpc.B65G65/00,25
counts_by_cpc.B65G65/005,2
counts_by_cpc.B65G65/02,11
counts_by_cpc.B65G65/06,12
counts_by_cpc.B65G65/16,7
counts_by_cpc.B65G65/20,5
counts_by_cpc.B65G65/23,8
counts_by_cpc.B65G65/30,5
counts_by_cpc.B65G65/32,32
counts_by_cpc.B65G65/40,9
counts_by_cpc.B65G65/42,10
counts_by_cpc.B65G65/44,9
counts_by_cpc.B65G65/46,2
counts_by_cpc.B65G65/463,2
counts_by_cpc.B65G65/48,3
counts_by_cpc.B65G65/4881,28
counts_by_cpc.B65G67/00,1
counts_by_cpc.B65G67/02,4
counts_by_cpc.B65G67/04,6
counts_by_cpc.B65G67/08,21
counts_by_cpc.B65G67/14,1
counts_by_cpc.B65G67/20,1
counts_by_cpc.B65G67/24,19
counts_by_cpc.B65G69/00,6
counts_by_cpc.B65G69/04,3
counts_by_cpc.B65G69/0425,5
counts_by_cpc.B65G69/0441,2
counts_by_cpc.B65G69/045,1
counts_by_cpc.B65G69/0458,4
counts_by_cpc.B65G69/08,1
counts_by_cpc.B65G69/12,3
counts_by_cpc.B65G69/14,4
counts_by_cpc.B65G69/16,6
counts_by_cpc.B65G69/165,1
counts_by_cpc.B65G69/20,5
counts_by_cpc.B65G69/28,1
counts_by_cpc.B65G69/2864,1
counts_by_cpc.B65G7/12,35
counts_by_cpc.B65G9/002,4
counts_by_cpc.B65G9/008,1
counts_by_cpc.B65H1/00,1
counts_by_cpc.B65H1/04,1
counts_by_cpc.B65H1/08,1
counts_by_cpc.B65H1/18,3
counts_by_cpc.B65H1/30,2
counts_by_cpc.B65H11/005,3
counts_by_cpc.B65H15/00,12
counts_by_cpc.B65H15/02,1
counts_by_cpc.B65H18/28,1
counts_by_cpc.B65H19/10,1
counts_by_cpc.B65H19/105,1
counts_by_cpc.B65H19/12,5
counts_by_cpc.B65H19/123,5
counts_by_cpc.B65H19/1836,1
counts_by_cpc.B65H19/1863,1
counts_by_cpc.B65H19/1873,1
counts_by_cpc.B65H19/20,1
counts_by_cpc.B65H20/12,1
counts_by_cpc.B65H2220/02,1
counts_by_cpc.B65H23/038,1
counts_by_cpc.B65H23/044,1
counts_by_cpc.B65H23/1825,1
counts_by_cpc.B65H23/24,1
counts_by_cpc.B65H2301/323,1
counts_by_cpc.B65H2301/33214,13
counts_by_cpc.B65H2301/33224,12
counts_by_cpc.B65H2301/41322,1
counts_by_cpc.B65H2301/41524,1
counts_by_cpc.B65H2301/41702,4
counts_by_cpc.B65H2301/41856,4
counts_by_cpc.B65H2301/4212,20
counts_by_cpc.B65H2301/4214,7
counts_by_cpc.B65H2301/422,4
counts_by_cpc.B65H2301/4224,4
counts_by_cpc.B65H2301/42242,15
counts_by_cpc.B65H2301/42256,9
counts_by_cpc.B65H2301/42266,4
counts_by_cpc.B65H2301/42324,1
counts_by_cpc.B65H2301/44716,1
counts_by_cpc.B65H2301/44722,12
counts_by_cpc.B65H2301/44734,2
counts_by_cpc.B65H2301/452,1
counts_by_cpc.B65H2301/464145,1
counts_by_cpc.B65H2301/5121,2
counts_by_cpc.B65H2301/51256,1
counts_by_cpc.B65H2301/513,1
counts_by_cpc.B65H2301/5133,6
counts_by_cpc.B65H2301/531,1
counts_by_cpc.B65H2401/111,1
counts_by_cpc.B65H2402/351,1
counts_by_cpc.B65H2403/55,4
counts_by_cpc.B65H2404/1122,1
counts_by_cpc.B65H2404/15212,1
counts_by_cpc.B65H2404/154,6
counts_by_cpc.B65H2404/6551,1
counts_by_cpc.B65H2405/422,4
counts_by_cpc.B65H2406/111,1
counts_by_cpc.B65H2406/112,2
counts_by_cpc.B65H2406/1132,2
counts_by_cpc.B65H2406/321,1
counts_by_cpc.B65H2406/323,6
counts_by_cpc.B65H2406/33,1
counts_by_cpc.B65H2406/341,19
counts_by_cpc.B65H2406/342,11
counts_by_cpc.B65H2406/3432,5
counts_by_cpc.B65H2406/364,7
counts_by_cpc.B65H2406/365,3
counts_by_cpc.B65H2406/3661,6
counts_by_cpc.B65H2406/3662,1
counts_by_cpc.B65H2406/413,1
counts_by_cpc.B65H2407/51,3
counts_by_cpc.B65H2408/112,1
counts_by_cpc.B65H2511/17,16
counts_by_cpc.B65H2511/24,1
counts_by_cpc.B65H2515/81,16
counts_by_cpc.B65H2553/20,1
counts_by_cpc.B65H2553/414,2
counts_by_cpc.B65H2555/11,16
counts_by_cpc.B65H2555/30,4
counts_by_cpc.B65H26/00,1
counts_by_cpc.B65H26/063,1
counts_by_cpc.B65H2601/422,1
counts_by_cpc.B65H27/00,2
counts_by_cpc.B65H2701/11112,1
counts_by_cpc.B65H2701/1212,1
counts_by_cpc.B65H2701/1718,9
counts_by_cpc.B65H2701/1722,1
counts_by_cpc.B65H2701/173,9
counts_by_cpc.B65H2701/174,1
counts_by_cpc.B65H2701/1752,1
counts_by_cpc.B65H2701/176,7
counts_by_cpc.B65H2701/1764,2
counts_by_cpc.B65H2701/178,1
counts_by_cpc.B65H2701/1822,10
counts_by_cpc.B65H2701/191,1
counts_by_cpc.B65H2701/1916,8
counts_by_cpc.B65H2701/1924,1
counts_by_cpc.B65H2701/1938,1
counts_by_cpc.B65H2701/19404,1
counts_by_cpc.B65H2701/31,8
counts_by_cpc.B65H2701/32,1
counts_by_cpc.B65H2701/377,1
counts_by_cpc.B65H2701/38,1
counts_by_cpc.B65H2801/06,1
counts_by_cpc.B65H2801/21,1
counts_by_cpc.B65H2801/42,1
counts_by_cpc.B65H2801/54,4
counts_by_cpc.B65H2801/93,1
counts_by_cpc.B65H29/003,1
counts_by_cpc.B65H29/041,1
counts_by_cpc.B65H29/08,1
counts_by_cpc.B65H29/16,1
counts_by_cpc.B65H29/241,26
counts_by_cpc.B65H29/242,10
counts_by_cpc.B65H29/248,1
counts_by_cpc.B65H29/32,18
counts_by_cpc.B65H29/36,1
counts_by_cpc.B65H29/40,2
counts_by_cpc.B65H29/46,1
counts_by_cpc.B65H29/50,1
counts_by_cpc.B65H29/62,1
counts_by_cpc.B65H29/66,1
counts_by_cpc.B65H29/686,3
counts_by_cpc.B65H3/08,15
counts_by_cpc.B65H3/0808,15
counts_by_cpc.B65H3/0816,86
counts_by_cpc.B65H3/0825,2
counts_by_cpc.B65H3/0833,3
counts_by_cpc.B65H3/085,2
counts_by_cpc.B65H3/0858,2
counts_by_cpc.B65H3/0866,1
counts_by_cpc.B65H3/0883,221
counts_by_cpc.B65H3/0891,49
counts_by_cpc.B65H3/10,7
counts_by_cpc.B65H3/122,1
counts_by_cpc.B65H3/126,2
counts_by_cpc.B65H3/128,2
counts_by_cpc.B65H3/14,5
counts_by_cpc.B65H3/16,8
counts_by_cpc.B65H3/20,1
counts_by_cpc.B65H3/22,2
counts_by_cpc.B65H3/24,1
counts_by_cpc.B65H3/322,2
counts_by_cpc.B65H3/325,18
counts_by_cpc.B65H3/36,1
counts_by_cpc.B65H3/42,1
counts_by_cpc.B65H3/44,6
counts_by_cpc.B65H3/443,2
counts_by_cpc.B65H3/446,1
counts_by_cpc.B65H3/46,2
counts_by_cpc.B65H3/48,4
counts_by_cpc.B65H3/50,3
counts_by_cpc.B65H3/54,1
counts_by_cpc.B65H3/60,1
counts_by_cpc.B65H3/62,1
counts_by_cpc.B65H31/10,1
counts_by_cpc.B65H31/20,2
counts_by_cpc.B65H31/30,4
counts_by_cpc.B65H31/3045,3
counts_by_cpc.B65H31/3054,1
counts_by_cpc.B65H31/3063,1
counts_by_cpc.B65H31/3081,4
counts_by_cpc.B65H33/02,1
counts_by_cpc.B65H33/12,1
counts_by_cpc.B65H35/0006,1
counts_by_cpc.B65H35/0026,1
counts_by_cpc.B65H35/06,1
counts_by_cpc.B65H39/11,1
counts_by_cpc.B65H39/16,1
counts_by_cpc.B65H45/101,14
counts_by_cpc.B65H45/103,13
counts_by_cpc.B65H45/16,1
counts_by_cpc.B65H45/24,1
counts_by_cpc.B65H49/08,1
counts_by_cpc.B65H49/24,1
counts_by_cpc.B65H5/00,1
counts_by_cpc.B65H5/021,4
counts_by_cpc.B65H5/025,1
counts_by_cpc.B65H5/028,1
counts_by_cpc.B65H5/04,5
counts_by_cpc.B65H5/08,14
counts_by_cpc.B65H5/085,1
counts_by_cpc.B65H5/10,18
counts_by_cpc.B65H5/12,1
counts_by_cpc.B65H5/14,5
counts_by_cpc.B65H5/22,2
counts_by_cpc.B65H5/222,15
counts_by_cpc.B65H5/224,4
counts_by_cpc.B65H5/24,1
counts_by_cpc.B65H5/26,4
counts_by_cpc.B65H5/36,1
counts_by_cpc.B65H54/2821,1
counts_by_cpc.B65H57/06,1
counts_by_cpc.B65H59/06,1
counts_by_cpc.B65H67/00,1
counts_by_cpc.B65H67/06,1
counts_by_cpc.B65H67/065,5
counts_by_cpc.B65H67/067,4
counts_by_cpc.B65H7/04,1
counts_by_cpc.B65H7/06,1
counts_by_cpc.B65H7/12,2
counts_by_cpc.B65H7/125,4
counts_by_cpc.B65H7/16,1
counts_by_cpc.B65H75/2455,1
counts_by_cpc.B65H75/28,1
counts_by_cpc.B65H75/4471,1
counts_by_cpc.B65H75/50,2
counts_by_cpc.B65H83/02,1
counts_by_cpc.B65H9/00,2
counts_by_cpc.B65H9/002,1
counts_by_cpc.B65H9/06,1
counts_by_cpc.B65H9/08,12
counts_by_cpc.B66B1/30,2
counts_by_cpc.B66B1/3476,1
counts_by_cpc.B66B1/3492,1
counts_by_cpc.B66B11/02,2
counts_by_cpc.B66B13/22,1
counts_by_cpc.B66B17/34,1
counts_by_cpc.B66B23/02,1
counts_by_cpc.B66B5/02,1
counts_by_cpc.B66B9/02,1
counts_by_cpc.B66C1/00,11
counts_by_cpc.B66C1/02,35
counts_by_cpc.B66C1/0206,53
counts_by_cpc.B66C1/0212,830
counts_by_cpc.B66C1/0218,220
counts_by_cpc.B66C1/0225,19
counts_by_cpc.B66C1/0231,334
counts_by_cpc.B66C1/0243,305
counts_by_cpc.B66C1/025,123
counts_by_cpc.B66C1/0256,322
counts_by_cpc.B66C1/0262,61
counts_by_cpc.B66C1/0268,81
counts_by_cpc.B66C1/0275,31
counts_by_cpc.B66C1/0281,190
counts_by_cpc.B66C1/0287,111
counts_by_cpc.B66C1/0293,538
counts_by_cpc.B66C1/04,13
counts_by_cpc.B66C1/06,3
counts_by_cpc.B66C1/10,4
counts_by_cpc.B66C1/101,1
counts_by_cpc.B66C1/12,1
counts_by_cpc.B66C1/16,1
counts_by_cpc.B66C1/28,6
counts_by_cpc.B66C1/32,1
counts_by_cpc.B66C1/425,2
counts_by_cpc.B66C1/427,3
counts_by_cpc.B66C1/44,15
counts_by_cpc.B66C1/442,3
counts_by_cpc.B66C1/447,9
counts_by_cpc.B66C1/46,14
counts_by_cpc.B66C1/48,2
counts_by_cpc.B66C1/54,6
counts_by_cpc.B66C1/56,1
counts_by_cpc.B66C1/62,3
counts_by_cpc.B66C1/625,11
counts_by_cpc.B66C1/66,1
counts_by_cpc.B66C1/663,2
counts_by_cpc.B66C11/00,7
counts_by_cpc.B66C11/04,1
counts_by_cpc.B66C11/12,7
counts_by_cpc.B66C11/20,1
counts_by_cpc.B66C11/24,2
counts_by_cpc.B66C13/00,12
counts_by_cpc.B66C13/06,1
counts_by_cpc.B66C13/063,3
counts_by_cpc.B66C13/08,4
counts_by_cpc.B66C13/085,2
counts_by_cpc.B66C13/12,1
counts_by_cpc.B66C13/14,2
counts_by_cpc.B66C13/16,1
counts_by_cpc.B66C13/18,1
counts_by_cpc.B66C13/40,1
counts_by_cpc.B66C13/46,2
counts_by_cpc.B66C13/48,2
counts_by_cpc.B66C13/50,2
counts_by_cpc.B66C15/00,1
counts_by_cpc.B66C15/065,1
counts_by_cpc.B66C17/00,3
counts_by_cpc.B66C17/18,11
counts_by_cpc.B66C19/00,7
counts_by_cpc.B66C19/007,1
counts_by_cpc.B66C19/02,5
counts_by_cpc.B66C23/005,11
counts_by_cpc.B66C23/022,5
counts_by_cpc.B66C23/027,3
counts_by_cpc.B66C23/208,6
counts_by_cpc.B66C23/26,1
counts_by_cpc.B66C23/34,1
counts_by_cpc.B66C23/348,2
counts_by_cpc.B66C23/36,3
counts_by_cpc.B66C23/44,1
counts_by_cpc.B66C23/48,2
counts_by_cpc.B66C23/54,14
counts_by_cpc.B66C23/62,6
counts_by_cpc.B66C23/70,2
counts_by_cpc.B66C23/72,4
counts_by_cpc.B66C23/80,1
counts_by_cpc.B66C23/88,1
counts_by_cpc.B66C2700/01,1
counts_by_cpc.B66C2700/012,4
counts_by_cpc.B66C2700/017,12
counts_by_cpc.B66C2700/03,1
counts_by_cpc.B66C2700/0371,1
counts_by_cpc.B66C2700/0392,4
counts_by_cpc.B66C2700/062,1
counts_by_cpc.B66C3/02,1
counts_by_cpc.B66C3/04,1
counts_by_cpc.B66C3/16,8
counts_by_cpc.B66C3/20,1
counts_by_cpc.B66C5/02,1
counts_by_cpc.B66C7/00,4
counts_by_cpc.B66C7/08,1
counts_by_cpc.B66C9/02,1
counts_by_cpc.B66C9/08,1
counts_by_cpc.B66D1/12,1
counts_by_cpc.B66D1/28,1
counts_by_cpc.B66D1/60,2
counts_by_cpc.B66D2700/023,2
counts_by_cpc.B66D2700/026,4
counts_by_cpc.B66D3/00,1
counts_by_cpc.B66D3/12,2
counts_by_cpc.B66D3/18,13
counts_by_cpc.B66F1/00,1
counts_by_cpc.B66F11/00,2
counts_by_cpc.B66F11/04,2
counts_by_cpc.B66F11/044,1
counts_by_cpc.B66F17/006,1
counts_by_cpc.B66F2700/12,1
counts_by_cpc.B66F3/18,1
counts_by_cpc.B66F3/25,1
counts_by_cpc.B66F3/35,60
counts_by_cpc.B66F3/44,1
counts_by_cpc.B66F5/04,4
counts_by_cpc.B66F7/00,11
counts_by_cpc.B66F7/02,7
counts_by_cpc.B66F7/025,5
counts_by_cpc.B66F7/04,1
counts_by_cpc.B66F7/06,1
counts_by_cpc.B66F7/0608,1
counts_by_cpc.B66F7/065,1
counts_by_cpc.B66F7/0666,1
counts_by_cpc.B66F7/08,1
counts_by_cpc.B66F7/28,5
counts_by_cpc.B66F9/02,3
counts_by_cpc.B66F9/06,3
counts_by_cpc.B66F9/061,4
counts_by_cpc.B66F9/063,2
counts_by_cpc.B66F9/065,1
counts_by_cpc.B66F9/0655,1
counts_by_cpc.B66F9/07,2
counts_by_cpc.B66F9/075,2
counts_by_cpc.B66F9/07504,2
counts_by_cpc.B66F9/0755,3
counts_by_cpc.B66F9/07559,1
counts_by_cpc.B66F9/07581,1
counts_by_cpc.B66F9/0759,1
counts_by_cpc.B66F9/08,3
counts_by_cpc.B66F9/10,2
counts_by_cpc.B66F9/12,11
counts_by_cpc.B66F9/122,1
counts_by_cpc.B66F9/125,2
counts_by_cpc.B66F9/14,2
counts_by_cpc.B66F9/18,9
counts_by_cpc.B66F9/181,41
counts_by_cpc.B66F9/183,1
counts_by_cpc.B66F9/187,1
counts_by_cpc.B66F9/188,1
counts_by_cpc.B66F9/195,11
counts_by_cpc.B66F9/22,4
counts_by_cpc.B66F9/24,2
counts_by_cpc.B67B3/062,1
counts_by_cpc.B67B3/10,1
counts_by_cpc.B67B3/2053,1
counts_by_cpc.B67B7/02,1
counts_by_cpc.B67B7/16,1
counts_by_cpc.B67B7/162,3
counts_by_cpc.B67B7/18,10
counts_by_cpc.B67B7/34,1
counts_by_cpc.B67B7/36,1
counts_by_cpc.B67C2003/2657,1
counts_by_cpc.B67C2007/006,5
counts_by_cpc.B67C3/007,1
counts_by_cpc.B67C3/02,1
counts_by_cpc.B67C3/22,1
counts_by_cpc.B67C3/26,1
counts_by_cpc.B67C3/2628,1
counts_by_cpc.B67C7/00,1
counts_by_cpc.B67C7/002,12
counts_by_cpc.B67C7/0046,12
counts_by_cpc.B67D1/00,1
counts_by_cpc.B67D1/08,1
counts_by_cpc.B67D1/0829,1
counts_by_cpc.B67D2210/0001,1
counts_by_cpc.B67D3/00,1
counts_by_cpc.B67D3/0061,1
counts_by_cpc.B67D3/04,1
counts_by_cpc.B67D3/043,1
counts_by_cpc.B67D3/047,1
counts_by_cpc.B67D7/02,1
counts_by_cpc.B67D7/06,1
counts_by_cpc.B67D7/32,1
counts_by_cpc.B67D7/62,2
counts_by_cpc.B67D7/645,2
counts_by_cpc.B67D7/78,1
counts_by_cpc.B67D9/00,1
counts_by_cpc.B68G7/051,1
counts_by_cpc.B81B2201/0242,2
counts_by_cpc.B81B2201/0257,3
counts_by_cpc.B81B2201/0271,1
counts_by_cpc.B81B2203/0118,1
counts_by_cpc.B81B2203/0127,1
counts_by_cpc.B81B2203/0136,1
counts_by_cpc.B81B2203/0307,2
counts_by_cpc.B81B2203/04,1
counts_by_cpc.B81B2207/012,1
counts_by_cpc.B81B2207/053,1
counts_by_cpc.B81B3/0021,4
counts_by_cpc.B81B7/02,1
counts_by_cpc.B81C1/00182,1
counts_by_cpc.B81C1/0038,1
counts_by_cpc.B81C2203/031,1
counts_by_cpc.B81C3/001,2
counts_by_cpc.B81C3/004,1
counts_by_cpc.B81C99/002,2
counts_by_cpc.B82Y10/00,2
counts_by_cpc.B82Y20/00,5
counts_by_cpc.B82Y30/00,4
counts_by_cpc.B82Y40/00,6
counts_by_cpc.B82Y5/00,4
counts_by_cpc.C01B13/0203,1
counts_by_cpc.C01B13/10,1
counts_by_cpc.C01B17/54,1
counts_by_cpc.C01B2202/02,1
counts_by_cpc.C01B2202/06,1
counts_by_cpc.C01B2203/0277,3
counts_by_cpc.C01B2203/0405,1
counts_by_cpc.C01B2203/0805,1
counts_by_cpc.C01B2203/1011,1
counts_by_cpc.C01B2203/1076,1
counts_by_cpc.C01B2203/1082,1
counts_by_cpc.C01B2203/1223,1
counts_by_cpc.C01B2203/1241,2
counts_by_cpc.C01B2204/02,1
counts_by_cpc.C01B2204/04,2
counts_by_cpc.C01B2204/22,2
counts_by_cpc.C01B2204/32,2
counts_by_cpc.C01B3/22,1
counts_by_cpc.C01B3/26,2
counts_by_cpc.C01B3/50,1
counts_by_cpc.C01B32/05,4
counts_by_cpc.C01B32/15,1
counts_by_cpc.C01B32/164,1
counts_by_cpc.C01B32/184,1
counts_by_cpc.C01B32/194,4
counts_by_cpc.C01B32/196,1
counts_by_cpc.C01B32/324,1
counts_by_cpc.C01B32/336,1
counts_by_cpc.C01B32/372,1
counts_by_cpc.C01B32/50,1
counts_by_cpc.C01B33/1585,1
counts_by_cpc.C01B33/159,1
counts_by_cpc.C01B33/26,1
counts_by_cpc.C01C1/0411,1
counts_by_cpc.C01C1/0417,1
counts_by_cpc.C01C1/0452,1
counts_by_cpc.C01C1/0482,1
counts_by_cpc.C01D15/08,1
counts_by_cpc.C01F17/10,1
counts_by_cpc.C01F17/206,1
counts_by_cpc.C01F17/229,1
counts_by_cpc.C01F17/247,1
counts_by_cpc.C01F7/02,1
counts_by_cpc.C01F7/021,2
counts_by_cpc.C01G25/006,1
counts_by_cpc.C01G49/06,1
counts_by_cpc.C01G49/08,1
counts_by_cpc.C01P2002/77,1
counts_by_cpc.C01P2002/78,1
counts_by_cpc.C01P2002/82,3
counts_by_cpc.C01P2002/84,1
counts_by_cpc.C01P2002/85,1
counts_by_cpc.C01P2004/03,1
counts_by_cpc.C01P2004/04,2
counts_by_cpc.C01P2004/13,1
counts_by_cpc.C01P2004/20,1
counts_by_cpc.C01P2004/32,2
counts_by_cpc.C01P2004/51,1
counts_by_cpc.C01P2004/61,1
counts_by_cpc.C01P2004/64,1
counts_by_cpc.C01P2004/80,2
counts_by_cpc.C01P2006/10,4
counts_by_cpc.C01P2006/11,1
counts_by_cpc.C01P2006/12,5
counts_by_cpc.C01P2006/19,1
counts_by_cpc.C01P2006/22,1
counts_by_cpc.C01P2006/32,1
counts_by_cpc.C01P2006/40,2
counts_by_cpc.C01P2006/42,1
counts_by_cpc.C01P2006/60,1
counts_by_cpc.C01P2006/80,1
counts_by_cpc.C02F1/001,2
counts_by_cpc.C02F1/003,1
counts_by_cpc.C02F1/004,1
counts_by_cpc.C02F1/006,1
counts_by_cpc.C02F1/008,1
counts_by_cpc.C02F1/08,1
counts_by_cpc.C02F1/10,1
counts_by_cpc.C02F1/281,1
counts_by_cpc.C02F1/283,1
counts_by_cpc.C02F1/30,1
counts_by_cpc.C02F1/42,1
counts_by_cpc.C02F1/44,2
counts_by_cpc.C02F1/4608,1
counts_by_cpc.C02F1/48,1
counts_by_cpc.C02F1/687,1
counts_by_cpc.C02F11/121,1
counts_by_cpc.C02F11/127,1
counts_by_cpc.C02F11/14,1
counts_by_cpc.C02F11/15,1
counts_by_cpc.C02F2003/001,1
counts_by_cpc.C02F2101/106,1
counts_by_cpc.C02F2101/36,1
counts_by_cpc.C02F2103/001,1
counts_by_cpc.C02F2103/08,1
counts_by_cpc.C02F2103/20,1
counts_by_cpc.C02F2201/005,1
counts_by_cpc.C02F2201/009,2
counts_by_cpc.C02F2201/4612,1
counts_by_cpc.C02F2201/46165,1
counts_by_cpc.C02F2209/005,1
counts_by_cpc.C02F2209/006,1
counts_by_cpc.C02F2209/02,1
counts_by_cpc.C02F2209/05,1
counts_by_cpc.C02F2209/11,1
counts_by_cpc.C02F2209/14,1
counts_by_cpc.C02F2209/22,1
counts_by_cpc.C02F2209/42,1
counts_by_cpc.C02F2301/024,2
counts_by_cpc.C02F2301/026,1
counts_by_cpc.C02F2301/046,3
counts_by_cpc.C02F2303/04,1
counts_by_cpc.C02F2303/08,1
counts_by_cpc.C02F2303/10,1
counts_by_cpc.C02F2303/16,2
counts_by_cpc.C02F2307/06,1
counts_by_cpc.C02F3/102,1
counts_by_cpc.C02F3/1273,1
counts_by_cpc.C02F3/2853,2
counts_by_cpc.C02F3/2893,1
counts_by_cpc.C02F3/322,1
counts_by_cpc.C02F3/325,1
counts_by_cpc.C02F3/34,1
counts_by_cpc.C02F5/105,1
counts_by_cpc.C02F7/00,1
counts_by_cpc.C02F9/00,2
counts_by_cpc.C03B11/06,1
counts_by_cpc.C03B17/064,1
counts_by_cpc.C03B2211/23,1
counts_by_cpc.C03B2211/40,1
counts_by_cpc.C03B2211/60,1
counts_by_cpc.C03B2225/02,13
counts_by_cpc.C03B23/00,8
counts_by_cpc.C03B23/0093,2
counts_by_cpc.C03B23/02,4
counts_by_cpc.C03B23/023,1
counts_by_cpc.C03B23/0254,1
counts_by_cpc.C03B23/0256,2
counts_by_cpc.C03B23/027,1
counts_by_cpc.C03B23/03,1
counts_by_cpc.C03B23/0302,4
counts_by_cpc.C03B23/0305,3
counts_by_cpc.C03B23/031,2
counts_by_cpc.C03B23/033,1
counts_by_cpc.C03B23/035,9
counts_by_cpc.C03B23/0357,18
counts_by_cpc.C03B23/20,1
counts_by_cpc.C03B23/207,1
counts_by_cpc.C03B23/245,13
counts_by_cpc.C03B27/0404,9
counts_by_cpc.C03B27/0413,1
counts_by_cpc.C03B27/0442,1
counts_by_cpc.C03B27/0445,1
counts_by_cpc.C03B27/0447,1
counts_by_cpc.C03B29/00,2
counts_by_cpc.C03B3/023,1
counts_by_cpc.C03B32/02,1
counts_by_cpc.C03B33/02,40
counts_by_cpc.C03B33/0215,8
counts_by_cpc.C03B33/023,44
counts_by_cpc.C03B33/027,8
counts_by_cpc.C03B33/03,23
counts_by_cpc.C03B33/033,10
counts_by_cpc.C03B33/037,1
counts_by_cpc.C03B33/04,10
counts_by_cpc.C03B33/074,4
counts_by_cpc.C03B33/078,1
counts_by_cpc.C03B33/10,14
counts_by_cpc.C03B35/005,2
counts_by_cpc.C03B35/04,3
counts_by_cpc.C03B35/10,3
counts_by_cpc.C03B35/12,6
counts_by_cpc.C03B35/125,16
counts_by_cpc.C03B35/14,19
counts_by_cpc.C03B35/145,28
counts_by_cpc.C03B35/147,9
counts_by_cpc.C03B35/20,1
counts_by_cpc.C03B35/24,11
counts_by_cpc.C03B37/02,1
counts_by_cpc.C03B40/005,5
counts_by_cpc.C03B40/04,3
counts_by_cpc.C03B5/1672,1
counts_by_cpc.C03B5/193,1
counts_by_cpc.C03B5/2353,1
counts_by_cpc.C03B5/2356,1
counts_by_cpc.C03B7/065,1
counts_by_cpc.C03B9/41,1
counts_by_cpc.C03B9/44,13
counts_by_cpc.C03B9/447,1
counts_by_cpc.C03B9/453,15
counts_by_cpc.C03C10/0009,1
counts_by_cpc.C03C10/0036,1
counts_by_cpc.C03C10/0045,1
counts_by_cpc.C03C10/0054,1
counts_by_cpc.C03C13/00,1
counts_by_cpc.C03C13/045,1
counts_by_cpc.C03C17/00,1
counts_by_cpc.C03C17/02,2
counts_by_cpc.C03C17/23,1
counts_by_cpc.C03C17/32,1
counts_by_cpc.C03C17/34,1
counts_by_cpc.C03C17/3411,1
counts_by_cpc.C03C17/3417,2
counts_by_cpc.C03C21/002,1
counts_by_cpc.C03C2204/00,2
counts_by_cpc.C03C2217/213,1
counts_by_cpc.C03C2217/24,1
counts_by_cpc.C03C2217/72,1
counts_by_cpc.C03C2217/734,1
counts_by_cpc.C03C2218/119,1
counts_by_cpc.C03C2218/17,1
counts_by_cpc.C03C25/12,1
counts_by_cpc.C03C25/25,1
counts_by_cpc.C03C25/40,6
counts_by_cpc.C03C25/42,1
counts_by_cpc.C03C25/6226,1
counts_by_cpc.C03C27/04,1
counts_by_cpc.C03C27/10,4
counts_by_cpc.C03C3/06,1
counts_by_cpc.C03C3/087,2
counts_by_cpc.C03C3/091,2
counts_by_cpc.C03C3/093,1
counts_by_cpc.C03C4/16,1
counts_by_cpc.C04B14/04,1
counts_by_cpc.C04B14/104,1
counts_by_cpc.C04B2/02,1
counts_by_cpc.C04B20/0036,1
counts_by_cpc.C04B20/026,1
counts_by_cpc.C04B20/04,1
counts_by_cpc.C04B20/1037,1
counts_by_cpc.C04B2103/0097,1
counts_by_cpc.C04B2103/408,1
counts_by_cpc.C04B2103/50,1
counts_by_cpc.C04B2103/67,1
counts_by_cpc.C04B2111/00637,1
counts_by_cpc.C04B2111/0075,1
counts_by_cpc.C04B2111/00793,1
counts_by_cpc.C04B2111/0081,1
counts_by_cpc.C04B2111/00844,1
counts_by_cpc.C04B2111/00853,1
counts_by_cpc.C04B2111/28,1
counts_by_cpc.C04B2111/40,1
counts_by_cpc.C04B2111/60,1
counts_by_cpc.C04B2201/30,1
counts_by_cpc.C04B2235/3217,2
counts_by_cpc.C04B2235/3218,1
counts_by_cpc.C04B2235/3225,1
counts_by_cpc.C04B2235/3284,1
counts_by_cpc.C04B2235/386,1
counts_by_cpc.C04B2235/3865,1
counts_by_cpc.C04B2235/404,1
counts_by_cpc.C04B2235/42,1
counts_by_cpc.C04B2235/425,1
counts_by_cpc.C04B2235/483,1
counts_by_cpc.C04B2235/5244,1
counts_by_cpc.C04B2235/5248,2
counts_by_cpc.C04B2235/5252,1
counts_by_cpc.C04B2235/528,2
counts_by_cpc.C04B2235/5292,1
counts_by_cpc.C04B2235/5436,2
counts_by_cpc.C04B2235/5445,1
counts_by_cpc.C04B2235/5454,1
counts_by_cpc.C04B2235/5472,1
counts_by_cpc.C04B2235/614,1
counts_by_cpc.C04B2235/616,1
counts_by_cpc.C04B2235/656,1
counts_by_cpc.C04B2235/658,1
counts_by_cpc.C04B2235/764,1
counts_by_cpc.C04B2235/77,1
counts_by_cpc.C04B2235/786,1
counts_by_cpc.C04B2235/9646,1
counts_by_cpc.C04B2235/9653,1
counts_by_cpc.C04B2235/9684,1
counts_by_cpc.C04B2237/343,1
counts_by_cpc.C04B24/2676,1
counts_by_cpc.C04B26/26,1
counts_by_cpc.C04B28/001,2
counts_by_cpc.C04B28/02,2
counts_by_cpc.C04B28/04,1
counts_by_cpc.C04B28/065,1
counts_by_cpc.C04B28/188,2
counts_by_cpc.C04B28/26,1
counts_by_cpc.C04B32/02,1
counts_by_cpc.C04B35/10,3
counts_by_cpc.C04B35/1115,1
counts_by_cpc.C04B35/115,1
counts_by_cpc.C04B35/2675,1
counts_by_cpc.C04B35/524,1
counts_by_cpc.C04B35/5603,1
counts_by_cpc.C04B35/62281,1
counts_by_cpc.C04B35/626,1
counts_by_cpc.C04B35/62873,1
counts_by_cpc.C04B35/62884,1
counts_by_cpc.C04B35/62886,1
counts_by_cpc.C04B35/62892,1
counts_by_cpc.C04B35/63,1
counts_by_cpc.C04B35/64,3
counts_by_cpc.C04B35/80,1
counts_by_cpc.C04B35/83,2
counts_by_cpc.C04B38/007,1
counts_by_cpc.C04B38/02,1
counts_by_cpc.C04B38/10,2
counts_by_cpc.C04B38/106,1
counts_by_cpc.C04B40/0046,1
counts_by_cpc.C04B40/02,2
counts_by_cpc.C04B41/0072,1
counts_by_cpc.C04B41/009,2
counts_by_cpc.C04B41/4511,1
counts_by_cpc.C04B41/4543,1
counts_by_cpc.C04B41/455,1
counts_by_cpc.C04B41/4578,1
counts_by_cpc.C04B41/4873,1
counts_by_cpc.C04B41/5022,1
counts_by_cpc.C04B41/5035,1
counts_by_cpc.C04B41/522,1
counts_by_cpc.C04B41/53,1
counts_by_cpc.C04B41/5323,1
counts_by_cpc.C04B41/533,1
counts_by_cpc.C04B41/63,1
counts_by_cpc.C04B41/71,1
counts_by_cpc.C04B41/72,1
counts_by_cpc.C04B41/87,1
counts_by_cpc.C04B7/12,1
counts_by_cpc.C05B1/02,1
counts_by_cpc.C05B17/00,1
counts_by_cpc.C05B7/00,1
counts_by_cpc.C05C5/00,1
counts_by_cpc.C05C9/00,1
counts_by_cpc.C05D9/00,2
counts_by_cpc.C05D9/02,1
counts_by_cpc.C05F11/00,4
counts_by_cpc.C05F11/02,1
counts_by_cpc.C05F11/08,1
counts_by_cpc.C05F17/20,1
counts_by_cpc.C05F17/957,1
counts_by_cpc.C05F17/964,1
counts_by_cpc.C05F17/971,1
counts_by_cpc.C05F3/00,8
counts_by_cpc.C05F9/00,2
counts_by_cpc.C05F9/02,2
counts_by_cpc.C05G3/60,1
counts_by_cpc.C05G3/80,1
counts_by_cpc.C05G5/12,1
counts_by_cpc.C05G5/14,1
counts_by_cpc.C05G5/23,2
counts_by_cpc.C05G5/35,1
counts_by_cpc.C05G5/40,1
counts_by_cpc.C06B31/30,1
counts_by_cpc.C06D5/00,1
counts_by_cpc.C07B2200/05,3
counts_by_cpc.C07B2200/07,1
counts_by_cpc.C07B2200/13,1
counts_by_cpc.C07B59/002,1
counts_by_cpc.C07B63/00,1
counts_by_cpc.C07C11/24,1
counts_by_cpc.C07C2/78,1
counts_by_cpc.C07C201/12,1
counts_by_cpc.C07C209/36,1
counts_by_cpc.C07C209/86,1
counts_by_cpc.C07C211/61,1
counts_by_cpc.C07C211/63,1
counts_by_cpc.C07C229/32,1
counts_by_cpc.C07C233/78,1
counts_by_cpc.C07C235/06,1
counts_by_cpc.C07C2601/02,1
counts_by_cpc.C07C2601/04,1
counts_by_cpc.C07C2601/08,1
counts_by_cpc.C07C2601/14,1
counts_by_cpc.C07C2602/06,1
counts_by_cpc.C07C2603/10,1
counts_by_cpc.C07C2603/18,1
counts_by_cpc.C07C2603/26,1
counts_by_cpc.C07C263/10,1
counts_by_cpc.C07C263/20,1
counts_by_cpc.C07C29/153,1
counts_by_cpc.C07C29/172,1
counts_by_cpc.C07C29/34,1
counts_by_cpc.C07C29/64,1
counts_by_cpc.C07C29/74,1
counts_by_cpc.C07C311/55,1
counts_by_cpc.C07C323/03,1
counts_by_cpc.C07C37/18,1
counts_by_cpc.C07C381/10,1
counts_by_cpc.C07C45/50,1
counts_by_cpc.C07C47/02,1
counts_by_cpc.C07C51/12,1
counts_by_cpc.C07C51/43,1
counts_by_cpc.C07C51/44,1
counts_by_cpc.C07D207/12,1
counts_by_cpc.C07D207/34,1
counts_by_cpc.C07D209/08,1
counts_by_cpc.C07D209/30,1
counts_by_cpc.C07D209/48,1
counts_by_cpc.C07D211/58,2
counts_by_cpc.C07D213/77,1
counts_by_cpc.C07D233/88,1
counts_by_cpc.C07D235/02,1
counts_by_cpc.C07D241/04,1
counts_by_cpc.C07D249/12,1
counts_by_cpc.C07D253/08,1
counts_by_cpc.C07D271/06,1
counts_by_cpc.C07D295/084,1
counts_by_cpc.C07D295/125,1
counts_by_cpc.C07D295/13,1
counts_by_cpc.C07D309/14,1
counts_by_cpc.C07D309/32,1
counts_by_cpc.C07D311/80,1
counts_by_cpc.C07D335/02,1
counts_by_cpc.C07D401/04,2
counts_by_cpc.C07D401/12,4
counts_by_cpc.C07D401/14,5
counts_by_cpc.C07D403/04,1
counts_by_cpc.C07D403/06,1
counts_by_cpc.C07D403/12,5
counts_by_cpc.C07D405/12,2
counts_by_cpc.C07D405/14,4
counts_by_cpc.C07D409/12,1
counts_by_cpc.C07D409/14,3
counts_by_cpc.C07D413/04,1
counts_by_cpc.C07D413/14,2
counts_by_cpc.C07D417/12,1
counts_by_cpc.C07D417/14,3
counts_by_cpc.C07D471/04,5
counts_by_cpc.C07D471/10,2
counts_by_cpc.C07D471/14,1
counts_by_cpc.C07D471/22,2
counts_by_cpc.C07D473/34,1
counts_by_cpc.C07D487/04,5
counts_by_cpc.C07D487/10,2
counts_by_cpc.C07D491/048,2
counts_by_cpc.C07D491/107,2
counts_by_cpc.C07D493/08,1
counts_by_cpc.C07D495/04,1
counts_by_cpc.C07D495/14,1
counts_by_cpc.C07D498/04,1
counts_by_cpc.C07D498/10,2
counts_by_cpc.C07D498/22,1
counts_by_cpc.C07D513/04,1
counts_by_cpc.C07D519/00,3
counts_by_cpc.C07F15/006,1
counts_by_cpc.C07F15/0086,1
counts_by_cpc.C07F15/0093,1
counts_by_cpc.C07F17/02,1
counts_by_cpc.C07F19/005,2
counts_by_cpc.C07F3/06,1
counts_by_cpc.C07F5/027,2
counts_by_cpc.C07F9/222,1
counts_by_cpc.C07F9/304,1
counts_by_cpc.C07G1/00,1
counts_by_cpc.C07H1/00,1
counts_by_cpc.C07H13/08,1
counts_by_cpc.C07H15/203,1
counts_by_cpc.C07H15/26,1
counts_by_cpc.C07H21/00,1
counts_by_cpc.C07H21/02,1
counts_by_cpc.C07H21/04,1
counts_by_cpc.C07K1/00,1
counts_by_cpc.C07K1/1075,1
counts_by_cpc.C07K1/18,1
counts_by_cpc.C07K1/22,1
counts_by_cpc.C07K1/34,1
counts_by_cpc.C07K1/36,1
counts_by_cpc.C07K14/005,6
counts_by_cpc.C07K14/1825,1
counts_by_cpc.C07K14/195,2
counts_by_cpc.C07K14/21,1
counts_by_cpc.C07K14/245,1
counts_by_cpc.C07K14/27,1
counts_by_cpc.C07K14/32,1
counts_by_cpc.C07K14/325,1
counts_by_cpc.C07K14/34,1
counts_by_cpc.C07K14/415,2
counts_by_cpc.C07K14/43518,1
counts_by_cpc.C07K14/47,1
counts_by_cpc.C07K14/4702,1
counts_by_cpc.C07K14/4741,1
counts_by_cpc.C07K14/501,1
counts_by_cpc.C07K14/54,1
counts_by_cpc.C07K14/5418,1
counts_by_cpc.C07K14/5443,1
counts_by_cpc.C07K14/55,2
counts_by_cpc.C07K14/705,1
counts_by_cpc.C07K14/7051,5
counts_by_cpc.C07K14/70514,1
counts_by_cpc.C07K14/70517,3
counts_by_cpc.C07K14/70521,4
counts_by_cpc.C07K14/70532,1
counts_by_cpc.C07K14/70546,1
counts_by_cpc.C07K14/70557,1
counts_by_cpc.C07K14/70575,1
counts_by_cpc.C07K14/70578,2
counts_by_cpc.C07K14/70589,1
counts_by_cpc.C07K14/71,1
counts_by_cpc.C07K14/7151,1
counts_by_cpc.C07K14/7155,1
counts_by_cpc.C07K14/78,1
counts_by_cpc.C07K14/8121,1
counts_by_cpc.C07K16/00,1
counts_by_cpc.C07K16/08,1
counts_by_cpc.C07K16/10,1
counts_by_cpc.C07K16/1002,1
counts_by_cpc.C07K16/1003,1
counts_by_cpc.C07K16/1027,1
counts_by_cpc.C07K16/18,3
counts_by_cpc.C07K16/22,2
counts_by_cpc.C07K16/244,1
counts_by_cpc.C07K16/247,1
counts_by_cpc.C07K16/248,2
counts_by_cpc.C07K16/28,2
counts_by_cpc.C07K16/2803,6
counts_by_cpc.C07K16/2809,2
counts_by_cpc.C07K16/2818,1
counts_by_cpc.C07K16/2827,1
counts_by_cpc.C07K16/2833,1
counts_by_cpc.C07K16/2848,1
counts_by_cpc.C07K16/2851,1
counts_by_cpc.C07K16/2863,3
counts_by_cpc.C07K16/2866,1
counts_by_cpc.C07K16/2878,1
counts_by_cpc.C07K16/2887,2
counts_by_cpc.C07K16/2896,1
counts_by_cpc.C07K16/30,4
counts_by_cpc.C07K16/3061,1
counts_by_cpc.C07K16/3076,1
counts_by_cpc.C07K16/32,3
counts_by_cpc.C07K16/40,1
counts_by_cpc.C07K16/468,1
counts_by_cpc.C07K2317/20,1
counts_by_cpc.C07K2317/21,4
counts_by_cpc.C07K2317/24,9
counts_by_cpc.C07K2317/31,4
counts_by_cpc.C07K2317/32,1
counts_by_cpc.C07K2317/33,4
counts_by_cpc.C07K2317/34,4
counts_by_cpc.C07K2317/35,1
counts_by_cpc.C07K2317/52,3
counts_by_cpc.C07K2317/522,1
counts_by_cpc.C07K2317/53,1
counts_by_cpc.C07K2317/54,1
counts_by_cpc.C07K2317/55,4
counts_by_cpc.C07K2317/56,5
counts_by_cpc.C07K2317/565,12
counts_by_cpc.C07K2317/567,1
counts_by_cpc.C07K2317/569,5
counts_by_cpc.C07K2317/622,8
counts_by_cpc.C07K2317/71,3
counts_by_cpc.C07K2317/72,1
counts_by_cpc.C07K2317/73,2
counts_by_cpc.C07K2317/732,1
counts_by_cpc.C07K2317/734,2
counts_by_cpc.C07K2317/74,1
counts_by_cpc.C07K2317/76,8
counts_by_cpc.C07K2317/77,1
counts_by_cpc.C07K2317/92,12
counts_by_cpc.C07K2317/94,2
counts_by_cpc.C07K2318/20,1
counts_by_cpc.C07K2319/00,3
counts_by_cpc.C07K2319/02,2
counts_by_cpc.C07K2319/03,2
counts_by_cpc.C07K2319/09,1
counts_by_cpc.C07K2319/30,5
counts_by_cpc.C07K2319/31,1
counts_by_cpc.C07K2319/33,2
counts_by_cpc.C07K2319/50,1
counts_by_cpc.C07K2319/70,1
counts_by_cpc.C07K4/12,1
counts_by_cpc.C07K7/06,2
counts_by_cpc.C08B30/12,1
counts_by_cpc.C08B37/0009,1
counts_by_cpc.C08B37/0072,1
counts_by_cpc.C08F10/00,2
counts_by_cpc.C08F10/02,1
counts_by_cpc.C08F122/1006,1
counts_by_cpc.C08F122/385,1
counts_by_cpc.C08F136/06,1
counts_by_cpc.C08F14/06,1
counts_by_cpc.C08F14/18,6
counts_by_cpc.C08F2/00,1
counts_by_cpc.C08F2/007,1
counts_by_cpc.C08F2/01,1
counts_by_cpc.C08F2/06,1
counts_by_cpc.C08F2/40,1
counts_by_cpc.C08F2/44,1
counts_by_cpc.C08F2/48,2
counts_by_cpc.C08F20/06,1
counts_by_cpc.C08F20/20,1
counts_by_cpc.C08F20/28,1
counts_by_cpc.C08F210/02,1
counts_by_cpc.C08F212/00,1
counts_by_cpc.C08F214/225,1
counts_by_cpc.C08F214/262,1
counts_by_cpc.C08F216/06,1
counts_by_cpc.C08F220/1804,1
counts_by_cpc.C08F222/102,1
counts_by_cpc.C08F222/20,1
counts_by_cpc.C08F230/06,2
counts_by_cpc.C08F2438/03,1
counts_by_cpc.C08F265/06,1
counts_by_cpc.C08F2800/10,1
counts_by_cpc.C08F2810/00,1
counts_by_cpc.C08F2810/20,1
counts_by_cpc.C08F2810/30,1
counts_by_cpc.C08F2810/50,1
counts_by_cpc.C08F293/005,1
counts_by_cpc.C08F299/024,1
counts_by_cpc.C08F4/02,1
counts_by_cpc.C08F4/52,1
counts_by_cpc.C08F4/6592,1
counts_by_cpc.C08F4/78,1
counts_by_cpc.C08F6/12,1
counts_by_cpc.C08F8/00,1
counts_by_cpc.C08F8/28,1
counts_by_cpc.C08F8/30,1
counts_by_cpc.C08F8/44,1
counts_by_cpc.C08G18/16,1
counts_by_cpc.C08G18/1833,1
counts_by_cpc.C08G18/3206,1
counts_by_cpc.C08G18/482,1
counts_by_cpc.C08G18/4829,1
counts_by_cpc.C08G18/5057,1
counts_by_cpc.C08G18/6611,1
counts_by_cpc.C08G18/7664,1
counts_by_cpc.C08G2110/0025,1
counts_by_cpc.C08G2110/005,1
counts_by_cpc.C08G2650/24,1
counts_by_cpc.C08G2650/58,1
counts_by_cpc.C08G59/226,1
counts_by_cpc.C08G59/3209,1
counts_by_cpc.C08G59/5033,1
counts_by_cpc.C08G61/126,1
counts_by_cpc.C08G63/08,1
counts_by_cpc.C08G63/16,1
counts_by_cpc.C08G63/60,1
counts_by_cpc.C08G65/2654,1
counts_by_cpc.C08G65/2675,1
counts_by_cpc.C08G65/269,1
counts_by_cpc.C08G65/485,1
counts_by_cpc.C08G69/32,1
counts_by_cpc.C08G73/00,2
counts_by_cpc.C08G73/026,1
counts_by_cpc.C08G73/0266,1
counts_by_cpc.C08G73/0627,1
counts_by_cpc.C08G73/065,1
counts_by_cpc.C08G73/1067,1
counts_by_cpc.C08G73/1085,1
counts_by_cpc.C08G75/045,1
counts_by_cpc.C08G77/06,1
counts_by_cpc.C08G77/18,1
counts_by_cpc.C08G77/22,1
counts_by_cpc.C08G77/38,1
counts_by_cpc.C08H1/00,1
counts_by_cpc.C08J11/08,1
counts_by_cpc.C08J11/24,1
counts_by_cpc.C08J2203/10,1
counts_by_cpc.C08J2300/14,1
counts_by_cpc.C08J2301/02,2
counts_by_cpc.C08J2301/12,1
counts_by_cpc.C08J2303/02,1
counts_by_cpc.C08J2305/00,1
counts_by_cpc.C08J2305/08,1
counts_by_cpc.C08J2321/00,1
counts_by_cpc.C08J2321/02,1
counts_by_cpc.C08J2323/12,1
counts_by_cpc.C08J2325/18,1
counts_by_cpc.C08J2327/06,2
counts_by_cpc.C08J2327/16,1
counts_by_cpc.C08J2333/10,1
counts_by_cpc.C08J2333/12,1
counts_by_cpc.C08J2333/14,1
counts_by_cpc.C08J2333/20,1
counts_by_cpc.C08J2333/26,1
counts_by_cpc.C08J2363/00,4
counts_by_cpc.C08J2367/02,2
counts_by_cpc.C08J2367/04,2
counts_by_cpc.C08J2369/00,1
counts_by_cpc.C08J2375/08,1
counts_by_cpc.C08J2377/02,1
counts_by_cpc.C08J2377/06,1
counts_by_cpc.C08J2379/02,1
counts_by_cpc.C08J2379/08,2
counts_by_cpc.C08J2395/00,1
counts_by_cpc.C08J2423/12,1
counts_by_cpc.C08J2423/28,1
counts_by_cpc.C08J2425/10,1
counts_by_cpc.C08J2429/04,1
counts_by_cpc.C08J2463/00,1
counts_by_cpc.C08J2497/02,1
counts_by_cpc.C08J3/03,1
counts_by_cpc.C08J3/075,2
counts_by_cpc.C08J3/09,1
counts_by_cpc.C08J3/203,1
counts_by_cpc.C08J3/24,1
counts_by_cpc.C08J3/246,1
counts_by_cpc.C08J5/00,1
counts_by_cpc.C08J5/04,1
counts_by_cpc.C08J5/042,1
counts_by_cpc.C08J5/043,2
counts_by_cpc.C08J5/08,1
counts_by_cpc.C08J5/10,1
counts_by_cpc.C08J5/12,1
counts_by_cpc.C08J5/18,7
counts_by_cpc.C08J5/2275,1
counts_by_cpc.C08J5/243,1
counts_by_cpc.C08J5/244,2
counts_by_cpc.C08J7/04,1
counts_by_cpc.C08J7/042,1
counts_by_cpc.C08J7/0427,1
counts_by_cpc.C08J9/0004,1
counts_by_cpc.C08J9/125,2
counts_by_cpc.C08K2003/085,1
counts_by_cpc.C08K2003/221,1
counts_by_cpc.C08K2003/222,1
counts_by_cpc.C08K2003/2227,1
counts_by_cpc.C08K2003/2248,1
counts_by_cpc.C08K2003/2296,1
counts_by_cpc.C08K2003/262,1
counts_by_cpc.C08K2003/265,1
counts_by_cpc.C08K2003/324,1
counts_by_cpc.C08K2201/005,1
counts_by_cpc.C08K2201/01,1
counts_by_cpc.C08K2201/014,1
counts_by_cpc.C08K3/013,1
counts_by_cpc.C08K3/04,8
counts_by_cpc.C08K3/08,1
counts_by_cpc.C08K3/16,1
counts_by_cpc.C08K3/22,4
counts_by_cpc.C08K3/26,2
counts_by_cpc.C08K3/28,1
counts_by_cpc.C08K3/32,1
counts_by_cpc.C08K3/346,1
counts_by_cpc.C08K3/36,1
counts_by_cpc.C08K3/38,1
counts_by_cpc.C08K3/40,1
counts_by_cpc.C08K5/0016,1
counts_by_cpc.C08K5/0041,1
counts_by_cpc.C08K5/0066,1
counts_by_cpc.C08K5/098,1
counts_by_cpc.C08K5/11,1
counts_by_cpc.C08K5/14,1
counts_by_cpc.C08K5/3462,1
counts_by_cpc.C08K5/3465,1
counts_by_cpc.C08K5/372,1
counts_by_cpc.C08K5/47,1
counts_by_cpc.C08K5/523,1
counts_by_cpc.C08K7/02,1
counts_by_cpc.C08K7/14,2
counts_by_cpc.C08K7/18,1
counts_by_cpc.C08K9/02,1
counts_by_cpc.C08K9/12,1
counts_by_cpc.C08L1/02,1
counts_by_cpc.C08L1/12,1
counts_by_cpc.C08L1/284,1
counts_by_cpc.C08L101/00,2
counts_by_cpc.C08L21/00,2
counts_by_cpc.C08L2201/06,2
counts_by_cpc.C08L2201/08,1
counts_by_cpc.C08L2201/10,1
counts_by_cpc.C08L2203/16,1
counts_by_cpc.C08L2203/20,1
counts_by_cpc.C08L2203/30,1
counts_by_cpc.C08L2205/025,2
counts_by_cpc.C08L2205/03,2
counts_by_cpc.C08L2205/035,1
counts_by_cpc.C08L2205/16,1
counts_by_cpc.C08L23/00,1
counts_by_cpc.C08L23/0892,1
counts_by_cpc.C08L23/12,1
counts_by_cpc.C08L23/16,1
counts_by_cpc.C08L25/12,1
counts_by_cpc.C08L2666/02,2
counts_by_cpc.C08L27/06,3
counts_by_cpc.C08L27/12,1
counts_by_cpc.C08L27/18,1
counts_by_cpc.C08L27/20,1
counts_by_cpc.C08L3/02,1
counts_by_cpc.C08L33/066,1
counts_by_cpc.C08L33/12,1
counts_by_cpc.C08L33/14,1
counts_by_cpc.C08L33/26,1
counts_by_cpc.C08L5/00,1
counts_by_cpc.C08L5/08,2
counts_by_cpc.C08L51/04,1
counts_by_cpc.C08L55/02,1
counts_by_cpc.C08L63/00,1
counts_by_cpc.C08L67/02,1
counts_by_cpc.C08L67/04,1
counts_by_cpc.C08L69/00,1
counts_by_cpc.C08L7/00,1
counts_by_cpc.C08L7/02,1
counts_by_cpc.C08L71/02,7
counts_by_cpc.C08L71/126,1
counts_by_cpc.C08L77/02,1
counts_by_cpc.C08L77/06,1
counts_by_cpc.C08L83/04,2
counts_by_cpc.C08L89/00,1
counts_by_cpc.C08L89/04,1
counts_by_cpc.C08L9/00,2
counts_by_cpc.C08L95/00,1
counts_by_cpc.C09B23/0066,1
counts_by_cpc.C09B67/0066,1
counts_by_cpc.C09B67/009,1
counts_by_cpc.C09B69/06,1
counts_by_cpc.C09C1/0078,1
counts_by_cpc.C09C1/482,1
counts_by_cpc.C09C1/50,2
counts_by_cpc.C09C1/56,1
counts_by_cpc.C09D101/02,2
counts_by_cpc.C09D11/033,1
counts_by_cpc.C09D11/037,3
counts_by_cpc.C09D11/102,1
counts_by_cpc.C09D11/17,1
counts_by_cpc.C09D11/18,1
counts_by_cpc.C09D11/322,1
counts_by_cpc.C09D11/52,1
counts_by_cpc.C09D123/0853,1
counts_by_cpc.C09D123/12,1
counts_by_cpc.C09D127/14,1
counts_by_cpc.C09D127/18,6
counts_by_cpc.C09D133/04,1
counts_by_cpc.C09D133/16,1
counts_by_cpc.C09D135/02,1
counts_by_cpc.C09D163/00,2
counts_by_cpc.C09D167/00,1
counts_by_cpc.C09D17/003,1
counts_by_cpc.C09D171/02,1
counts_by_cpc.C09D183/08,1
counts_by_cpc.C09D183/16,1
counts_by_cpc.C09D191/06,1
counts_by_cpc.C09D4/00,2
counts_by_cpc.C09D5/00,2
counts_by_cpc.C09D5/14,1
counts_by_cpc.C09D5/16,1
counts_by_cpc.C09D5/18,1
counts_by_cpc.C09D5/24,1
counts_by_cpc.C09D7/20,1
counts_by_cpc.C09D7/43,1
counts_by_cpc.C09D7/61,2
counts_by_cpc.C09D7/62,3
counts_by_cpc.C09D7/63,3
counts_by_cpc.C09D7/65,3
counts_by_cpc.C09D7/67,2
counts_by_cpc.C09D7/68,2
counts_by_cpc.C09D7/69,3
counts_by_cpc.C09D7/70,1
counts_by_cpc.C09D9/005,1
counts_by_cpc.C09J133/08,2
counts_by_cpc.C09J151/08,1
counts_by_cpc.C09J153/02,3
counts_by_cpc.C09J163/00,1
counts_by_cpc.C09J171/00,1
counts_by_cpc.C09J175/06,1
counts_by_cpc.C09J179/02,1
counts_by_cpc.C09J179/08,1
counts_by_cpc.C09J2201/28,2
counts_by_cpc.C09J2201/606,1
counts_by_cpc.C09J2201/622,2
counts_by_cpc.C09J2201/626,2
counts_by_cpc.C09J2203/346,1
counts_by_cpc.C09J2203/37,7
counts_by_cpc.C09J2301/122,3
counts_by_cpc.C09J2301/124,20
counts_by_cpc.C09J2301/162,3
counts_by_cpc.C09J2301/18,6
counts_by_cpc.C09J2301/204,10
counts_by_cpc.C09J2301/206,1
counts_by_cpc.C09J2301/208,3
counts_by_cpc.C09J2301/302,10
counts_by_cpc.C09J2301/308,56
counts_by_cpc.C09J2301/31,17
counts_by_cpc.C09J2301/312,9
counts_by_cpc.C09J2301/40,2
counts_by_cpc.C09J2301/414,1
counts_by_cpc.C09J2301/416,1
counts_by_cpc.C09J2301/502,4
counts_by_cpc.C09J2400/243,6
counts_by_cpc.C09J2400/263,7
counts_by_cpc.C09J2400/283,3
counts_by_cpc.C09J2409/00,2
counts_by_cpc.C09J2409/006,1
counts_by_cpc.C09J2421/00,6
counts_by_cpc.C09J2421/006,1
counts_by_cpc.C09J2423/046,2
counts_by_cpc.C09J2423/106,2
counts_by_cpc.C09J2425/006,7
counts_by_cpc.C09J2433/00,12
counts_by_cpc.C09J2433/006,1
counts_by_cpc.C09J2453/00,10
counts_by_cpc.C09J2453/006,1
counts_by_cpc.C09J2455/006,7
counts_by_cpc.C09J2467/006,9
counts_by_cpc.C09J2469/006,7
counts_by_cpc.C09J2471/006,7
counts_by_cpc.C09J2475/00,8
counts_by_cpc.C09J2475/005,1
counts_by_cpc.C09J2477/006,8
counts_by_cpc.C09J2483/00,7
counts_by_cpc.C09J4/00,1
counts_by_cpc.C09J5/00,13
counts_by_cpc.C09J5/04,2
counts_by_cpc.C09J5/06,2
counts_by_cpc.C09J7/00,18
counts_by_cpc.C09J7/02,1
counts_by_cpc.C09J7/045,3
counts_by_cpc.C09J7/10,6
counts_by_cpc.C09J7/20,44
counts_by_cpc.C09J7/203,2
counts_by_cpc.C09J7/21,19
counts_by_cpc.C09J7/22,33
counts_by_cpc.C09J7/24,7
counts_by_cpc.C09J7/243,2
counts_by_cpc.C09J7/245,1
counts_by_cpc.C09J7/255,1
counts_by_cpc.C09J7/26,5
counts_by_cpc.C09J7/28,3
counts_by_cpc.C09J7/29,8
counts_by_cpc.C09J7/30,6
counts_by_cpc.C09J7/38,13
counts_by_cpc.C09J7/381,2
counts_by_cpc.C09J7/383,2
counts_by_cpc.C09J7/385,2
counts_by_cpc.C09J7/403,2
counts_by_cpc.C09K11/06,4
counts_by_cpc.C09K11/0883,1
counts_by_cpc.C09K11/621,1
counts_by_cpc.C09K11/641,1
counts_by_cpc.C09K11/65,1
counts_by_cpc.C09K11/661,1
counts_by_cpc.C09K11/7787,1
counts_by_cpc.C09K11/883,2
counts_by_cpc.C09K11/892,1
counts_by_cpc.C09K13/00,1
counts_by_cpc.C09K13/04,1
counts_by_cpc.C09K13/06,1
counts_by_cpc.C09K17/04,1
counts_by_cpc.C09K17/14,1
counts_by_cpc.C09K17/16,1
counts_by_cpc.C09K17/48,1
counts_by_cpc.C09K17/50,1
counts_by_cpc.C09K21/02,2
counts_by_cpc.C09K2208/10,2
counts_by_cpc.C09K2211/1007,1
counts_by_cpc.C09K2211/1011,1
counts_by_cpc.C09K2211/1014,1
counts_by_cpc.C09K2211/1018,2
counts_by_cpc.C09K23/00,1
counts_by_cpc.C09K3/1409,1
counts_by_cpc.C09K3/1481,1
counts_by_cpc.C09K8/203,1
counts_by_cpc.C09K8/28,1
counts_by_cpc.C09K8/38,1
counts_by_cpc.C09K8/426,1
counts_by_cpc.C09K8/46,1
counts_by_cpc.C09K8/582,1
counts_by_cpc.C09K8/588,1
counts_by_cpc.C09K8/685,1
counts_by_cpc.C09K8/725,2
counts_by_cpc.C10B33/02,1
counts_by_cpc.C10B53/00,1
counts_by_cpc.C10B55/00,1
counts_by_cpc.C10B55/10,1
counts_by_cpc.C10B57/005,1
counts_by_cpc.C10B7/00,1
counts_by_cpc.C10B7/02,1
counts_by_cpc.C10B7/10,1
counts_by_cpc.C10G1/10,1
counts_by_cpc.C10G11/05,1
counts_by_cpc.C10G19/02,1
counts_by_cpc.C10G2300/1003,2
counts_by_cpc.C10G2300/1044,1
counts_by_cpc.C10G2300/202,1
counts_by_cpc.C10G2300/301,1
counts_by_cpc.C10G2400/02,1
counts_by_cpc.C10G2400/20,2
counts_by_cpc.C10G2400/22,1
counts_by_cpc.C10G2400/30,1
counts_by_cpc.C10G9/00,1
counts_by_cpc.C10J2200/09,1
counts_by_cpc.C10J2200/158,1
counts_by_cpc.C10J3/16,1
counts_by_cpc.C10L1/04,1
counts_by_cpc.C10L2200/0286,1
counts_by_cpc.C10L2200/0469,1
counts_by_cpc.C10L2290/543,1
counts_by_cpc.C10L2290/58,1
counts_by_cpc.C10L3/00,1
counts_by_cpc.C10M107/02,1
counts_by_cpc.C10M113/08,1
counts_by_cpc.C10M125/22,1
counts_by_cpc.C10M125/26,1
counts_by_cpc.C10M171/06,1
counts_by_cpc.C10M2209/1016,1
counts_by_cpc.C10M2209/1036,1
counts_by_cpc.C10M2213/0606,1
counts_by_cpc.C10M2213/0623,1
counts_by_cpc.C10M2221/04,1
counts_by_cpc.C10N2010/02,1
counts_by_cpc.C10N2010/04,1
counts_by_cpc.C10N2010/12,1
counts_by_cpc.C10N2020/02,1
counts_by_cpc.C10N2020/04,1
counts_by_cpc.C10N2020/06,1
counts_by_cpc.C10N2030/06,2
counts_by_cpc.C10N2030/40,2
counts_by_cpc.C10N2040/02,1
counts_by_cpc.C10N2050/14,1
counts_by_cpc.C10N2080/00,1
counts_by_cpc.C11B13/00,1
counts_by_cpc.C11B3/001,1
counts_by_cpc.C11B3/008,1
counts_by_cpc.C11B3/04,1
counts_by_cpc.C11C1/04,1
counts_by_cpc.C11D1/00,1
counts_by_cpc.C11D1/04,1
counts_by_cpc.C11D1/08,1
counts_by_cpc.C11D1/62,1
counts_by_cpc.C11D11/0088,1
counts_by_cpc.C11D13/14,1
counts_by_cpc.C11D13/16,11
counts_by_cpc.C11D13/28,1
counts_by_cpc.C11D17/0039,2
counts_by_cpc.C11D2111/12,3
counts_by_cpc.C11D2111/14,2
counts_by_cpc.C11D2111/16,2
counts_by_cpc.C11D2111/18,1
counts_by_cpc.C11D3/0015,1
counts_by_cpc.C11D3/0073,1
counts_by_cpc.C11D3/044,2
counts_by_cpc.C11D3/046,1
counts_by_cpc.C11D3/10,1
counts_by_cpc.C11D3/122,1
counts_by_cpc.C11D3/2096,1
counts_by_cpc.C11D3/223,1
counts_by_cpc.C11D3/30,1
counts_by_cpc.C11D3/33,2
counts_by_cpc.C11D3/365,1
counts_by_cpc.C11D3/3723,1
counts_by_cpc.C11D3/3749,1
counts_by_cpc.C11D3/3757,2
counts_by_cpc.C11D3/386,1
counts_by_cpc.C11D3/38672,1
counts_by_cpc.C11D3/39,1
counts_by_cpc.C11D3/3945,1
counts_by_cpc.C11D3/395,1
counts_by_cpc.C11D3/3955,1
counts_by_cpc.C11D3/50,1
counts_by_cpc.C11D7/06,1
counts_by_cpc.C11D7/265,1
counts_by_cpc.C11D7/3245,1
counts_by_cpc.C11D9/225,1
counts_by_cpc.C11D9/442,1
counts_by_cpc.C12G3/00,1
counts_by_cpc.C12G3/06,1
counts_by_cpc.C12M21/00,1
counts_by_cpc.C12M21/02,1
counts_by_cpc.C12M21/06,2
counts_by_cpc.C12M21/10,3
counts_by_cpc.C12M23/04,1
counts_by_cpc.C12M23/10,1
counts_by_cpc.C12M23/12,3
counts_by_cpc.C12M23/16,1
counts_by_cpc.C12M23/22,1
counts_by_cpc.C12M23/38,1
counts_by_cpc.C12M23/40,1
counts_by_cpc.C12M23/42,2
counts_by_cpc.C12M23/46,1
counts_by_cpc.C12M23/48,4
counts_by_cpc.C12M23/50,4
counts_by_cpc.C12M25/04,1
counts_by_cpc.C12M27/10,1
counts_by_cpc.C12M29/00,1
counts_by_cpc.C12M29/04,3
counts_by_cpc.C12M29/06,2
counts_by_cpc.C12M29/10,1
counts_by_cpc.C12M29/26,1
counts_by_cpc.C12M33/00,1
counts_by_cpc.C12M33/04,2
counts_by_cpc.C12M33/06,2
counts_by_cpc.C12M35/02,1
counts_by_cpc.C12M37/00,2
counts_by_cpc.C12M37/02,1
counts_by_cpc.C12M37/04,1
counts_by_cpc.C12M41/14,1
counts_by_cpc.C12M41/32,1
counts_by_cpc.C12M41/34,1
counts_by_cpc.C12M41/36,2
counts_by_cpc.C12M41/40,1
counts_by_cpc.C12M41/46,1
counts_by_cpc.C12M41/48,2
counts_by_cpc.C12M45/22,1
counts_by_cpc.C12M47/02,1
counts_by_cpc.C12M47/10,1
counts_by_cpc.C12N1/00,2
counts_by_cpc.C12N1/04,1
counts_by_cpc.C12N1/12,1
counts_by_cpc.C12N1/14,1
counts_by_cpc.C12N1/18,1
counts_by_cpc.C12N1/20,3
counts_by_cpc.C12N1/205,2
counts_by_cpc.C12N1/38,2
counts_by_cpc.C12N13/00,1
counts_by_cpc.C12N15/00,1
counts_by_cpc.C12N15/1013,2
counts_by_cpc.C12N15/102,1
counts_by_cpc.C12N15/1037,1
counts_by_cpc.C12N15/1058,1
counts_by_cpc.C12N15/1065,1
counts_by_cpc.C12N15/1068,1
counts_by_cpc.C12N15/1093,1
counts_by_cpc.C12N15/1096,1
counts_by_cpc.C12N15/11,1
counts_by_cpc.C12N15/113,6
counts_by_cpc.C12N15/1138,1
counts_by_cpc.C12N15/115,1
counts_by_cpc.C12N15/117,1
counts_by_cpc.C12N15/52,1
counts_by_cpc.C12N15/62,2
counts_by_cpc.C12N15/66,1
counts_by_cpc.C12N15/67,1
counts_by_cpc.C12N15/70,1
counts_by_cpc.C12N15/77,2
counts_by_cpc.C12N15/82,10
counts_by_cpc.C12N15/8201,7
counts_by_cpc.C12N15/8205,1
counts_by_cpc.C12N15/8213,1
counts_by_cpc.C12N15/8218,1
counts_by_cpc.C12N15/825,1
counts_by_cpc.C12N15/8257,1
counts_by_cpc.C12N15/8261,1
counts_by_cpc.C12N15/8269,1
counts_by_cpc.C12N15/8275,1
counts_by_cpc.C12N15/8286,2
counts_by_cpc.C12N15/8289,1
counts_by_cpc.C12N15/85,4
counts_by_cpc.C12N15/86,7
counts_by_cpc.C12N15/88,1
counts_by_cpc.C12N15/90,1
counts_by_cpc.C12N15/902,1
counts_by_cpc.C12N15/907,1
counts_by_cpc.C12N2015/8518,1
counts_by_cpc.C12N2310/11,2
counts_by_cpc.C12N2310/12,1
counts_by_cpc.C12N2310/14,2
counts_by_cpc.C12N2310/141,3
counts_by_cpc.C12N2310/16,1
counts_by_cpc.C12N2310/17,1
counts_by_cpc.C12N2310/20,2
counts_by_cpc.C12N2310/315,3
counts_by_cpc.C12N2310/346,1
counts_by_cpc.C12N2310/531,3
counts_by_cpc.C12N2320/31,1
counts_by_cpc.C12N2320/33,2
counts_by_cpc.C12N2500/10,1
counts_by_cpc.C12N2500/30,1
counts_by_cpc.C12N2500/32,1
counts_by_cpc.C12N2500/38,1
counts_by_cpc.C12N2500/44,1
counts_by_cpc.C12N2500/50,1
counts_by_cpc.C12N2500/84,1
counts_by_cpc.C12N2501/05,1
counts_by_cpc.C12N2501/052,1
counts_by_cpc.C12N2501/11,1
counts_by_cpc.C12N2501/15,3
counts_by_cpc.C12N2501/21,1
counts_by_cpc.C12N2501/22,2
counts_by_cpc.C12N2501/23,1
counts_by_cpc.C12N2501/2302,1
counts_by_cpc.C12N2501/2304,1
counts_by_cpc.C12N2501/231,1
counts_by_cpc.C12N2501/2313,1
counts_by_cpc.C12N2501/2315,1
counts_by_cpc.C12N2501/24,1
counts_by_cpc.C12N2501/40,1
counts_by_cpc.C12N2501/41,1
counts_by_cpc.C12N2501/415,1
counts_by_cpc.C12N2501/505,1
counts_by_cpc.C12N2501/73,1
counts_by_cpc.C12N2501/999,1
counts_by_cpc.C12N2502/115,1
counts_by_cpc.C12N2502/30,1
counts_by_cpc.C12N2506/03,1
counts_by_cpc.C12N2506/11,1
counts_by_cpc.C12N2506/115,1
counts_by_cpc.C12N2506/1353,1
counts_by_cpc.C12N2510/00,1
counts_by_cpc.C12N2510/02,1
counts_by_cpc.C12N2513/00,1
counts_by_cpc.C12N2533/52,1
counts_by_cpc.C12N2533/70,1
counts_by_cpc.C12N2533/90,1
counts_by_cpc.C12N2710/16622,1
counts_by_cpc.C12N2710/16633,1
counts_by_cpc.C12N2710/16643,1
counts_by_cpc.C12N2710/16651,1
counts_by_cpc.C12N2710/20034,1
counts_by_cpc.C12N2720/12021,1
counts_by_cpc.C12N2720/12034,1
counts_by_cpc.C12N2720/12064,1
counts_by_cpc.C12N2740/15043,1
counts_by_cpc.C12N2750/14122,1
counts_by_cpc.C12N2750/14143,3
counts_by_cpc.C12N2750/14152,1
counts_by_cpc.C12N2760/18022,1
counts_by_cpc.C12N2760/18023,1
counts_by_cpc.C12N2760/18034,1
counts_by_cpc.C12N2760/18222,1
counts_by_cpc.C12N2760/18223,1
counts_by_cpc.C12N2760/18234,1
counts_by_cpc.C12N2760/18252,1
counts_by_cpc.C12N2760/18534,1
counts_by_cpc.C12N2760/18561,1
counts_by_cpc.C12N2760/18563,1
counts_by_cpc.C12N2760/18571,1
counts_by_cpc.C12N2760/18722,1
counts_by_cpc.C12N2760/18723,1
counts_by_cpc.C12N2760/18734,1
counts_by_cpc.C12N2760/20242,1
counts_by_cpc.C12N2770/20041,1
counts_by_cpc.C12N2770/24234,1
counts_by_cpc.C12N2770/24251,1
counts_by_cpc.C12N2770/24271,1
counts_by_cpc.C12N2795/10221,1
counts_by_cpc.C12N2795/10222,1
counts_by_cpc.C12N2795/10232,1
counts_by_cpc.C12N2795/10271,1
counts_by_cpc.C12N2800/22,1
counts_by_cpc.C12N2800/30,1
counts_by_cpc.C12N2800/70,1
counts_by_cpc.C12N2800/80,1
counts_by_cpc.C12N2800/90,2
counts_by_cpc.C12N2830/008,1
counts_by_cpc.C12N2830/38,1
counts_by_cpc.C12N2830/42,2
counts_by_cpc.C12N2830/50,2
counts_by_cpc.C12N2840/203,2
counts_by_cpc.C12N5/00,1
counts_by_cpc.C12N5/0018,1
counts_by_cpc.C12N5/0025,2
counts_by_cpc.C12N5/0062,1
counts_by_cpc.C12N5/0068,1
counts_by_cpc.C12N5/04,6
counts_by_cpc.C12N5/061,1
counts_by_cpc.C12N5/0622,1
counts_by_cpc.C12N5/0623,1
counts_by_cpc.C12N5/0636,7
counts_by_cpc.C12N5/0638,1
counts_by_cpc.C12N5/0639,1
counts_by_cpc.C12N5/0644,1
counts_by_cpc.C12N5/0645,1
counts_by_cpc.C12N5/0647,1
counts_by_cpc.C12N5/0652,1
counts_by_cpc.C12N5/0655,1
counts_by_cpc.C12N5/0665,1
counts_by_cpc.C12N5/0679,1
counts_by_cpc.C12N5/0693,2
counts_by_cpc.C12N5/0696,1
counts_by_cpc.C12N5/10,1
counts_by_cpc.C12N5/12,1
counts_by_cpc.C12N7/00,8
counts_by_cpc.C12N9/0006,3
counts_by_cpc.C12N9/0008,2
counts_by_cpc.C12N9/001,1
counts_by_cpc.C12N9/0051,1
counts_by_cpc.C12N9/0069,1
counts_by_cpc.C12N9/0071,1
counts_by_cpc.C12N9/0089,1
counts_by_cpc.C12N9/1205,1
counts_by_cpc.C12N9/1247,1
counts_by_cpc.C12N9/1276,1
counts_by_cpc.C12N9/16,1
counts_by_cpc.C12N9/22,4
counts_by_cpc.C12N9/2437,1
counts_by_cpc.C12N9/2474,1
counts_by_cpc.C12N9/2482,1
counts_by_cpc.C12N9/78,1
counts_by_cpc.C12N9/88,2
counts_by_cpc.C12P1/04,1
counts_by_cpc.C12P13/06,1
counts_by_cpc.C12P13/12,1
counts_by_cpc.C12P13/14,1
counts_by_cpc.C12P13/20,1
counts_by_cpc.C12P19/02,2
counts_by_cpc.C12P19/14,1
counts_by_cpc.C12P19/28,1
counts_by_cpc.C12P19/34,2
counts_by_cpc.C12P21/02,1
counts_by_cpc.C12P2203/00,1
counts_by_cpc.C12P33/06,1
counts_by_cpc.C12P5/00,1
counts_by_cpc.C12P5/02,1
counts_by_cpc.C12P7/04,1
counts_by_cpc.C12P7/14,1
counts_by_cpc.C12P7/16,1
counts_by_cpc.C12P7/18,1
counts_by_cpc.C12P7/20,1
counts_by_cpc.C12P7/26,1
counts_by_cpc.C12P7/42,1
counts_by_cpc.C12P7/46,1
counts_by_cpc.C12P7/625,1
counts_by_cpc.C12P7/6409,1
counts_by_cpc.C12Q1/001,1
counts_by_cpc.C12Q1/008,1
counts_by_cpc.C12Q1/02,1
counts_by_cpc.C12Q1/025,1
counts_by_cpc.C12Q1/04,1
counts_by_cpc.C12Q1/32,1
counts_by_cpc.C12Q1/34,18
counts_by_cpc.C12Q1/48,1
counts_by_cpc.C12Q1/58,1
counts_by_cpc.C12Q1/6806,2
counts_by_cpc.C12Q1/6816,1
counts_by_cpc.C12Q1/6825,1
counts_by_cpc.C12Q1/6827,1
counts_by_cpc.C12Q1/6837,2
counts_by_cpc.C12Q1/6841,2
counts_by_cpc.C12Q1/6844,2
counts_by_cpc.C12Q1/6851,2
counts_by_cpc.C12Q1/6853,1
counts_by_cpc.C12Q1/6855,1
counts_by_cpc.C12Q1/686,5
counts_by_cpc.C12Q1/6869,1
counts_by_cpc.C12Q1/6874,4
counts_by_cpc.C12Q1/6883,2
counts_by_cpc.C12Q1/6886,4
counts_by_cpc.C12Q1/689,1
counts_by_cpc.C12Q1/6895,4
counts_by_cpc.C12Q1/6897,2
counts_by_cpc.C12Q1/701,3
counts_by_cpc.C12Q2537/143,1
counts_by_cpc.C12Q2537/157,1
counts_by_cpc.C12Q2563/113,1
counts_by_cpc.C12Q2563/179,1
counts_by_cpc.C12Q2565/102,1
counts_by_cpc.C12Q2565/601,1
counts_by_cpc.C12Q2600/106,1
counts_by_cpc.C12Q2600/112,1
counts_by_cpc.C12Q2600/13,2
counts_by_cpc.C12Q2600/154,2
counts_by_cpc.C12Q2600/156,5
counts_by_cpc.C12Q2600/158,2
counts_by_cpc.C12Q2600/16,3
counts_by_cpc.C12R2001/07,1
counts_by_cpc.C12R2001/15,2
counts_by_cpc.C12R2001/19,1
counts_by_cpc.C12R2001/23,1
counts_by_cpc.C12R2001/41,1
counts_by_cpc.C12R2001/46,1
counts_by_cpc.C12R2001/89,1
counts_by_cpc.C12Y101/01,1
counts_by_cpc.C12Y101/01001,1
counts_by_cpc.C12Y101/01009,1
counts_by_cpc.C12Y101/01027,1
counts_by_cpc.C12Y101/01037,1
counts_by_cpc.C12Y102/05001,1
counts_by_cpc.C12Y103/01006,1
counts_by_cpc.C12Y103/05001,1
counts_by_cpc.C12Y103/05004,1
counts_by_cpc.C12Y108/01009,1
counts_by_cpc.C12Y108/0401,1
counts_by_cpc.C12Y113/12005,1
counts_by_cpc.C12Y114/14,1
counts_by_cpc.C12Y115/01001,1
counts_by_cpc.C12Y204/01018,1
counts_by_cpc.C12Y207/01017,1
counts_by_cpc.C12Y207/07006,1
counts_by_cpc.C12Y207/07049,1
counts_by_cpc.C12Y302/01008,1
counts_by_cpc.C12Y302/01035,1
counts_by_cpc.C12Y302/01091,1
counts_by_cpc.C12Y305/04004,1
counts_by_cpc.C12Y305/04005,1
counts_by_cpc.C12Y401/01001,1
counts_by_cpc.C12Y401/01031,1
counts_by_cpc.C12Y401/01032,1
counts_by_cpc.C13B45/02,1
counts_by_cpc.C14B1/24,1
counts_by_cpc.C14B1/62,1
counts_by_cpc.C14B17/06,4
counts_by_cpc.C14B2700/25,1
counts_by_cpc.C14B5/00,1
counts_by_cpc.C21B11/10,1
counts_by_cpc.C21B13/0006,1
counts_by_cpc.C21B13/0073,2
counts_by_cpc.C21B13/12,1
counts_by_cpc.C21B2300/02,1
counts_by_cpc.C21B2400/03,1
counts_by_cpc.C21C5/005,1
counts_by_cpc.C21C5/32,1
counts_by_cpc.C21C5/441,8
counts_by_cpc.C21C5/443,8
counts_by_cpc.C21C5/4606,1
counts_by_cpc.C21C5/5217,1
counts_by_cpc.C21C5/5241,1
counts_by_cpc.C21C7/064,1
counts_by_cpc.C21C7/0685,1
counts_by_cpc.C21C7/10,1
counts_by_cpc.C21D1/18,1
counts_by_cpc.C21D1/673,2
counts_by_cpc.C21D2211/005,1
counts_by_cpc.C21D2211/008,1
counts_by_cpc.C21D6/004,2
counts_by_cpc.C21D6/005,2
counts_by_cpc.C21D6/008,2
counts_by_cpc.C21D8/0205,1
counts_by_cpc.C21D8/0226,2
counts_by_cpc.C21D8/0236,2
counts_by_cpc.C21D8/0263,1
counts_by_cpc.C21D8/04,1
counts_by_cpc.C21D8/0426,1
counts_by_cpc.C21D8/0436,1
counts_by_cpc.C21D8/0463,1
counts_by_cpc.C21D8/0478,1
counts_by_cpc.C21D8/10,1
counts_by_cpc.C21D9/08,1
counts_by_cpc.C21D9/28,1
counts_by_cpc.C21D9/46,3
counts_by_cpc.C21D9/48,1
counts_by_cpc.C22B1/24,2
counts_by_cpc.C22B21/0053,1
counts_by_cpc.C22B3/065,1
counts_by_cpc.C22B3/42,1
counts_by_cpc.C22B4/02,1
counts_by_cpc.C22B4/04,1
counts_by_cpc.C22B41/00,1
counts_by_cpc.C22B5/02,1
counts_by_cpc.C22B59/00,1
counts_by_cpc.C22B7/007,1
counts_by_cpc.C22C1/04,1
counts_by_cpc.C22C14/00,1
counts_by_cpc.C22C21/00,1
counts_by_cpc.C22C21/16,1
counts_by_cpc.C22C21/18,1
counts_by_cpc.C22C2202/02,1
counts_by_cpc.C22C29/00,1
counts_by_cpc.C22C32/00,1
counts_by_cpc.C22C33/0207,1
counts_by_cpc.C22C33/0285,1
counts_by_cpc.C22C33/04,1
counts_by_cpc.C22C33/06,1
counts_by_cpc.C22C38/001,4
counts_by_cpc.C22C38/002,5
counts_by_cpc.C22C38/004,1
counts_by_cpc.C22C38/005,1
counts_by_cpc.C22C38/008,1
counts_by_cpc.C22C38/02,7
counts_by_cpc.C22C38/04,7
counts_by_cpc.C22C38/06,4
counts_by_cpc.C22C38/105,1
counts_by_cpc.C22C38/12,2
counts_by_cpc.C22C38/14,2
counts_by_cpc.C22C38/22,1
counts_by_cpc.C22C38/24,1
counts_by_cpc.C22C38/42,2
counts_by_cpc.C22C38/44,4
counts_by_cpc.C22C38/46,1
counts_by_cpc.C22C38/48,2
counts_by_cpc.C22C38/50,2
counts_by_cpc.C22C38/54,1
counts_by_cpc.C22C38/58,2
counts_by_cpc.C22C38/60,2
counts_by_cpc.C22F1/002,1
counts_by_cpc.C22F1/04,1
counts_by_cpc.C22F1/057,1
counts_by_cpc.C22F1/183,2
counts_by_cpc.C23C14/021,1
counts_by_cpc.C23C14/042,2
counts_by_cpc.C23C14/08,1
counts_by_cpc.C23C14/081,1
counts_by_cpc.C23C14/082,1
counts_by_cpc.C23C14/12,1
counts_by_cpc.C23C14/185,1
counts_by_cpc.C23C14/24,2
counts_by_cpc.C23C14/34,2
counts_by_cpc.C23C14/3407,1
counts_by_cpc.C23C14/3414,1
counts_by_cpc.C23C14/3471,1
counts_by_cpc.C23C14/35,1
counts_by_cpc.C23C14/50,3
counts_by_cpc.C23C14/54,1
counts_by_cpc.C23C14/56,1
counts_by_cpc.C23C14/568,1
counts_by_cpc.C23C14/5806,1
counts_by_cpc.C23C16/0272,1
counts_by_cpc.C23C16/042,2
counts_by_cpc.C23C16/047,1
counts_by_cpc.C23C16/18,1
counts_by_cpc.C23C16/26,1
counts_by_cpc.C23C16/274,1
counts_by_cpc.C23C16/278,1
counts_by_cpc.C23C16/308,1
counts_by_cpc.C23C16/34,1
counts_by_cpc.C23C16/345,1
counts_by_cpc.C23C16/36,1
counts_by_cpc.C23C16/401,1
counts_by_cpc.C23C16/403,1
counts_by_cpc.C23C16/44,1
counts_by_cpc.C23C16/4404,1
counts_by_cpc.C23C16/4405,2
counts_by_cpc.C23C16/4408,1
counts_by_cpc.C23C16/4412,3
counts_by_cpc.C23C16/45506,1
counts_by_cpc.C23C16/45517,1
counts_by_cpc.C23C16/45519,1
counts_by_cpc.C23C16/45525,1
counts_by_cpc.C23C16/45527,1
counts_by_cpc.C23C16/45536,3
counts_by_cpc.C23C16/45553,3
counts_by_cpc.C23C16/45555,1
counts_by_cpc.C23C16/45574,1
counts_by_cpc.C23C16/45578,2
counts_by_cpc.C23C16/4581,1
counts_by_cpc.C23C16/4583,1
counts_by_cpc.C23C16/4585,2
counts_by_cpc.C23C16/4586,1
counts_by_cpc.C23C16/4587,1
counts_by_cpc.C23C16/463,1
counts_by_cpc.C23C16/466,1
counts_by_cpc.C23C16/505,1
counts_by_cpc.C23C16/513,1
counts_by_cpc.C23C16/52,2
counts_by_cpc.C23C16/56,2
counts_by_cpc.C23C2/06,1
counts_by_cpc.C23C22/76,1
counts_by_cpc.C23C24/10,1
counts_by_cpc.C23C8/12,1
counts_by_cpc.C23F11/08,1
counts_by_cpc.C23F11/12,1
counts_by_cpc.C23F11/173,1
counts_by_cpc.C23F11/18,1
counts_by_cpc.C23F11/187,1
counts_by_cpc.C23G3/021,1
counts_by_cpc.C23G3/025,1
counts_by_cpc.C25B1/02,1
counts_by_cpc.C25B1/04,3
counts_by_cpc.C25B1/265,1
counts_by_cpc.C25B1/34,1
counts_by_cpc.C25B1/55,1
counts_by_cpc.C25B11/054,1
counts_by_cpc.C25B11/065,1
counts_by_cpc.C25B11/081,2
counts_by_cpc.C25B11/085,1
counts_by_cpc.C25B11/087,1
counts_by_cpc.C25B11/089,1
counts_by_cpc.C25B13/08,1
counts_by_cpc.C25B15/02,1
counts_by_cpc.C25B15/08,2
counts_by_cpc.C25B5/00,1
counts_by_cpc.C25B9/23,1
counts_by_cpc.C25B9/65,1
counts_by_cpc.C25B9/67,1
counts_by_cpc.C25B9/73,1
counts_by_cpc.C25C1/02,1
counts_by_cpc.C25C7/06,1
counts_by_cpc.C25D11/16,1
counts_by_cpc.C25D11/246,1
counts_by_cpc.C25D15/00,1
counts_by_cpc.C25D17/001,1
counts_by_cpc.C25D17/06,5
counts_by_cpc.C25D21/10,1
counts_by_cpc.C25D21/12,2
counts_by_cpc.C25D3/04,1
counts_by_cpc.C25D3/08,1
counts_by_cpc.C25D3/10,1
counts_by_cpc.C25D3/12,1
counts_by_cpc.C25D3/38,1
counts_by_cpc.C25D3/44,1
counts_by_cpc.C25D3/48,1
counts_by_cpc.C25D3/665,1
counts_by_cpc.C25D5/02,1
counts_by_cpc.C25D5/34,1
counts_by_cpc.C25D5/50,1
counts_by_cpc.C25D7/04,1
counts_by_cpc.C25D7/0614,1
counts_by_cpc.C25D7/12,1
counts_by_cpc.C25D7/123,1
counts_by_cpc.C25D7/126,1
counts_by_cpc.C30B1/12,1
counts_by_cpc.C30B11/003,1
counts_by_cpc.C30B11/04,1
counts_by_cpc.C30B15/02,1
counts_by_cpc.C30B15/14,1
counts_by_cpc.C30B23/00,1
counts_by_cpc.C30B25/02,1
counts_by_cpc.C30B29/02,1
counts_by_cpc.C30B29/22,1
counts_by_cpc.C30B29/28,2
counts_by_cpc.C30B29/44,1
counts_by_cpc.C30B30/04,1
counts_by_cpc.C30B31/10,1
counts_by_cpc.C30B33/00,1
counts_by_cpc.C30B35/002,1
counts_by_cpc.C30B7/14,1
counts_by_cpc.C30B9/00,1
counts_by_cpc.C40B30/04,1
counts_by_cpc.D01D10/0409,1
counts_by_cpc.D01D5/0023,1
counts_by_cpc.D01D5/0076,1
counts_by_cpc.D01D5/06,1
counts_by_cpc.D01D5/08,1
counts_by_cpc.D01D5/16,1
counts_by_cpc.D01F1/02,1
counts_by_cpc.D01F11/08,1
counts_by_cpc.D01F4/00,1
counts_by_cpc.D01F4/02,1
counts_by_cpc.D01F6/625,1
counts_by_cpc.D01F6/70,1
counts_by_cpc.D01F6/94,1
counts_by_cpc.D01G13/00,1
counts_by_cpc.D01G7/08,1
counts_by_cpc.D02J13/005,1
counts_by_cpc.D03C3/26,1
counts_by_cpc.D03C9/024,1
counts_by_cpc.D03C9/06,1
counts_by_cpc.D03D1/00,2
counts_by_cpc.D03D13/008,2
counts_by_cpc.D03D15/283,2
counts_by_cpc.D03D15/50,1
counts_by_cpc.D03D15/573,1
counts_by_cpc.D03D39/02,1
counts_by_cpc.D04H1/587,1
counts_by_cpc.D06C3/06,1
counts_by_cpc.D06F2103/00,1
counts_by_cpc.D06F2103/04,1
counts_by_cpc.D06F2103/06,1
counts_by_cpc.D06F2103/32,1
counts_by_cpc.D06F2103/34,1
counts_by_cpc.D06F2103/40,1
counts_by_cpc.D06F2103/42,1
counts_by_cpc.D06F2103/60,1
counts_by_cpc.D06F2105/28,1
counts_by_cpc.D06F2105/30,1
counts_by_cpc.D06F2105/46,1
counts_by_cpc.D06F2105/52,1
counts_by_cpc.D06F2105/56,1
counts_by_cpc.D06F2105/58,1
counts_by_cpc.D06F23/02,1
counts_by_cpc.D06F25/00,1
counts_by_cpc.D06F33/30,1
counts_by_cpc.D06F33/32,1
counts_by_cpc.D06F33/37,1
counts_by_cpc.D06F33/43,1
counts_by_cpc.D06F33/50,1
counts_by_cpc.D06F34/14,1
counts_by_cpc.D06F34/18,1
counts_by_cpc.D06F34/20,1
counts_by_cpc.D06F34/28,1
counts_by_cpc.D06F37/04,1
counts_by_cpc.D06F37/06,1
counts_by_cpc.D06F37/26,1
counts_by_cpc.D06F37/30,1
counts_by_cpc.D06F37/42,2
counts_by_cpc.D06F39/02,2
counts_by_cpc.D06F39/022,1
counts_by_cpc.D06F39/083,1
counts_by_cpc.D06F39/085,1
counts_by_cpc.D06F39/088,1
counts_by_cpc.D06F39/14,2
counts_by_cpc.D06F55/00,1
counts_by_cpc.D06F57/12,2
counts_by_cpc.D06F58/08,1
counts_by_cpc.D06F58/10,1
counts_by_cpc.D06F58/22,1
counts_by_cpc.D06F58/263,1
counts_by_cpc.D06F58/38,1
counts_by_cpc.D06F58/42,1
counts_by_cpc.D06F58/46,1
counts_by_cpc.D06F89/02,2
counts_by_cpc.D06H1/00,1
counts_by_cpc.D06H3/04,1
counts_by_cpc.D06H3/08,1
counts_by_cpc.D06H7/00,2
counts_by_cpc.D06H7/02,14
counts_by_cpc.D06H7/22,2
counts_by_cpc.D06H7/24,1
counts_by_cpc.D06M11/42,1
counts_by_cpc.D06M13/11,1
counts_by_cpc.D06M13/332,1
counts_by_cpc.D06M15/05,1
counts_by_cpc.D06M2101/06,1
counts_by_cpc.D06M2200/50,1
counts_by_cpc.D06N2201/02,3
counts_by_cpc.D06N2201/042,1
counts_by_cpc.D06N2203/026,1
counts_by_cpc.D06N2205/16,2
counts_by_cpc.D06N2205/20,1
counts_by_cpc.D06N2209/103,1
counts_by_cpc.D06N2211/00,2
counts_by_cpc.D06N2211/08,1
counts_by_cpc.D06N3/0006,2
counts_by_cpc.D06N3/0011,1
counts_by_cpc.D06N3/0036,2
counts_by_cpc.D06N3/0088,1
counts_by_cpc.D06N3/12,1
counts_by_cpc.D06N3/14,2
counts_by_cpc.D06N3/148,1
counts_by_cpc.D06P1/5285,1
counts_by_cpc.D06P3/52,2
counts_by_cpc.D06P5/005,2
counts_by_cpc.D10B2201/02,1
counts_by_cpc.D10B2211/01,1
counts_by_cpc.D10B2211/04,1
counts_by_cpc.D10B2331/04,2
counts_by_cpc.D10B2401/02,1
counts_by_cpc.D10B2401/06,1
counts_by_cpc.D10B2403/0112,1
counts_by_cpc.D10B2505/12,1
counts_by_cpc.D10B2507/04,1
counts_by_cpc.D10B2509/026,1
counts_by_cpc.D21B1/347,1
counts_by_cpc.D21C1/02,1
counts_by_cpc.D21C11/0007,1
counts_by_cpc.D21C3/06,1
counts_by_cpc.D21C3/20,1
counts_by_cpc.D21C3/22,1
counts_by_cpc.D21C3/222,1
counts_by_cpc.D21C9/1026,1
counts_by_cpc.D21C9/1036,1
counts_by_cpc.D21C9/18,1
counts_by_cpc.D21F11/006,1
counts_by_cpc.D21F11/04,1
counts_by_cpc.D21F7/008,1
counts_by_cpc.D21F7/06,1
counts_by_cpc.D21F9/02,1
counts_by_cpc.D21G1/006,1
counts_by_cpc.D21G1/0253,1
counts_by_cpc.D21G9/0009,1
counts_by_cpc.D21G9/0027,1
counts_by_cpc.D21G9/0036,1
counts_by_cpc.D21G9/0045,1
counts_by_cpc.D21H11/18,1
counts_by_cpc.D21H17/06,1
counts_by_cpc.D21H17/07,1
counts_by_cpc.D21H17/56,1
counts_by_cpc.D21H27/002,1
counts_by_cpc.D21H27/02,1
counts_by_cpc.D21J3/00,1
counts_by_cpc.D21J7/00,1
counts_by_cpc.E01B23/10,4
counts_by_cpc.E01B25/28,1
counts_by_cpc.E01C19/004,2
counts_by_cpc.E01C19/008,1
counts_by_cpc.E01C19/1063,1
counts_by_cpc.E01C19/2015,3
counts_by_cpc.E01C19/22,1
counts_by_cpc.E01C19/288,2
counts_by_cpc.E01C19/48,1
counts_by_cpc.E01C19/4893,1
counts_by_cpc.E01C19/52,4
counts_by_cpc.E01C19/524,59
counts_by_cpc.E01C19/526,5
counts_by_cpc.E01C19/528,4
counts_by_cpc.E01C2019/209,3
counts_by_cpc.E01C23/01,2
counts_by_cpc.E01C23/06,16
counts_by_cpc.E01C23/088,1
counts_by_cpc.E01C23/0926,16
counts_by_cpc.E01C23/127,2
counts_by_cpc.E01C2301/00,2
counts_by_cpc.E01C2301/16,1
counts_by_cpc.E01C5/06,1
counts_by_cpc.E01C7/147,16
counts_by_cpc.E01D1/005,5
counts_by_cpc.E01D15/20,1
counts_by_cpc.E01F9/61,4
counts_by_cpc.E01F9/675,4
counts_by_cpc.E01H1/00,1
counts_by_cpc.E01H1/1206,2
counts_by_cpc.E01H5/06,1
counts_by_cpc.E01H5/098,1
counts_by_cpc.E02B17/027,1
counts_by_cpc.E02B2017/0043,1
counts_by_cpc.E02B2017/0065,1
counts_by_cpc.E02B3/062,1
counts_by_cpc.E02B3/121,1
counts_by_cpc.E02B8/026,1
counts_by_cpc.E02B8/085,1
counts_by_cpc.E02D13/04,1
counts_by_cpc.E02D2250/003,1
counts_by_cpc.E02D2600/20,1
counts_by_cpc.E02D2600/40,1
counts_by_cpc.E02D27/525,1
counts_by_cpc.E02D29/12,1
counts_by_cpc.E02D3/026,1
counts_by_cpc.E02D35/005,1
counts_by_cpc.E02D5/24,1
counts_by_cpc.E02D5/52,1
counts_by_cpc.E02D5/80,1
counts_by_cpc.E02F3/02,1
counts_by_cpc.E02F3/245,1
counts_by_cpc.E02F3/248,1
counts_by_cpc.E02F3/32,3
counts_by_cpc.E02F3/3414,1
counts_by_cpc.E02F3/3609,1
counts_by_cpc.E02F3/3663,1
counts_by_cpc.E02F3/3681,1
counts_by_cpc.E02F3/4136,1
counts_by_cpc.E02F3/425,1
counts_by_cpc.E02F3/431,1
counts_by_cpc.E02F3/434,1
counts_by_cpc.E02F3/435,2
counts_by_cpc.E02F3/8152,1
counts_by_cpc.E02F3/967,2
counts_by_cpc.E02F9/123,1
counts_by_cpc.E02F9/163,1
counts_by_cpc.E02F9/18,1
counts_by_cpc.E02F9/20,11
counts_by_cpc.E02F9/2004,1
counts_by_cpc.E02F9/2033,1
counts_by_cpc.E02F9/2037,1
counts_by_cpc.E02F9/205,1
counts_by_cpc.E02F9/2054,11
counts_by_cpc.E02F9/2228,3
counts_by_cpc.E02F9/2246,1
counts_by_cpc.E02F9/225,2
counts_by_cpc.E02F9/2267,1
counts_by_cpc.E02F9/2271,1
counts_by_cpc.E02F9/2278,1
counts_by_cpc.E02F9/2285,1
counts_by_cpc.E02F9/2289,1
counts_by_cpc.E02F9/2292,2
counts_by_cpc.E02F9/24,11
counts_by_cpc.E02F9/26,11
counts_by_cpc.E02F9/261,2
counts_by_cpc.E02F9/264,2
counts_by_cpc.E02F9/265,2
counts_by_cpc.E02F9/2808,1
counts_by_cpc.E02F9/2816,1
counts_by_cpc.E02F9/2825,2
counts_by_cpc.E02F9/2833,2
counts_by_cpc.E02F9/2858,1
counts_by_cpc.E03C1/04,1
counts_by_cpc.E03C1/0402,1
counts_by_cpc.E03C1/0403,1
counts_by_cpc.E03C1/0404,2
counts_by_cpc.E03C1/0465,1
counts_by_cpc.E03C1/06,4
counts_by_cpc.E03C1/18,1
counts_by_cpc.E03C1/186,2
counts_by_cpc.E03C1/302,1
counts_by_cpc.E03C2001/026,1
counts_by_cpc.E03C2001/0415,1
counts_by_cpc.E03D1/34,1
counts_by_cpc.E03D13/005,3
counts_by_cpc.E03D13/007,1
counts_by_cpc.E03D2201/20,1
counts_by_cpc.E03D3/04,1
counts_by_cpc.E03D5/02,1
counts_by_cpc.E03D5/10,1
counts_by_cpc.E03D9/00,1
counts_by_cpc.E03D9/052,1
counts_by_cpc.E03F1/002,1
counts_by_cpc.E04B1/32,6
counts_by_cpc.E04B1/3431,1
counts_by_cpc.E04B1/34384,1
counts_by_cpc.E04B1/3511,1
counts_by_cpc.E04B1/36,2
counts_by_cpc.E04B1/541,1
counts_by_cpc.E04B1/585,1
counts_by_cpc.E04B1/6141,1
counts_by_cpc.E04B1/6154,3
counts_by_cpc.E04B1/7069,2
counts_by_cpc.E04B1/76,1
counts_by_cpc.E04B1/7637,4
counts_by_cpc.E04B1/86,2
counts_by_cpc.E04B1/942,1
counts_by_cpc.E04B1/946,1
counts_by_cpc.E04B2/72,2
counts_by_cpc.E04B2/721,1
counts_by_cpc.E04B2/74,1
counts_by_cpc.E04B2/7403,1
counts_by_cpc.E04B2/7405,1
counts_by_cpc.E04B2/7425,2
counts_by_cpc.E04B2/82,1
counts_by_cpc.E04B2001/3264,5
counts_by_cpc.E04B2001/3276,5
counts_by_cpc.E04B2001/3588,1
counts_by_cpc.E04B2001/5875,1
counts_by_cpc.E04B2001/6195,1
counts_by_cpc.E04B2001/8452,1
counts_by_cpc.E04B2001/8461,1
counts_by_cpc.E04B2002/7487,1
counts_by_cpc.E04B2009/0492,1
counts_by_cpc.E04B2103/04,1
counts_by_cpc.E04B5/12,1
counts_by_cpc.E04B5/19,1
counts_by_cpc.E04B5/32,1
counts_by_cpc.E04B5/326,1
counts_by_cpc.E04B5/43,1
counts_by_cpc.E04B7/14,2
counts_by_cpc.E04B7/20,1
counts_by_cpc.E04B9/04,1
counts_by_cpc.E04B9/303,1
counts_by_cpc.E04C1/395,1
counts_by_cpc.E04C2/044,1
counts_by_cpc.E04C2/06,1
counts_by_cpc.E04C2/12,1
counts_by_cpc.E04C2/14,2
counts_by_cpc.E04C2/328,6
counts_by_cpc.E04C2/36,7
counts_by_cpc.E04C2/365,4
counts_by_cpc.E04C2/38,13
counts_by_cpc.E04C2/384,4
counts_by_cpc.E04C2/40,13
counts_by_cpc.E04C2/405,6
counts_by_cpc.E04C2002/005,1
counts_by_cpc.E04C3/005,5
counts_by_cpc.E04C3/36,2
counts_by_cpc.E04D13/0645,1
counts_by_cpc.E04D13/08,1
counts_by_cpc.E04D2003/065,1
counts_by_cpc.E04D2013/0846,1
counts_by_cpc.E04D2013/0893,1
counts_by_cpc.E04D3/06,1
counts_by_cpc.E04D5/10,1
counts_by_cpc.E04D5/143,1
counts_by_cpc.E04D5/145,1
counts_by_cpc.E04D5/147,1
counts_by_cpc.E04F10/02,1
counts_by_cpc.E04F11/002,2
counts_by_cpc.E04F11/18,1
counts_by_cpc.E04F13/002,1
counts_by_cpc.E04F13/04,6
counts_by_cpc.E04F13/08,30
counts_by_cpc.E04F13/0801,2
counts_by_cpc.E04F13/0803,1
counts_by_cpc.E04F13/081,1
counts_by_cpc.E04F13/0835,2
counts_by_cpc.E04F13/0837,13
counts_by_cpc.E04F13/0839,1
counts_by_cpc.E04F13/0841,1
counts_by_cpc.E04F13/0853,1
counts_by_cpc.E04F13/0866,1
counts_by_cpc.E04F13/0875,1
counts_by_cpc.E04F13/088,1
counts_by_cpc.E04F13/0883,1
counts_by_cpc.E04F13/0889,1
counts_by_cpc.E04F13/0894,28
counts_by_cpc.E04F13/10,26
counts_by_cpc.E04F13/14,1
counts_by_cpc.E04F13/142,1
counts_by_cpc.E04F13/144,2
counts_by_cpc.E04F13/145,3
counts_by_cpc.E04F13/18,3
counts_by_cpc.E04F15/02,27
counts_by_cpc.E04F15/02022,1
counts_by_cpc.E04F15/02033,1
counts_by_cpc.E04F15/02038,37
counts_by_cpc.E04F15/02044,1
counts_by_cpc.E04F15/02494,1
counts_by_cpc.E04F15/04,1
counts_by_cpc.E04F15/042,1
counts_by_cpc.E04F15/045,26
counts_by_cpc.E04F15/08,1
counts_by_cpc.E04F15/087,1
counts_by_cpc.E04F15/102,1
counts_by_cpc.E04F15/105,1
counts_by_cpc.E04F15/107,1
counts_by_cpc.E04F15/18,1
counts_by_cpc.E04F15/182,1
counts_by_cpc.E04F15/185,1
counts_by_cpc.E04F19/02,1
counts_by_cpc.E04F19/026,2
counts_by_cpc.E04F2011/005,1
counts_by_cpc.E04F2011/007,2
counts_by_cpc.E04F21/00,1
counts_by_cpc.E04F21/1888,7
counts_by_cpc.E04F21/20,1
counts_by_cpc.E04F21/22,1
counts_by_cpc.E04F21/24,1
counts_by_cpc.E04F21/245,1
counts_by_cpc.E04F21/247,1
counts_by_cpc.E04F21/248,1
counts_by_cpc.E04F2201/0107,2
counts_by_cpc.E04F2201/0115,27
counts_by_cpc.E04F2201/0123,1
counts_by_cpc.E04F2201/0138,1
counts_by_cpc.E04F2201/0146,1
counts_by_cpc.E04F2201/0153,27
counts_by_cpc.E04F2201/0176,1
counts_by_cpc.E04F2201/023,11
counts_by_cpc.E04F2201/04,9
counts_by_cpc.E04F2201/041,36
counts_by_cpc.E04F2201/043,1
counts_by_cpc.E04F2201/049,1
counts_by_cpc.E04F2201/05,1
counts_by_cpc.E04F2201/0505,1
counts_by_cpc.E04F2201/0523,27
counts_by_cpc.E04F2201/0535,1
counts_by_cpc.E04F2201/0552,1
counts_by_cpc.E04F2201/0588,1
counts_by_cpc.E04F2201/091,1
counts_by_cpc.E04F2201/095,1
counts_by_cpc.E04F2201/098,1
counts_by_cpc.E04F2203/08,6
counts_by_cpc.E04F2290/023,1
counts_by_cpc.E04F2290/026,1
counts_by_cpc.E04F2290/043,1
counts_by_cpc.E04G1/06,1
counts_by_cpc.E04G1/15,4
counts_by_cpc.E04G1/18,4
counts_by_cpc.E04G1/24,4
counts_by_cpc.E04G1/36,4
counts_by_cpc.E04G1/362,4
counts_by_cpc.E04G15/061,1
counts_by_cpc.E04G17/00,4
counts_by_cpc.E04G17/14,4
counts_by_cpc.E04G2005/125,4
counts_by_cpc.E04G2021/248,6
counts_by_cpc.E04G21/00,1
counts_by_cpc.E04G21/061,1
counts_by_cpc.E04G21/14,4
counts_by_cpc.E04G21/142,4
counts_by_cpc.E04G21/16,12
counts_by_cpc.E04G21/162,5
counts_by_cpc.E04G21/163,1
counts_by_cpc.E04G21/167,3
counts_by_cpc.E04G21/242,4
counts_by_cpc.E04G21/243,2
counts_by_cpc.E04G21/26,4
counts_by_cpc.E04G21/28,4
counts_by_cpc.E04G21/30,2
counts_by_cpc.E04G21/3261,9
counts_by_cpc.E04G21/3276,9
counts_by_cpc.E04G23/002,5
counts_by_cpc.E04G23/006,1
counts_by_cpc.E04G3/243,4
counts_by_cpc.E04G3/325,6
counts_by_cpc.E04G5/00,1
counts_by_cpc.E04G5/04,6
counts_by_cpc.E04G5/046,6
counts_by_cpc.E04G5/061,5
counts_by_cpc.E04G5/14,4
counts_by_cpc.E04G5/165,1
counts_by_cpc.E04G7/14,1
counts_by_cpc.E04G7/16,1
counts_by_cpc.E04G7/20,1
counts_by_cpc.E04H12/2269,1
counts_by_cpc.E04H15/04,4
counts_by_cpc.E04H15/64,1
counts_by_cpc.E04H4/0018,1
counts_by_cpc.E04H4/14,1
counts_by_cpc.E04H4/1636,1
counts_by_cpc.E04H5/02,4
counts_by_cpc.E04H5/10,4
counts_by_cpc.E04H6/34,1
counts_by_cpc.E04H6/40,1
counts_by_cpc.E04H6/424,1
counts_by_cpc.E04H7/02,4
counts_by_cpc.E04H7/06,4
counts_by_cpc.E04H7/22,4
counts_by_cpc.E05B1/0015,5
counts_by_cpc.E05B13/001,1
counts_by_cpc.E05B13/002,1
counts_by_cpc.E05B13/108,1
counts_by_cpc.E05B15/1607,1
counts_by_cpc.E05B19/00,1
counts_by_cpc.E05B19/0082,2
counts_by_cpc.E05B2047/0016,1
counts_by_cpc.E05B27/02,1
counts_by_cpc.E05B47/0012,1
counts_by_cpc.E05B47/0038,3
counts_by_cpc.E05B47/0046,1
counts_by_cpc.E05B49/00,1
counts_by_cpc.E05B63/0069,2
counts_by_cpc.E05B63/042,1
counts_by_cpc.E05B65/00,2
counts_by_cpc.E05B65/0014,2
counts_by_cpc.E05B65/0021,1
counts_by_cpc.E05B65/0025,2
counts_by_cpc.E05B65/44,1
counts_by_cpc.E05B65/462,3
counts_by_cpc.E05B65/48,1
counts_by_cpc.E05B7/00,1
counts_by_cpc.E05B71/00,1
counts_by_cpc.E05B73/00,5
counts_by_cpc.E05B73/0005,1
counts_by_cpc.E05B73/0017,1
counts_by_cpc.E05B73/0082,3
counts_by_cpc.E05B77/34,1
counts_by_cpc.E05B79/20,1
counts_by_cpc.E05B81/06,1
counts_by_cpc.E05B81/20,1
counts_by_cpc.E05B81/34,1
counts_by_cpc.E05B81/72,1
counts_by_cpc.E05B81/90,1
counts_by_cpc.E05B83/10,1
counts_by_cpc.E05B83/16,1
counts_by_cpc.E05B85/02,1
counts_by_cpc.E05C1/004,1
counts_by_cpc.E05C1/06,1
counts_by_cpc.E05C19/00,3
counts_by_cpc.E05C19/006,1
counts_by_cpc.E05C19/066,2
counts_by_cpc.E05C19/16,1
counts_by_cpc.E05C19/18,1
counts_by_cpc.E05C19/188,2
counts_by_cpc.E05C2007/007,2
counts_by_cpc.E05C3/14,2
counts_by_cpc.E05D1/02,9
counts_by_cpc.E05D11/0054,1
counts_by_cpc.E05D11/06,1
counts_by_cpc.E05D11/1028,1
counts_by_cpc.E05D13/00,2
counts_by_cpc.E05D15/0608,1
counts_by_cpc.E05D15/063,2
counts_by_cpc.E05D15/0652,2
counts_by_cpc.E05D3/02,3
counts_by_cpc.E05D3/06,2
counts_by_cpc.E05D5/04,1
counts_by_cpc.E05D7/1005,1
counts_by_cpc.E05D7/123,2
counts_by_cpc.E05D9/00,1
counts_by_cpc.E05D9/005,1
counts_by_cpc.E05F1/06,1
counts_by_cpc.E05F1/10,1
counts_by_cpc.E05F1/12,2
counts_by_cpc.E05F11/04,1
counts_by_cpc.E05F15/57,1
counts_by_cpc.E05F15/638,1
counts_by_cpc.E05F15/646,1
counts_by_cpc.E05F15/662,1
counts_by_cpc.E05F15/76,1
counts_by_cpc.E05F15/77,1
counts_by_cpc.E05F2005/046,1
counts_by_cpc.E05F3/16,1
counts_by_cpc.E05F3/20,1
counts_by_cpc.E05F5/04,1
counts_by_cpc.E05G1/005,1
counts_by_cpc.E05G1/04,1
counts_by_cpc.E05Y2201/11,3
counts_by_cpc.E05Y2201/21,1
counts_by_cpc.E05Y2201/41,1
counts_by_cpc.E05Y2201/636,1
counts_by_cpc.E05Y2201/662,1
counts_by_cpc.E05Y2201/684,3
counts_by_cpc.E05Y2600/10,1
counts_by_cpc.E05Y2600/41,2
counts_by_cpc.E05Y2600/452,2
counts_by_cpc.E05Y2600/526,1
counts_by_cpc.E05Y2600/53,2
counts_by_cpc.E05Y2600/626,4
counts_by_cpc.E05Y2600/632,1
counts_by_cpc.E05Y2800/00,1
counts_by_cpc.E05Y2800/67,1
counts_by_cpc.E05Y2800/72,2
counts_by_cpc.E05Y2900/142,1
counts_by_cpc.E05Y2900/146,1
counts_by_cpc.E05Y2900/20,15
counts_by_cpc.E05Y2900/31,1
counts_by_cpc.E05Y2900/546,2
counts_by_cpc.E05Y2900/55,2
counts_by_cpc.E06B2003/5472,7
counts_by_cpc.E06B2003/7011,1
counts_by_cpc.E06B2003/7013,8
counts_by_cpc.E06B2003/7051,2
counts_by_cpc.E06B2003/7061,1
counts_by_cpc.E06B2009/007,1
counts_by_cpc.E06B2009/2625,1
counts_by_cpc.E06B2009/407,1
counts_by_cpc.E06B2009/587,1
counts_by_cpc.E06B3/26336,1
counts_by_cpc.E06B3/267,1
counts_by_cpc.E06B3/362,1
counts_by_cpc.E06B3/367,12
counts_by_cpc.E06B3/4663,4
counts_by_cpc.E06B3/5436,7
counts_by_cpc.E06B3/5445,7
counts_by_cpc.E06B3/67343,1
counts_by_cpc.E06B3/67347,1
counts_by_cpc.E06B3/67365,1
counts_by_cpc.E06B3/70,1
counts_by_cpc.E06B3/7001,1
counts_by_cpc.E06B3/7003,4
counts_by_cpc.E06B3/7005,1
counts_by_cpc.E06B3/72,1
counts_by_cpc.E06B3/721,1
counts_by_cpc.E06B3/74,1
counts_by_cpc.E06B3/76,1
counts_by_cpc.E06B3/78,1
counts_by_cpc.E06B3/96,1
counts_by_cpc.E06B3/964,1
counts_by_cpc.E06B3/9641,7
counts_by_cpc.E06B3/9643,7
counts_by_cpc.E06B3/9681,4
counts_by_cpc.E06B3/984,1
counts_by_cpc.E06B5/006,8
counts_by_cpc.E06B5/11,1
counts_by_cpc.E06B7/22,1
counts_by_cpc.E06B7/23,1
counts_by_cpc.E06B7/2303,1
counts_by_cpc.E06B7/26,1
counts_by_cpc.E06B7/28,2
counts_by_cpc.E06B9/02,1
counts_by_cpc.E06B9/04,1
counts_by_cpc.E06B9/18,1
counts_by_cpc.E06B9/24,3
counts_by_cpc.E06B9/262,1
counts_by_cpc.E06B9/323,1
counts_by_cpc.E06B9/50,1
counts_by_cpc.E06B9/52,1
counts_by_cpc.E06B9/521,1
counts_by_cpc.E06C1/22,2
counts_by_cpc.E06C1/56,1
counts_by_cpc.E06C7/003,1
counts_by_cpc.E06C7/04,2
counts_by_cpc.E06C7/50,2
counts_by_cpc.E21B10/02,1
counts_by_cpc.E21B10/48,1
counts_by_cpc.E21B10/605,1
counts_by_cpc.E21B15/003,1
counts_by_cpc.E21B17/042,5
counts_by_cpc.E21B17/0423,4
counts_by_cpc.E21B17/08,4
counts_by_cpc.E21B17/1021,1
counts_by_cpc.E21B17/1078,1
counts_by_cpc.E21B17/1092,1
counts_by_cpc.E21B17/14,1
counts_by_cpc.E21B19/006,1
counts_by_cpc.E21B19/008,1
counts_by_cpc.E21B19/06,1
counts_by_cpc.E21B19/10,1
counts_by_cpc.E21B19/14,1
counts_by_cpc.E21B19/165,1
counts_by_cpc.E21B21/08,1
counts_by_cpc.E21B2200/09,1
counts_by_cpc.E21B2200/20,5
counts_by_cpc.E21B2200/22,2
counts_by_cpc.E21B23/001,1
counts_by_cpc.E21B23/01,5
counts_by_cpc.E21B23/0411,4
counts_by_cpc.E21B23/08,1
counts_by_cpc.E21B29/002,1
counts_by_cpc.E21B29/02,1
counts_by_cpc.E21B29/06,1
counts_by_cpc.E21B29/10,4
counts_by_cpc.E21B31/035,1
counts_by_cpc.E21B31/18,1
counts_by_cpc.E21B33/03,4
counts_by_cpc.E21B33/035,1
counts_by_cpc.E21B33/04,5
counts_by_cpc.E21B33/047,4
counts_by_cpc.E21B33/06,1
counts_by_cpc.E21B33/068,1
counts_by_cpc.E21B33/085,1
counts_by_cpc.E21B33/10,4
counts_by_cpc.E21B33/1208,1
counts_by_cpc.E21B33/1275,1
counts_by_cpc.E21B33/13,1
counts_by_cpc.E21B33/134,1
counts_by_cpc.E21B33/14,6
counts_by_cpc.E21B33/16,4
counts_by_cpc.E21B33/167,1
counts_by_cpc.E21B34/06,3
counts_by_cpc.E21B34/08,1
counts_by_cpc.E21B34/16,1
counts_by_cpc.E21B36/003,1
counts_by_cpc.E21B36/005,1
counts_by_cpc.E21B36/04,4
counts_by_cpc.E21B41/00,1
counts_by_cpc.E21B41/0007,1
counts_by_cpc.E21B41/04,2
counts_by_cpc.E21B43/00,5
counts_by_cpc.E21B43/006,1
counts_by_cpc.E21B43/0122,1
counts_by_cpc.E21B43/084,4
counts_by_cpc.E21B43/086,4
counts_by_cpc.E21B43/10,4
counts_by_cpc.E21B43/103,4
counts_by_cpc.E21B43/105,4
counts_by_cpc.E21B43/106,4
counts_by_cpc.E21B43/108,4
counts_by_cpc.E21B43/117,1
counts_by_cpc.E21B43/14,4
counts_by_cpc.E21B43/16,1
counts_by_cpc.E21B43/168,1
counts_by_cpc.E21B43/2401,1
counts_by_cpc.E21B43/26,5
counts_by_cpc.E21B43/2607,2
counts_by_cpc.E21B43/27,1
counts_by_cpc.E21B43/305,4
counts_by_cpc.E21B43/32,1
counts_by_cpc.E21B43/35,1
counts_by_cpc.E21B43/38,1
counts_by_cpc.E21B44/00,2
counts_by_cpc.E21B44/005,1
counts_by_cpc.E21B44/02,1
counts_by_cpc.E21B44/06,1
counts_by_cpc.E21B47/0025,1
counts_by_cpc.E21B47/005,1
counts_by_cpc.E21B47/01,1
counts_by_cpc.E21B47/06,1
counts_by_cpc.E21B47/10,1
counts_by_cpc.E21B47/13,1
counts_by_cpc.E21B47/135,1
counts_by_cpc.E21B47/138,1
counts_by_cpc.E21B47/14,1
counts_by_cpc.E21B47/16,1
counts_by_cpc.E21B47/18,1
counts_by_cpc.E21B49/006,2
counts_by_cpc.E21B49/0875,1
counts_by_cpc.E21B7/04,1
counts_by_cpc.E21B7/046,2
counts_by_cpc.E21B7/061,1
counts_by_cpc.E21B7/10,1
counts_by_cpc.E21B7/12,1
counts_by_cpc.E21B7/208,4
counts_by_cpc.E21C35/183,1
counts_by_cpc.E21C35/1835,1
counts_by_cpc.E21C35/1837,1
counts_by_cpc.E21D15/45,1
counts_by_cpc.E21D20/021,1
counts_by_cpc.E21D20/025,2
counts_by_cpc.E21D21/0046,1
counts_by_cpc.E21D21/0053,1
counts_by_cpc.E21D23/26,2
counts_by_cpc.F01B17/02,1
counts_by_cpc.F01C1/084,1
counts_by_cpc.F01C1/344,1
counts_by_cpc.F01C1/39,1
counts_by_cpc.F01C20/20,1
counts_by_cpc.F01C20/24,1
counts_by_cpc.F01C21/0809,1
counts_by_cpc.F01C21/104,1
counts_by_cpc.F01C21/108,1
counts_by_cpc.F01D1/08,1
counts_by_cpc.F01D1/22,1
counts_by_cpc.F01D11/003,1
counts_by_cpc.F01D11/24,1
counts_by_cpc.F01D15/10,2
counts_by_cpc.F01D15/12,2
counts_by_cpc.F01D17/105,1
counts_by_cpc.F01D17/16,1
counts_by_cpc.F01D17/162,1
counts_by_cpc.F01D21/003,1
counts_by_cpc.F01D21/045,1
counts_by_cpc.F01D25/12,1
counts_by_cpc.F01D25/162,1
counts_by_cpc.F01D25/18,1
counts_by_cpc.F01D25/186,1
counts_by_cpc.F01D25/24,3
counts_by_cpc.F01D25/26,1
counts_by_cpc.F01D25/285,1
counts_by_cpc.F01D5/02,1
counts_by_cpc.F01D5/025,1
counts_by_cpc.F01D5/027,1
counts_by_cpc.F01D5/048,1
counts_by_cpc.F01D5/12,1
counts_by_cpc.F01D5/147,2
counts_by_cpc.F01D5/187,1
counts_by_cpc.F01D5/282,2
counts_by_cpc.F01D5/286,1
counts_by_cpc.F01D5/288,1
counts_by_cpc.F01D7/00,1
counts_by_cpc.F01D9/023,1
counts_by_cpc.F01D9/041,1
counts_by_cpc.F01K23/10,1
counts_by_cpc.F01M11/045,1
counts_by_cpc.F01M2005/008,1
counts_by_cpc.F01N1/10,1
counts_by_cpc.F01N13/16,1
counts_by_cpc.F01N13/1844,1
counts_by_cpc.F01N2330/02,1
counts_by_cpc.F01N2330/06,1
counts_by_cpc.F01N2370/02,1
counts_by_cpc.F01N2530/24,1
counts_by_cpc.F01N3/10,1
counts_by_cpc.F01N3/101,1
counts_by_cpc.F01N3/2828,1
counts_by_cpc.F01N3/2842,1
counts_by_cpc.F01N5/02,1
counts_by_cpc.F01N9/005,1
counts_by_cpc.F01P2003/028,1
counts_by_cpc.F01P3/02,2
counts_by_cpc.F01P3/12,1
counts_by_cpc.F01P7/16,1
counts_by_cpc.F02B1/04,1
counts_by_cpc.F02B2043/106,1
counts_by_cpc.F02B25/14,1
counts_by_cpc.F02B3/06,1
counts_by_cpc.F02B43/10,1
counts_by_cpc.F02B43/12,1
counts_by_cpc.F02B63/04,1
counts_by_cpc.F02B67/08,1
counts_by_cpc.F02B75/16,1
counts_by_cpc.F02B77/04,1
counts_by_cpc.F02C3/00,1
counts_by_cpc.F02C3/04,3
counts_by_cpc.F02C3/22,2
counts_by_cpc.F02C6/00,1
counts_by_cpc.F02C6/08,2
counts_by_cpc.F02C6/14,1
counts_by_cpc.F02C6/18,1
counts_by_cpc.F02C7/00,1
counts_by_cpc.F02C7/04,1
counts_by_cpc.F02C7/055,1
counts_by_cpc.F02C7/06,2
counts_by_cpc.F02C7/14,1
counts_by_cpc.F02C7/18,1
counts_by_cpc.F02C7/20,4
counts_by_cpc.F02C7/22,2
counts_by_cpc.F02C7/224,2
counts_by_cpc.F02C7/228,1
counts_by_cpc.F02C7/30,1
counts_by_cpc.F02C7/32,1
counts_by_cpc.F02C7/36,4
counts_by_cpc.F02C9/22,1
counts_by_cpc.F02C9/28,1
counts_by_cpc.F02C9/40,2
counts_by_cpc.F02C9/56,1
counts_by_cpc.F02D19/02,1
counts_by_cpc.F02D19/082,1
counts_by_cpc.F02D19/085,1
counts_by_cpc.F02D19/087,1
counts_by_cpc.F02D2041/2031,1
counts_by_cpc.F02D2200/0602,1
counts_by_cpc.F02D2200/0606,1
counts_by_cpc.F02D2200/0611,1
counts_by_cpc.F02D2200/503,1
counts_by_cpc.F02D33/003,1
counts_by_cpc.F02D33/02,1
counts_by_cpc.F02D41/0002,1
counts_by_cpc.F02D41/0025,1
counts_by_cpc.F02D41/064,2
counts_by_cpc.F02D41/20,1
counts_by_cpc.F02D41/3082,1
counts_by_cpc.F02F1/004,1
counts_by_cpc.F02F1/102,1
counts_by_cpc.F02F1/18,1
counts_by_cpc.F02F1/24,1
counts_by_cpc.F02F11/002,1
counts_by_cpc.F02F11/005,1
counts_by_cpc.F02F3/26,1
counts_by_cpc.F02F7/006,1
counts_by_cpc.F02K3/06,3
counts_by_cpc.F02K9/425,1
counts_by_cpc.F02K9/44,1
counts_by_cpc.F02K9/58,1
counts_by_cpc.F02K9/97,1
counts_by_cpc.F02M17/34,1
counts_by_cpc.F02M17/38,1
counts_by_cpc.F02M21/02,1
counts_by_cpc.F02M21/0206,1
counts_by_cpc.F02M21/0221,1
counts_by_cpc.F02M21/06,1
counts_by_cpc.F02M25/08,1
counts_by_cpc.F02M25/0818,1
counts_by_cpc.F02M25/0836,1
counts_by_cpc.F02M25/0854,1
counts_by_cpc.F02M25/0872,1
counts_by_cpc.F02M27/02,1
counts_by_cpc.F02M35/1017,1
counts_by_cpc.F02M35/10222,1
counts_by_cpc.F02M37/0023,1
counts_by_cpc.F02M37/0064,1
counts_by_cpc.F02M37/007,1
counts_by_cpc.F02M53/08,1
counts_by_cpc.F02M7/12,1
counts_by_cpc.F02N11/04,1
counts_by_cpc.F02N11/08,1
counts_by_cpc.F02N11/10,1
counts_by_cpc.F02N2200/021,1
counts_by_cpc.F02P13/00,1
counts_by_cpc.F02P3/01,1
counts_by_cpc.F02P9/007,1
counts_by_cpc.F03D1/0675,1
counts_by_cpc.F03D13/201,1
counts_by_cpc.F03D9/17,1
counts_by_cpc.F03D9/25,2
counts_by_cpc.F03G3/083,1
counts_by_cpc.F03G4/001,1
counts_by_cpc.F03G7/047,1
counts_by_cpc.F03G7/0614,2
counts_by_cpc.F03G7/0615,1
counts_by_cpc.F03G7/062,1
counts_by_cpc.F03G7/0645,1
counts_by_cpc.F03H1/0037,1
counts_by_cpc.F03H1/0068,1
counts_by_cpc.F03H1/0075,1
counts_by_cpc.F03H1/0081,1
counts_by_cpc.F03H1/0093,1
counts_by_cpc.F04B1/00,1
counts_by_cpc.F04B15/02,1
counts_by_cpc.F04B17/003,2
counts_by_cpc.F04B17/04,1
counts_by_cpc.F04B17/06,1
counts_by_cpc.F04B19/006,1
counts_by_cpc.F04B19/04,1
counts_by_cpc.F04B19/22,2
counts_by_cpc.F04B2203/0201,1
counts_by_cpc.F04B2203/0212,1
counts_by_cpc.F04B23/02,1
counts_by_cpc.F04B33/00,2
counts_by_cpc.F04B37/14,1
counts_by_cpc.F04B39/0005,1
counts_by_cpc.F04B39/0022,1
counts_by_cpc.F04B39/122,1
counts_by_cpc.F04B39/123,1
counts_by_cpc.F04B43/0045,1
counts_by_cpc.F04B43/0054,1
counts_by_cpc.F04B43/02,1
counts_by_cpc.F04B43/026,1
counts_by_cpc.F04B43/04,2
counts_by_cpc.F04B43/046,1
counts_by_cpc.F04B43/06,1
counts_by_cpc.F04B45/04,1
counts_by_cpc.F04B45/043,1
counts_by_cpc.F04B45/047,2
counts_by_cpc.F04B49/03,1
counts_by_cpc.F04B49/06,1
counts_by_cpc.F04B49/12,1
counts_by_cpc.F04B49/225,2
counts_by_cpc.F04B51/00,1
counts_by_cpc.F04B53/007,1
counts_by_cpc.F04B53/1065,1
counts_by_cpc.F04B53/108,1
counts_by_cpc.F04B53/143,1
counts_by_cpc.F04B53/146,1
counts_by_cpc.F04B53/16,2
counts_by_cpc.F04B53/22,1
counts_by_cpc.F04B9/10,2
counts_by_cpc.F04B9/12,1
counts_by_cpc.F04B9/14,1
counts_by_cpc.F04C18/0215,1
counts_by_cpc.F04C18/3441,1
counts_by_cpc.F04C18/356,1
counts_by_cpc.F04C2/104,3
counts_by_cpc.F04C2/105,1
counts_by_cpc.F04C23/008,1
counts_by_cpc.F04C25/02,1
counts_by_cpc.F04C27/001,1
counts_by_cpc.F04C27/005,1
counts_by_cpc.F04C29/126,1
counts_by_cpc.F04D1/06,1
counts_by_cpc.F04D13/021,1
counts_by_cpc.F04D13/06,1
counts_by_cpc.F04D13/0626,1
counts_by_cpc.F04D13/064,1
counts_by_cpc.F04D13/0693,1
counts_by_cpc.F04D15/0016,1
counts_by_cpc.F04D17/06,1
counts_by_cpc.F04D17/16,1
counts_by_cpc.F04D19/002,1
counts_by_cpc.F04D25/0613,1
counts_by_cpc.F04D25/0673,2
counts_by_cpc.F04D25/08,6
counts_by_cpc.F04D25/084,2
counts_by_cpc.F04D25/12,1
counts_by_cpc.F04D25/166,1
counts_by_cpc.F04D27/00,1
counts_by_cpc.F04D27/004,1
counts_by_cpc.F04D29/026,1
counts_by_cpc.F04D29/0413,1
counts_by_cpc.F04D29/086,1
counts_by_cpc.F04D29/406,1
counts_by_cpc.F04D29/522,1
counts_by_cpc.F04D29/541,1
counts_by_cpc.F04D29/5806,1
counts_by_cpc.F04D29/601,2
counts_by_cpc.F04D29/605,1
counts_by_cpc.F04D29/628,1
counts_by_cpc.F04D29/663,1
counts_by_cpc.F04D35/00,1
counts_by_cpc.F04D7/02,1
counts_by_cpc.F04F1/02,1
counts_by_cpc.F04F5/14,1
counts_by_cpc.F04F5/20,47
counts_by_cpc.F04F5/44,2
counts_by_cpc.F04F5/461,6
counts_by_cpc.F04F5/48,15
counts_by_cpc.F04F5/52,83
counts_by_cpc.F04F5/54,3
counts_by_cpc.F05B2220/706,2
counts_by_cpc.F05B2260/422,1
counts_by_cpc.F05B2260/80,1
counts_by_cpc.F05D2220/32,3
counts_by_cpc.F05D2220/323,4
counts_by_cpc.F05D2220/36,1
counts_by_cpc.F05D2220/76,3
counts_by_cpc.F05D2230/237,1
counts_by_cpc.F05D2230/50,1
counts_by_cpc.F05D2230/60,3
counts_by_cpc.F05D2230/70,1
counts_by_cpc.F05D2230/72,1
counts_by_cpc.F05D2230/80,1
counts_by_cpc.F05D2240/11,1
counts_by_cpc.F05D2240/1281,1
counts_by_cpc.F05D2240/14,2
counts_by_cpc.F05D2240/303,2
counts_by_cpc.F05D2240/305,1
counts_by_cpc.F05D2240/306,1
counts_by_cpc.F05D2240/35,1
counts_by_cpc.F05D2240/60,2
counts_by_cpc.F05D2250/11,1
counts_by_cpc.F05D2250/323,1
counts_by_cpc.F05D2250/511,1
counts_by_cpc.F05D2260/15,1
counts_by_cpc.F05D2260/20,1
counts_by_cpc.F05D2260/201,2
counts_by_cpc.F05D2260/213,1
counts_by_cpc.F05D2260/22141,2
counts_by_cpc.F05D2260/31,1
counts_by_cpc.F05D2260/40,2
counts_by_cpc.F05D2260/4031,1
counts_by_cpc.F05D2260/50,1
counts_by_cpc.F05D2260/607,2
counts_by_cpc.F05D2260/70,1
counts_by_cpc.F05D2260/83,1
counts_by_cpc.F05D2260/98,1
counts_by_cpc.F05D2300/121,1
counts_by_cpc.F05D2300/603,3
counts_by_cpc.F05D2300/6033,2
counts_by_cpc.F05D2300/611,1
counts_by_cpc.F15B11/006,1
counts_by_cpc.F15B11/06,1
counts_by_cpc.F15B11/064,1
counts_by_cpc.F15B11/076,11
counts_by_cpc.F15B11/17,1
counts_by_cpc.F15B13/0402,13
counts_by_cpc.F15B13/0405,1
counts_by_cpc.F15B13/0431,1
counts_by_cpc.F15B13/044,2
counts_by_cpc.F15B13/06,1
counts_by_cpc.F15B13/08,1
counts_by_cpc.F15B13/0807,1
counts_by_cpc.F15B13/081,1
counts_by_cpc.F15B13/0814,14
counts_by_cpc.F15B13/0817,21
counts_by_cpc.F15B13/0821,16
counts_by_cpc.F15B13/0825,2
counts_by_cpc.F15B13/0828,2
counts_by_cpc.F15B13/0832,23
counts_by_cpc.F15B13/0835,3
counts_by_cpc.F15B13/0839,9
counts_by_cpc.F15B13/0842,1
counts_by_cpc.F15B13/085,1
counts_by_cpc.F15B13/0853,3
counts_by_cpc.F15B13/0857,24
counts_by_cpc.F15B13/086,20
counts_by_cpc.F15B13/0864,19
counts_by_cpc.F15B13/0867,7
counts_by_cpc.F15B13/0871,12
counts_by_cpc.F15B13/0875,11
counts_by_cpc.F15B13/0889,2
counts_by_cpc.F15B13/0892,21
counts_by_cpc.F15B13/0896,23
counts_by_cpc.F15B15/00,1
counts_by_cpc.F15B15/02,11
counts_by_cpc.F15B15/063,2
counts_by_cpc.F15B15/08,1
counts_by_cpc.F15B15/084,1
counts_by_cpc.F15B15/10,8
counts_by_cpc.F15B15/103,4
counts_by_cpc.F15B15/1404,1
counts_by_cpc.F15B15/1428,1
counts_by_cpc.F15B15/1433,2
counts_by_cpc.F15B15/1447,1
counts_by_cpc.F15B15/1471,1
counts_by_cpc.F15B15/149,1
counts_by_cpc.F15B15/16,2
counts_by_cpc.F15B15/18,1
counts_by_cpc.F15B15/19,1
counts_by_cpc.F15B15/202,2
counts_by_cpc.F15B15/204,1
counts_by_cpc.F15B15/226,1
counts_by_cpc.F15B15/227,1
counts_by_cpc.F15B15/261,1
counts_by_cpc.F15B15/2807,1
counts_by_cpc.F15B15/2815,1
counts_by_cpc.F15B15/2861,1
counts_by_cpc.F15B20/005,8
counts_by_cpc.F15B2013/006,1
counts_by_cpc.F15B2013/0428,1
counts_by_cpc.F15B21/00,1
counts_by_cpc.F15B21/04,1
counts_by_cpc.F15B2211/20576,1
counts_by_cpc.F15B2211/27,1
counts_by_cpc.F15B2211/275,11
counts_by_cpc.F15B2211/30575,1
counts_by_cpc.F15B2211/30595,1
counts_by_cpc.F15B2211/324,11
counts_by_cpc.F15B2211/7052,1
counts_by_cpc.F15B2211/7058,1
counts_by_cpc.F15B2211/71,1
counts_by_cpc.F15B2211/7107,1
counts_by_cpc.F15B2211/78,1
counts_by_cpc.F15B5/00,2
counts_by_cpc.F15B7/001,1
counts_by_cpc.F15B7/003,1
counts_by_cpc.F15B7/006,2
counts_by_cpc.F15B7/008,1
counts_by_cpc.F15C5/00,1
counts_by_cpc.F15D1/10,5
counts_by_cpc.F15D1/14,1
counts_by_cpc.F16B1/00,64
counts_by_cpc.F16B1/0071,1
counts_by_cpc.F16B1/02,7
counts_by_cpc.F16B1/04,2
counts_by_cpc.F16B11/00,23
counts_by_cpc.F16B11/006,243
counts_by_cpc.F16B12/00,18
counts_by_cpc.F16B12/02,48
counts_by_cpc.F16B12/04,58
counts_by_cpc.F16B12/06,3
counts_by_cpc.F16B12/10,65
counts_by_cpc.F16B12/12,11
counts_by_cpc.F16B12/125,69
counts_by_cpc.F16B12/14,26
counts_by_cpc.F16B12/16,9
counts_by_cpc.F16B12/18,4
counts_by_cpc.F16B12/20,30
counts_by_cpc.F16B12/2009,28
counts_by_cpc.F16B12/2027,13
counts_by_cpc.F16B12/2036,15
counts_by_cpc.F16B12/2063,8
counts_by_cpc.F16B12/22,9
counts_by_cpc.F16B12/24,46
counts_by_cpc.F16B12/26,86
counts_by_cpc.F16B12/28,1
counts_by_cpc.F16B12/30,11
counts_by_cpc.F16B12/32,14
counts_by_cpc.F16B12/34,9
counts_by_cpc.F16B12/36,4
counts_by_cpc.F16B12/38,9
counts_by_cpc.F16B12/40,10
counts_by_cpc.F16B12/42,4
counts_by_cpc.F16B12/44,24
counts_by_cpc.F16B12/46,87
counts_by_cpc.F16B12/48,2
counts_by_cpc.F16B12/50,16
counts_by_cpc.F16B12/52,8
counts_by_cpc.F16B12/54,3
counts_by_cpc.F16B13/00,5
counts_by_cpc.F16B13/02,1
counts_by_cpc.F16B13/04,2
counts_by_cpc.F16B13/045,2
counts_by_cpc.F16B13/06,1
counts_by_cpc.F16B13/061,1
counts_by_cpc.F16B13/066,1
counts_by_cpc.F16B13/068,1
counts_by_cpc.F16B13/08,1
counts_by_cpc.F16B13/0858,2
counts_by_cpc.F16B13/12,2
counts_by_cpc.F16B13/124,1
counts_by_cpc.F16B13/126,1
counts_by_cpc.F16B13/141,8
counts_by_cpc.F16B13/143,16
counts_by_cpc.F16B13/144,4
counts_by_cpc.F16B13/145,2
counts_by_cpc.F16B15/0007,1
counts_by_cpc.F16B15/0015,1
counts_by_cpc.F16B15/0023,7
counts_by_cpc.F16B15/003,13
counts_by_cpc.F16B15/0038,17
counts_by_cpc.F16B15/0046,1
counts_by_cpc.F16B15/02,1
counts_by_cpc.F16B17/00,3
counts_by_cpc.F16B17/004,4
counts_by_cpc.F16B19/00,12
counts_by_cpc.F16B19/004,9
counts_by_cpc.F16B19/02,1
counts_by_cpc.F16B19/05,1
counts_by_cpc.F16B19/10,1
counts_by_cpc.F16B19/1072,1
counts_by_cpc.F16B19/1081,7
counts_by_cpc.F16B19/109,3
counts_by_cpc.F16B2/005,10
counts_by_cpc.F16B2/02,10
counts_by_cpc.F16B2/04,6
counts_by_cpc.F16B2/06,7
counts_by_cpc.F16B2/065,10
counts_by_cpc.F16B2/08,2
counts_by_cpc.F16B2/10,18
counts_by_cpc.F16B2/12,10
counts_by_cpc.F16B2/14,10
counts_by_cpc.F16B2/18,11
counts_by_cpc.F16B2/185,19
counts_by_cpc.F16B2/20,2
counts_by_cpc.F16B2/205,3
counts_by_cpc.F16B2/22,22
counts_by_cpc.F16B2/24,1
counts_by_cpc.F16B2/245,1
counts_by_cpc.F16B2/248,2
counts_by_cpc.F16B2001/0028,6
counts_by_cpc.F16B2001/0035,25
counts_by_cpc.F16B2005/0678,3
counts_by_cpc.F16B2012/043,6
counts_by_cpc.F16B2012/103,5
counts_by_cpc.F16B2012/106,6
counts_by_cpc.F16B2012/145,2
counts_by_cpc.F16B2012/2018,6
counts_by_cpc.F16B2012/2045,3
counts_by_cpc.F16B2012/2072,2
counts_by_cpc.F16B2012/2081,3
counts_by_cpc.F16B2012/209,9
counts_by_cpc.F16B2012/403,1
counts_by_cpc.F16B2012/446,3
counts_by_cpc.F16B2012/463,40
counts_by_cpc.F16B2012/466,43
counts_by_cpc.F16B2012/505,1
counts_by_cpc.F16B2015/0076,15
counts_by_cpc.F16B2043/008,1
counts_by_cpc.F16B21/02,9
counts_by_cpc.F16B21/04,2
counts_by_cpc.F16B21/06,7
counts_by_cpc.F16B21/071,19
counts_by_cpc.F16B21/073,17
counts_by_cpc.F16B21/078,3
counts_by_cpc.F16B21/084,1
counts_by_cpc.F16B21/086,1
counts_by_cpc.F16B21/088,7
counts_by_cpc.F16B21/09,3
counts_by_cpc.F16B21/16,3
counts_by_cpc.F16B21/165,3
counts_by_cpc.F16B21/18,5
counts_by_cpc.F16B21/186,1
counts_by_cpc.F16B21/20,5
counts_by_cpc.F16B2200/10,5
counts_by_cpc.F16B2200/20,1
counts_by_cpc.F16B2200/30,2
counts_by_cpc.F16B2200/40,1
counts_by_cpc.F16B2200/50,2
counts_by_cpc.F16B2200/60,1
counts_by_cpc.F16B2200/63,1
counts_by_cpc.F16B2200/65,19
counts_by_cpc.F16B2200/67,9
counts_by_cpc.F16B2200/69,2
counts_by_cpc.F16B2200/71,4
counts_by_cpc.F16B2200/73,7
counts_by_cpc.F16B2200/79,1
counts_by_cpc.F16B2200/81,47
counts_by_cpc.F16B2200/83,167
counts_by_cpc.F16B2200/95,33
counts_by_cpc.F16B23/00,4
counts_by_cpc.F16B29/00,2
counts_by_cpc.F16B3/00,8
counts_by_cpc.F16B3/005,4
counts_by_cpc.F16B33/004,2
counts_by_cpc.F16B33/006,2
counts_by_cpc.F16B33/02,2
counts_by_cpc.F16B33/04,1
counts_by_cpc.F16B33/06,3
counts_by_cpc.F16B35/00,1
counts_by_cpc.F16B35/005,1
counts_by_cpc.F16B35/04,2
counts_by_cpc.F16B35/06,2
counts_by_cpc.F16B37/044,1
counts_by_cpc.F16B37/048,7
counts_by_cpc.F16B37/12,1
counts_by_cpc.F16B37/122,1
counts_by_cpc.F16B37/16,1
counts_by_cpc.F16B39/02,1
counts_by_cpc.F16B39/021,1
counts_by_cpc.F16B39/08,5
counts_by_cpc.F16B39/10,1
counts_by_cpc.F16B39/128,1
counts_by_cpc.F16B39/22,1
counts_by_cpc.F16B39/225,3
counts_by_cpc.F16B39/24,2
counts_by_cpc.F16B39/34,1
counts_by_cpc.F16B4/004,6
counts_by_cpc.F16B4/006,1
counts_by_cpc.F16B4/008,1
counts_by_cpc.F16B41/002,1
counts_by_cpc.F16B43/00,3
counts_by_cpc.F16B43/001,3
counts_by_cpc.F16B43/02,2
counts_by_cpc.F16B45/00,109
counts_by_cpc.F16B45/002,3
counts_by_cpc.F16B45/005,8
counts_by_cpc.F16B45/008,33
counts_by_cpc.F16B45/012,1
counts_by_cpc.F16B45/015,2
counts_by_cpc.F16B45/02,4
counts_by_cpc.F16B45/023,9
counts_by_cpc.F16B45/026,5
counts_by_cpc.F16B45/029,1
counts_by_cpc.F16B45/034,1
counts_by_cpc.F16B45/035,6
counts_by_cpc.F16B45/036,19
counts_by_cpc.F16B45/037,4
counts_by_cpc.F16B45/04,7
counts_by_cpc.F16B45/047,1
counts_by_cpc.F16B45/049,5
counts_by_cpc.F16B45/051,14
counts_by_cpc.F16B45/053,6
counts_by_cpc.F16B45/057,2
counts_by_cpc.F16B45/06,6
counts_by_cpc.F16B47/00,1316
counts_by_cpc.F16B47/003,357
counts_by_cpc.F16B47/006,249
counts_by_cpc.F16B5/00,24
counts_by_cpc.F16B5/0004,9
counts_by_cpc.F16B5/0008,5
counts_by_cpc.F16B5/0012,27
counts_by_cpc.F16B5/0016,11
counts_by_cpc.F16B5/002,5
counts_by_cpc.F16B5/0024,10
counts_by_cpc.F16B5/0036,2
counts_by_cpc.F16B5/0056,27
counts_by_cpc.F16B5/008,27
counts_by_cpc.F16B5/0084,10
counts_by_cpc.F16B5/0088,1
counts_by_cpc.F16B5/0092,26
counts_by_cpc.F16B5/01,9
counts_by_cpc.F16B5/02,36
counts_by_cpc.F16B5/0208,1
counts_by_cpc.F16B5/0233,3
counts_by_cpc.F16B5/0258,1
counts_by_cpc.F16B5/0266,2
counts_by_cpc.F16B5/0275,1
counts_by_cpc.F16B5/0283,3
counts_by_cpc.F16B5/0291,4
counts_by_cpc.F16B5/04,5
counts_by_cpc.F16B5/06,1
counts_by_cpc.F16B5/0607,3
counts_by_cpc.F16B5/0614,25
counts_by_cpc.F16B5/0642,26
counts_by_cpc.F16B5/065,7
counts_by_cpc.F16B5/0664,30
counts_by_cpc.F16B5/0685,4
counts_by_cpc.F16B5/0692,1
counts_by_cpc.F16B5/07,16
counts_by_cpc.F16B5/08,10
counts_by_cpc.F16B5/10,8
counts_by_cpc.F16B5/12,2
counts_by_cpc.F16B5/121,1
counts_by_cpc.F16B5/123,2
counts_by_cpc.F16B5/126,22
counts_by_cpc.F16B5/128,9
counts_by_cpc.F16B7/00,2
counts_by_cpc.F16B7/025,3
counts_by_cpc.F16B7/04,2
counts_by_cpc.F16B7/0406,1
counts_by_cpc.F16B7/0413,4
counts_by_cpc.F16B7/042,4
counts_by_cpc.F16B7/0433,1
counts_by_cpc.F16B7/044,3
counts_by_cpc.F16B7/0446,5
counts_by_cpc.F16B7/0453,1
counts_by_cpc.F16B7/046,1
counts_by_cpc.F16B7/0486,1
counts_by_cpc.F16B7/0493,2
counts_by_cpc.F16B7/10,7
counts_by_cpc.F16B7/105,4
counts_by_cpc.F16B7/14,1
counts_by_cpc.F16B7/18,12
counts_by_cpc.F16B7/182,7
counts_by_cpc.F16B7/20,4
counts_by_cpc.F16B7/22,9
counts_by_cpc.F16B9/00,1
counts_by_cpc.F16B9/023,2
counts_by_cpc.F16B9/026,3
counts_by_cpc.F16B9/05,1
counts_by_cpc.F16B9/054,1
counts_by_cpc.F16B9/056,1
counts_by_cpc.F16B9/058,3
counts_by_cpc.F16B9/09,1
counts_by_cpc.F16C11/04,2
counts_by_cpc.F16C11/06,8
counts_by_cpc.F16C11/0604,22
counts_by_cpc.F16C11/0614,6
counts_by_cpc.F16C11/0619,8
counts_by_cpc.F16C11/0652,8
counts_by_cpc.F16C11/0676,6
counts_by_cpc.F16C11/0695,1
counts_by_cpc.F16C11/103,3
counts_by_cpc.F16C11/106,4
counts_by_cpc.F16C13/006,2
counts_by_cpc.F16C19/06,2
counts_by_cpc.F16C19/185,1
counts_by_cpc.F16C2202/30,1
counts_by_cpc.F16C2208/32,2
counts_by_cpc.F16C2212/00,1
counts_by_cpc.F16C2223/30,1
counts_by_cpc.F16C2223/32,1
counts_by_cpc.F16C2226/40,1
counts_by_cpc.F16C2240/60,1
counts_by_cpc.F16C23/00,1
counts_by_cpc.F16C23/02,1
counts_by_cpc.F16C2300/62,1
counts_by_cpc.F16C2322/39,25
counts_by_cpc.F16C2322/59,14
counts_by_cpc.F16C2326/02,1
counts_by_cpc.F16C2326/05,1
counts_by_cpc.F16C2326/06,1
counts_by_cpc.F16C2360/00,1
counts_by_cpc.F16C25/02,1
counts_by_cpc.F16C29/00,2
counts_by_cpc.F16C29/008,1
counts_by_cpc.F16C29/02,2
counts_by_cpc.F16C29/025,18
counts_by_cpc.F16C29/04,1
counts_by_cpc.F16C29/0688,2
counts_by_cpc.F16C29/0695,1
counts_by_cpc.F16C29/12,3
counts_by_cpc.F16C32/044,1
counts_by_cpc.F16C32/0472,1
counts_by_cpc.F16C32/0474,1
counts_by_cpc.F16C32/06,17
counts_by_cpc.F16C32/0603,13
counts_by_cpc.F16C32/0611,1
counts_by_cpc.F16C32/0614,1
counts_by_cpc.F16C32/0622,1
counts_by_cpc.F16C32/0666,1
counts_by_cpc.F16C32/0674,1
counts_by_cpc.F16C32/0696,1
counts_by_cpc.F16C33/586,2
counts_by_cpc.F16C33/62,2
counts_by_cpc.F16C33/64,2
counts_by_cpc.F16C33/664,1
counts_by_cpc.F16C33/6659,1
counts_by_cpc.F16C33/6696,2
counts_by_cpc.F16C33/748,1
counts_by_cpc.F16C33/76,1
counts_by_cpc.F16C33/768,1
counts_by_cpc.F16C33/805,2
counts_by_cpc.F16C35/06,1
counts_by_cpc.F16C35/073,2
counts_by_cpc.F16C35/077,2
counts_by_cpc.F16C35/10,1
counts_by_cpc.F16C41/00,1
counts_by_cpc.F16C41/008,2
counts_by_cpc.F16D1/0805,1
counts_by_cpc.F16D1/101,1
counts_by_cpc.F16D2001/103,1
counts_by_cpc.F16D2003/22306,1
counts_by_cpc.F16D2003/22313,1
counts_by_cpc.F16D2065/132,1
counts_by_cpc.F16D2069/005,1
counts_by_cpc.F16D2069/0458,1
counts_by_cpc.F16D2200/0021,1
counts_by_cpc.F16D2200/006,1
counts_by_cpc.F16D2250/0046,1
counts_by_cpc.F16D2250/0076,1
counts_by_cpc.F16D23/14,1
counts_by_cpc.F16D3/00,7
counts_by_cpc.F16D3/065,2
counts_by_cpc.F16D3/224,1
counts_by_cpc.F16D3/84,1
counts_by_cpc.F16D41/206,1
counts_by_cpc.F16D65/125,1
counts_by_cpc.F16D65/127,1
counts_by_cpc.F16D69/027,1
counts_by_cpc.F16D69/0408,1
counts_by_cpc.F16F1/025,3
counts_by_cpc.F16F1/027,3
counts_by_cpc.F16F1/26,3
counts_by_cpc.F16F1/3732,2
counts_by_cpc.F16F1/422,1
counts_by_cpc.F16F15/002,1
counts_by_cpc.F16F15/02,2
counts_by_cpc.F16F15/0232,1
counts_by_cpc.F16F15/067,3
counts_by_cpc.F16F15/073,1
counts_by_cpc.F16F15/08,1
counts_by_cpc.F16F15/085,1
counts_by_cpc.F16F15/145,1
counts_by_cpc.F16F15/366,1
counts_by_cpc.F16F2222/08,1
counts_by_cpc.F16F2224/0241,1
counts_by_cpc.F16F2224/025,1
counts_by_cpc.F16F2228/001,1
counts_by_cpc.F16F2228/066,1
counts_by_cpc.F16F2230/0029,1
counts_by_cpc.F16F2230/0041,1
counts_by_cpc.F16F2230/105,1
counts_by_cpc.F16F2232/02,2
counts_by_cpc.F16F2232/08,1
counts_by_cpc.F16F2236/02,1
counts_by_cpc.F16F2236/027,1
counts_by_cpc.F16F3/02,1
counts_by_cpc.F16F3/10,1
counts_by_cpc.F16F3/12,1
counts_by_cpc.F16F6/005,1
counts_by_cpc.F16F7/10,3
counts_by_cpc.F16F7/12,1
counts_by_cpc.F16F9/19,1
counts_by_cpc.F16F9/32,1
counts_by_cpc.F16F9/3235,1
counts_by_cpc.F16F9/34,1
counts_by_cpc.F16F9/3481,1
counts_by_cpc.F16F9/49,1
counts_by_cpc.F16F9/516,1
counts_by_cpc.F16G11/02,1
counts_by_cpc.F16G11/08,1
counts_by_cpc.F16G11/101,2
counts_by_cpc.F16G11/103,2
counts_by_cpc.F16G11/14,1
counts_by_cpc.F16G13/16,1
counts_by_cpc.F16G13/20,5
counts_by_cpc.F16G15/08,4
counts_by_cpc.F16G3/10,2
counts_by_cpc.F16H1/08,1
counts_by_cpc.F16H1/10,1
counts_by_cpc.F16H1/20,1
counts_by_cpc.F16H1/28,1
counts_by_cpc.F16H1/32,1
counts_by_cpc.F16H19/00,3
counts_by_cpc.F16H19/06,1
counts_by_cpc.F16H2025/063,1
counts_by_cpc.F16H2025/2081,2
counts_by_cpc.F16H2025/2087,1
counts_by_cpc.F16H2025/2242,1
counts_by_cpc.F16H2025/2257,2
counts_by_cpc.F16H2025/2276,1
counts_by_cpc.F16H2025/2445,1
counts_by_cpc.F16H2037/105,1
counts_by_cpc.F16H2045/0263,1
counts_by_cpc.F16H2055/176,1
counts_by_cpc.F16H2057/012,1
counts_by_cpc.F16H2057/02034,1
counts_by_cpc.F16H2057/127,1
counts_by_cpc.F16H2059/0286,1
counts_by_cpc.F16H21/04,5
counts_by_cpc.F16H21/28,1
counts_by_cpc.F16H2200/0021,1
counts_by_cpc.F16H2200/006,1
counts_by_cpc.F16H2200/0073,1
counts_by_cpc.F16H2200/2007,1
counts_by_cpc.F16H2200/201,1
counts_by_cpc.F16H2200/2064,1
counts_by_cpc.F16H2200/2094,1
counts_by_cpc.F16H25/06,1
counts_by_cpc.F16H25/14,1
counts_by_cpc.F16H25/186,1
counts_by_cpc.F16H25/2018,1
counts_by_cpc.F16H25/2204,1
counts_by_cpc.F16H25/2252,2
counts_by_cpc.F16H25/2427,1
counts_by_cpc.F16H25/2472,1
counts_by_cpc.F16H27/02,3
counts_by_cpc.F16H29/08,1
counts_by_cpc.F16H3/22,1
counts_by_cpc.F16H3/426,1
counts_by_cpc.F16H3/56,1
counts_by_cpc.F16H3/64,1
counts_by_cpc.F16H3/66,1
counts_by_cpc.F16H3/72,1
counts_by_cpc.F16H31/00,3
counts_by_cpc.F16H37/12,2
counts_by_cpc.F16H37/126,1
counts_by_cpc.F16H41/24,1
counts_by_cpc.F16H45/02,1
counts_by_cpc.F16H47/00,1
counts_by_cpc.F16H48/10,1
counts_by_cpc.F16H48/285,1
counts_by_cpc.F16H53/04,1
counts_by_cpc.F16H55/17,1
counts_by_cpc.F16H55/303,1
counts_by_cpc.F16H57/01,1
counts_by_cpc.F16H57/021,1
counts_by_cpc.F16H57/027,2
counts_by_cpc.F16H57/0423,1
counts_by_cpc.F16H57/0427,1
counts_by_cpc.F16H57/043,1
counts_by_cpc.F16H57/0454,1
counts_by_cpc.F16H57/0471,1
counts_by_cpc.F16H57/0484,1
counts_by_cpc.F16H57/08,1
counts_by_cpc.F16H57/10,1
counts_by_cpc.F16H57/12,1
counts_by_cpc.F16H59/0278,1
counts_by_cpc.F16H59/045,1
counts_by_cpc.F16H59/72,1
counts_by_cpc.F16H61/0009,1
counts_by_cpc.F16H63/3069,1
counts_by_cpc.F16H7/06,1
counts_by_cpc.F16H7/18,1
counts_by_cpc.F16J10/02,4
counts_by_cpc.F16J15/002,1
counts_by_cpc.F16J15/022,1
counts_by_cpc.F16J15/027,1
counts_by_cpc.F16J15/127,1
counts_by_cpc.F16J15/32,3
counts_by_cpc.F16J15/3272,1
counts_by_cpc.F16J15/3488,1
counts_by_cpc.F16J15/40,2
counts_by_cpc.F16J15/52,2
counts_by_cpc.F16J15/56,1
counts_by_cpc.F16J3/06,1
counts_by_cpc.F16K1/16,7
counts_by_cpc.F16K1/2007,1
counts_by_cpc.F16K1/2028,1
counts_by_cpc.F16K1/205,1
counts_by_cpc.F16K1/2078,1
counts_by_cpc.F16K1/2085,1
counts_by_cpc.F16K1/32,1
counts_by_cpc.F16K11/07,1
counts_by_cpc.F16K11/0833,2
counts_by_cpc.F16K11/0836,1
counts_by_cpc.F16K11/085,1
counts_by_cpc.F16K11/168,1
counts_by_cpc.F16K11/22,1
counts_by_cpc.F16K15/00,1
counts_by_cpc.F16K15/028,1
counts_by_cpc.F16K15/04,1
counts_by_cpc.F16K15/065,1
counts_by_cpc.F16K15/144,1
counts_by_cpc.F16K15/148,1
counts_by_cpc.F16K15/18,1
counts_by_cpc.F16K17/00,1
counts_by_cpc.F16K17/003,1
counts_by_cpc.F16K17/04,1
counts_by_cpc.F16K17/0433,1
counts_by_cpc.F16K17/048,1
counts_by_cpc.F16K17/30,2
counts_by_cpc.F16K17/34,1
counts_by_cpc.F16K19/006,1
counts_by_cpc.F16K2099/0074,1
counts_by_cpc.F16K2099/0084,1
counts_by_cpc.F16K2099/0086,1
counts_by_cpc.F16K2099/009,1
counts_by_cpc.F16K25/005,1
counts_by_cpc.F16K27/00,11
counts_by_cpc.F16K27/003,7
counts_by_cpc.F16K27/02,1
counts_by_cpc.F16K27/0236,1
counts_by_cpc.F16K27/0263,1
counts_by_cpc.F16K27/044,1
counts_by_cpc.F16K27/12,6
counts_by_cpc.F16K3/0227,1
counts_by_cpc.F16K3/085,3
counts_by_cpc.F16K3/20,1
counts_by_cpc.F16K3/34,3
counts_by_cpc.F16K31/001,1
counts_by_cpc.F16K31/043,1
counts_by_cpc.F16K31/047,1
counts_by_cpc.F16K31/06,1
counts_by_cpc.F16K31/0606,1
counts_by_cpc.F16K31/0627,1
counts_by_cpc.F16K31/082,1
counts_by_cpc.F16K31/084,1
counts_by_cpc.F16K31/086,9
counts_by_cpc.F16K31/126,1
counts_by_cpc.F16K31/163,1
counts_by_cpc.F16K31/408,4
counts_by_cpc.F16K31/44,1
counts_by_cpc.F16K31/52,1
counts_by_cpc.F16K31/54,1
counts_by_cpc.F16K37/0008,1
counts_by_cpc.F16K37/0041,1
counts_by_cpc.F16K37/0066,1
counts_by_cpc.F16K39/024,1
counts_by_cpc.F16K39/028,1
counts_by_cpc.F16K41/10,1
counts_by_cpc.F16K5/02,1
counts_by_cpc.F16K5/0214,1
counts_by_cpc.F16K51/02,4
counts_by_cpc.F16K7/10,5
counts_by_cpc.F16K99/0001,1
counts_by_cpc.F16K99/0005,1
counts_by_cpc.F16K99/0034,1
counts_by_cpc.F16K99/0044,1
counts_by_cpc.F16L11/10,5
counts_by_cpc.F16L11/20,1
counts_by_cpc.F16L13/04,1
counts_by_cpc.F16L13/141,1
counts_by_cpc.F16L13/142,1
counts_by_cpc.F16L13/148,1
counts_by_cpc.F16L13/161,1
counts_by_cpc.F16L17/06,1
counts_by_cpc.F16L19/0206,1
counts_by_cpc.F16L19/0212,1
counts_by_cpc.F16L21/08,1
counts_by_cpc.F16L2201/10,2
counts_by_cpc.F16L25/01,1
counts_by_cpc.F16L25/08,1
counts_by_cpc.F16L27/04,2
counts_by_cpc.F16L27/047,1
counts_by_cpc.F16L27/073,1
counts_by_cpc.F16L27/08,1
counts_by_cpc.F16L27/1021,1
counts_by_cpc.F16L27/125,1
counts_by_cpc.F16L3/00,1
counts_by_cpc.F16L3/04,1
counts_by_cpc.F16L3/08,1
counts_by_cpc.F16L3/085,1
counts_by_cpc.F16L3/10,1
counts_by_cpc.F16L3/1091,1
counts_by_cpc.F16L3/127,2
counts_by_cpc.F16L3/13,3
counts_by_cpc.F16L3/227,1
counts_by_cpc.F16L3/233,3
counts_by_cpc.F16L3/237,1
counts_by_cpc.F16L3/24,1
counts_by_cpc.F16L3/2431,1
counts_by_cpc.F16L3/26,1
counts_by_cpc.F16L37/00,1
counts_by_cpc.F16L37/025,1
counts_by_cpc.F16L37/0847,1
counts_by_cpc.F16L37/086,2
counts_by_cpc.F16L37/088,1
counts_by_cpc.F16L37/0885,1
counts_by_cpc.F16L37/0925,1
counts_by_cpc.F16L37/0926,1
counts_by_cpc.F16L37/0927,1
counts_by_cpc.F16L37/098,1
counts_by_cpc.F16L37/12,1
counts_by_cpc.F16L37/244,2
counts_by_cpc.F16L37/26,3
counts_by_cpc.F16L37/34,1
counts_by_cpc.F16L37/35,2
counts_by_cpc.F16L37/367,1
counts_by_cpc.F16L37/413,1
counts_by_cpc.F16L39/00,1
counts_by_cpc.F16L41/007,1
counts_by_cpc.F16L41/03,2
counts_by_cpc.F16L41/06,1
counts_by_cpc.F16L41/08,1
counts_by_cpc.F16L41/18,2
counts_by_cpc.F16L55/1116,1
counts_by_cpc.F16L55/124,1
counts_by_cpc.F16L55/38,1
counts_by_cpc.F16L59/00,1
counts_by_cpc.F16L59/024,1
counts_by_cpc.F16L59/026,1
counts_by_cpc.F16L59/029,2
counts_by_cpc.F16L59/14,1
counts_by_cpc.F16L7/02,1
counts_by_cpc.F16L9/02,1
counts_by_cpc.F16M11/00,1
counts_by_cpc.F16M11/04,10
counts_by_cpc.F16M11/041,85
counts_by_cpc.F16M11/043,1
counts_by_cpc.F16M11/046,10
counts_by_cpc.F16M11/06,2
counts_by_cpc.F16M11/08,8
counts_by_cpc.F16M11/10,40
counts_by_cpc.F16M11/105,17
counts_by_cpc.F16M11/12,3
counts_by_cpc.F16M11/126,1
counts_by_cpc.F16M11/14,46
counts_by_cpc.F16M11/16,4
counts_by_cpc.F16M11/18,19
counts_by_cpc.F16M11/2014,4
counts_by_cpc.F16M11/2021,6
counts_by_cpc.F16M11/2035,4
counts_by_cpc.F16M11/2057,5
counts_by_cpc.F16M11/2064,6
counts_by_cpc.F16M11/2071,2
counts_by_cpc.F16M11/2078,7
counts_by_cpc.F16M11/2085,1
counts_by_cpc.F16M11/2092,6
counts_by_cpc.F16M11/22,12
counts_by_cpc.F16M11/24,14
counts_by_cpc.F16M11/26,1
counts_by_cpc.F16M11/28,18
counts_by_cpc.F16M11/38,2
counts_by_cpc.F16M11/40,24
counts_by_cpc.F16M11/42,5
counts_by_cpc.F16M13/00,77
counts_by_cpc.F16M13/005,11
counts_by_cpc.F16M13/02,154
counts_by_cpc.F16M13/022,285
counts_by_cpc.F16M13/027,1
counts_by_cpc.F16M13/04,2
counts_by_cpc.F16M13/06,1
counts_by_cpc.F16M2200/00,7
counts_by_cpc.F16M2200/02,10
counts_by_cpc.F16M2200/022,11
counts_by_cpc.F16M2200/024,17
counts_by_cpc.F16M2200/027,4
counts_by_cpc.F16M2200/028,2
counts_by_cpc.F16M2200/04,6
counts_by_cpc.F16M2200/041,11
counts_by_cpc.F16M2200/044,4
counts_by_cpc.F16M2200/047,8
counts_by_cpc.F16M2200/048,8
counts_by_cpc.F16M2200/06,2
counts_by_cpc.F16M2200/063,4
counts_by_cpc.F16M2200/065,9
counts_by_cpc.F16M2200/066,1
counts_by_cpc.F16M2200/068,13
counts_by_cpc.F16M2200/08,15
counts_by_cpc.F16M3/00,1
counts_by_cpc.F16N1/00,1
counts_by_cpc.F16N13/22,1
counts_by_cpc.F16N2210/16,1
counts_by_cpc.F16N25/04,1
counts_by_cpc.F16N29/02,1
counts_by_cpc.F16P1/00,1
counts_by_cpc.F16P1/02,1
counts_by_cpc.F16P1/06,2
counts_by_cpc.F16P3/00,8
counts_by_cpc.F16P7/00,1
counts_by_cpc.F16S1/10,2
counts_by_cpc.F16T1/38,1
counts_by_cpc.F17C11/005,1
counts_by_cpc.F17C13/00,1
counts_by_cpc.F17C2205/013,1
counts_by_cpc.F17C2205/0352,1
counts_by_cpc.F17C2205/037,1
counts_by_cpc.F17C2221/012,4
counts_by_cpc.F17C2223/0161,1
counts_by_cpc.F17C2227/0157,1
counts_by_cpc.F17C2227/0323,1
counts_by_cpc.F17C2265/036,1
counts_by_cpc.F17C2265/066,2
counts_by_cpc.F17C2270/0189,1
counts_by_cpc.F17C5/00,1
counts_by_cpc.F17C7/00,1
counts_by_cpc.F17C7/04,1
counts_by_cpc.F17D5/00,1
counts_by_cpc.F17D5/06,1
counts_by_cpc.F21L14/00,1
counts_by_cpc.F21L14/02,1
counts_by_cpc.F21L14/026,1
counts_by_cpc.F21L14/04,1
counts_by_cpc.F21L4/00,1
counts_by_cpc.F21L4/08,1
counts_by_cpc.F21S10/007,1
counts_by_cpc.F21S10/046,1
counts_by_cpc.F21S2/005,1
counts_by_cpc.F21S4/10,1
counts_by_cpc.F21S4/26,1
counts_by_cpc.F21S4/28,1
counts_by_cpc.F21S41/141,2
counts_by_cpc.F21S41/143,1
counts_by_cpc.F21S41/147,1
counts_by_cpc.F21S41/148,1
counts_by_cpc.F21S41/24,1
counts_by_cpc.F21S41/25,1
counts_by_cpc.F21S41/26,1
counts_by_cpc.F21S41/265,1
counts_by_cpc.F21S41/27,1
counts_by_cpc.F21S41/321,1
counts_by_cpc.F21S41/36,1
counts_by_cpc.F21S41/365,1
counts_by_cpc.F21S41/39,2
counts_by_cpc.F21S43/14,3
counts_by_cpc.F21S43/16,1
counts_by_cpc.F21S43/237,2
counts_by_cpc.F21S43/241,1
counts_by_cpc.F21S43/243,1
counts_by_cpc.F21S43/246,1
counts_by_cpc.F21S43/247,1
counts_by_cpc.F21S43/252,1
counts_by_cpc.F21S43/253,1
counts_by_cpc.F21S43/2621,1
counts_by_cpc.F21S43/30,1
counts_by_cpc.F21S43/31,1
counts_by_cpc.F21S43/33,1
counts_by_cpc.F21S43/37,1
counts_by_cpc.F21S43/40,1
counts_by_cpc.F21S43/401,1
counts_by_cpc.F21S6/00,2
counts_by_cpc.F21S6/001,1
counts_by_cpc.F21S6/002,1
counts_by_cpc.F21S6/004,2
counts_by_cpc.F21S8/026,1
counts_by_cpc.F21S8/033,2
counts_by_cpc.F21S8/038,1
counts_by_cpc.F21S8/04,2
counts_by_cpc.F21S8/088,1
counts_by_cpc.F21S9/02,2
counts_by_cpc.F21S9/03,1
counts_by_cpc.F21S9/037,1
counts_by_cpc.F21V14/025,1
counts_by_cpc.F21V14/06,2
counts_by_cpc.F21V15/01,6
counts_by_cpc.F21V15/013,1
counts_by_cpc.F21V15/015,1
counts_by_cpc.F21V17/00,1
counts_by_cpc.F21V17/007,1
counts_by_cpc.F21V17/02,1
counts_by_cpc.F21V17/06,1
counts_by_cpc.F21V17/12,2
counts_by_cpc.F21V17/16,1
counts_by_cpc.F21V19/0015,1
counts_by_cpc.F21V19/003,1
counts_by_cpc.F21V19/0035,1
counts_by_cpc.F21V19/004,1
counts_by_cpc.F21V19/0055,1
counts_by_cpc.F21V19/006,1
counts_by_cpc.F21V21/02,1
counts_by_cpc.F21V21/04,1
counts_by_cpc.F21V21/06,5
counts_by_cpc.F21V21/08,2
counts_by_cpc.F21V21/0808,3
counts_by_cpc.F21V21/0832,1
counts_by_cpc.F21V21/088,3
counts_by_cpc.F21V21/092,6
counts_by_cpc.F21V21/0925,3
counts_by_cpc.F21V21/096,2
counts_by_cpc.F21V21/12,1
counts_by_cpc.F21V21/15,1
counts_by_cpc.F21V21/30,5
counts_by_cpc.F21V21/34,1
counts_by_cpc.F21V21/40,1
counts_by_cpc.F21V2200/20,1
counts_by_cpc.F21V23/001,1
counts_by_cpc.F21V23/002,4
counts_by_cpc.F21V23/003,3
counts_by_cpc.F21V23/006,1
counts_by_cpc.F21V23/008,1
counts_by_cpc.F21V23/009,2
counts_by_cpc.F21V23/023,4
counts_by_cpc.F21V23/04,1
counts_by_cpc.F21V23/0428,1
counts_by_cpc.F21V23/0442,2
counts_by_cpc.F21V23/045,2
counts_by_cpc.F21V23/0464,1
counts_by_cpc.F21V23/06,7
counts_by_cpc.F21V27/00,1
counts_by_cpc.F21V29/503,1
counts_by_cpc.F21V29/60,1
counts_by_cpc.F21V29/67,1
counts_by_cpc.F21V29/70,1
counts_by_cpc.F21V29/74,1
counts_by_cpc.F21V29/763,1
counts_by_cpc.F21V29/89,1
counts_by_cpc.F21V3/062,1
counts_by_cpc.F21V31/005,4
counts_by_cpc.F21V33/00,1
counts_by_cpc.F21V33/0012,4
counts_by_cpc.F21V33/0028,1
counts_by_cpc.F21V33/0032,1
counts_by_cpc.F21V33/0036,1
counts_by_cpc.F21V33/0056,1
counts_by_cpc.F21V33/008,1
counts_by_cpc.F21V33/0088,1
counts_by_cpc.F21V35/00,1
counts_by_cpc.F21V5/002,1
counts_by_cpc.F21V5/007,1
counts_by_cpc.F21V5/041,1
counts_by_cpc.F21V7/0008,1
counts_by_cpc.F21V7/0033,1
counts_by_cpc.F21V7/18,1
counts_by_cpc.F21V7/30,1
counts_by_cpc.F21W2103/10,1
counts_by_cpc.F21W2103/15,1
counts_by_cpc.F21W2103/20,2
counts_by_cpc.F21W2103/35,1
counts_by_cpc.F21W2103/45,1
counts_by_cpc.F21W2103/55,3
counts_by_cpc.F21W2111/08,1
counts_by_cpc.F21W2121/00,1
counts_by_cpc.F21W2121/02,2
counts_by_cpc.F21W2131/1005,1
counts_by_cpc.F21W2131/107,1
counts_by_cpc.F21W2131/20,1
counts_by_cpc.F21W2131/205,1
counts_by_cpc.F21W2131/301,4
counts_by_cpc.F21W2131/308,1
counts_by_cpc.F21Y2103/00,1
counts_by_cpc.F21Y2103/10,2
counts_by_cpc.F21Y2113/00,1
counts_by_cpc.F21Y2113/10,3
counts_by_cpc.F21Y2113/17,1
counts_by_cpc.F21Y2115/10,17
counts_by_cpc.F21Y2115/30,1
counts_by_cpc.F22B37/72,1
counts_by_cpc.F23B10/00,1
counts_by_cpc.F23C10/005,1
counts_by_cpc.F23C10/28,1
counts_by_cpc.F23C2206/102,1
counts_by_cpc.F23C3/004,1
counts_by_cpc.F23C6/02,1
counts_by_cpc.F23D11/00,1
counts_by_cpc.F23D14/02,1
counts_by_cpc.F23D14/045,1
counts_by_cpc.F23D14/22,1
counts_by_cpc.F23D14/46,1
counts_by_cpc.F23D14/60,1
counts_by_cpc.F23D14/64,1
counts_by_cpc.F23D17/00,1
counts_by_cpc.F23D2202/00,1
counts_by_cpc.F23D2208/10,1
counts_by_cpc.F23D2214/00,1
counts_by_cpc.F23D23/00,1
counts_by_cpc.F23D2900/00017,1
counts_by_cpc.F23G2204/201,5
counts_by_cpc.F23G5/24,1
counts_by_cpc.F23G5/28,1
counts_by_cpc.F23G7/065,1
counts_by_cpc.F23K5/005,1
counts_by_cpc.F23K5/007,1
counts_by_cpc.F23K5/14,1
counts_by_cpc.F23L2900/07005,1
counts_by_cpc.F23L2900/07006,1
counts_by_cpc.F23L7/005,1
counts_by_cpc.F23L7/007,2
counts_by_cpc.F23N1/005,1
counts_by_cpc.F23N1/007,1
counts_by_cpc.F23N2223/08,1
counts_by_cpc.F23N2235/18,1
counts_by_cpc.F23N2237/02,1
counts_by_cpc.F23N2237/10,1
counts_by_cpc.F23N2237/14,1
counts_by_cpc.F23N2237/16,1
counts_by_cpc.F23N2237/28,1
counts_by_cpc.F23N2239/06,1
counts_by_cpc.F23N2241/18,1
counts_by_cpc.F23N3/00,1
counts_by_cpc.F23N3/005,1
counts_by_cpc.F23N5/003,1
counts_by_cpc.F23N5/242,1
counts_by_cpc.F23N5/265,1
counts_by_cpc.F23Q2/32,1
counts_by_cpc.F23Q7/001,1
counts_by_cpc.F23R3/002,2
counts_by_cpc.F23R3/005,1
counts_by_cpc.F23R3/007,1
counts_by_cpc.F23R3/04,1
counts_by_cpc.F23R3/06,2
counts_by_cpc.F23R3/14,3
counts_by_cpc.F23R3/28,2
counts_by_cpc.F23R3/283,3
counts_by_cpc.F23R3/286,2
counts_by_cpc.F23R3/34,1
counts_by_cpc.F24B1/181,1
counts_by_cpc.F24B1/192,1
counts_by_cpc.F24B13/008,1
counts_by_cpc.F24B13/02,1
counts_by_cpc.F24B5/026,1
counts_by_cpc.F24C15/006,4
counts_by_cpc.F24C15/02,1
counts_by_cpc.F24C15/024,3
counts_by_cpc.F24C15/12,1
counts_by_cpc.F24C15/162,1
counts_by_cpc.F24C15/168,1
counts_by_cpc.F24C15/20,1
counts_by_cpc.F24C15/28,1
counts_by_cpc.F24C15/322,1
counts_by_cpc.F24C15/34,1
counts_by_cpc.F24C7/086,1
counts_by_cpc.F24F1/0011,1
counts_by_cpc.F24F1/0057,1
counts_by_cpc.F24F1/02,3
counts_by_cpc.F24F1/027,1
counts_by_cpc.F24F1/0323,3
counts_by_cpc.F24F1/0358,3
counts_by_cpc.F24F1/0378,3
counts_by_cpc.F24F11/00,4
counts_by_cpc.F24F11/30,2
counts_by_cpc.F24F11/32,1
counts_by_cpc.F24F11/38,2
counts_by_cpc.F24F11/46,1
counts_by_cpc.F24F11/52,1
counts_by_cpc.F24F11/523,1
counts_by_cpc.F24F11/56,1
counts_by_cpc.F24F11/58,1
counts_by_cpc.F24F11/64,3
counts_by_cpc.F24F11/72,1
counts_by_cpc.F24F11/89,2
counts_by_cpc.F24F13/00,2
counts_by_cpc.F24F13/0227,1
counts_by_cpc.F24F13/0604,3
counts_by_cpc.F24F13/20,8
counts_by_cpc.F24F13/222,1
counts_by_cpc.F24F2003/144,1
counts_by_cpc.F24F2006/008,3
counts_by_cpc.F24F2006/143,1
counts_by_cpc.F24F2006/146,1
counts_by_cpc.F24F2007/0025,1
counts_by_cpc.F24F2009/002,1
counts_by_cpc.F24F2013/205,3
counts_by_cpc.F24F2013/207,2
counts_by_cpc.F24F2110/10,2
counts_by_cpc.F24F2110/12,1
counts_by_cpc.F24F2110/20,2
counts_by_cpc.F24F2110/22,1
counts_by_cpc.F24F2110/32,1
counts_by_cpc.F24F2110/40,1
counts_by_cpc.F24F2110/66,1
counts_by_cpc.F24F2130/10,1
counts_by_cpc.F24F2130/20,1
counts_by_cpc.F24F2140/40,1
counts_by_cpc.F24F2140/60,1
counts_by_cpc.F24F2221/10,3
counts_by_cpc.F24F2221/12,2
counts_by_cpc.F24F2221/125,1
counts_by_cpc.F24F2221/17,2
counts_by_cpc.F24F2221/34,5
counts_by_cpc.F24F2221/36,5
counts_by_cpc.F24F2221/38,1
counts_by_cpc.F24F3/14,6
counts_by_cpc.F24F3/163,1
counts_by_cpc.F24F5/0035,1
counts_by_cpc.F24F5/0092,1
counts_by_cpc.F24F6/02,1
counts_by_cpc.F24F6/12,1
counts_by_cpc.F24F6/14,2
counts_by_cpc.F24F7/02,2
counts_by_cpc.F24F8/10,1
counts_by_cpc.F24F8/108,3
counts_by_cpc.F24F8/22,1
counts_by_cpc.F24F9/00,2
counts_by_cpc.F24H1/107,1
counts_by_cpc.F24H1/145,1
counts_by_cpc.F24H1/185,1
counts_by_cpc.F24H15/305,1
counts_by_cpc.F24H3/022,3
counts_by_cpc.F24H8/006,1
counts_by_cpc.F24H9/0005,1
counts_by_cpc.F24H9/16,1
counts_by_cpc.F24H9/1836,1
counts_by_cpc.F24H9/2014,1
counts_by_cpc.F24H9/2021,1
counts_by_cpc.F24H9/2035,1
counts_by_cpc.F24S25/00,4
counts_by_cpc.F25B13/00,1
counts_by_cpc.F25B21/02,5
counts_by_cpc.F25B2313/02731,1
counts_by_cpc.F25B2313/02741,1
counts_by_cpc.F25B2321/0212,1
counts_by_cpc.F25B2341/0011,1
counts_by_cpc.F25B2341/0013,1
counts_by_cpc.F25B2345/001,1
counts_by_cpc.F25B2345/003,1
counts_by_cpc.F25B2345/004,1
counts_by_cpc.F25B2345/006,1
counts_by_cpc.F25B2400/13,1
counts_by_cpc.F25B2500/01,1
counts_by_cpc.F25B2500/16,1
counts_by_cpc.F25B2500/26,1
counts_by_cpc.F25B2600/2507,1
counts_by_cpc.F25B2700/197,1
counts_by_cpc.F25B31/004,1
counts_by_cpc.F25B31/026,1
counts_by_cpc.F25B41/20,1
counts_by_cpc.F25B41/31,1
counts_by_cpc.F25B41/42,1
counts_by_cpc.F25B43/003,1
counts_by_cpc.F25B45/00,1
counts_by_cpc.F25B49/022,1
counts_by_cpc.F25D11/00,5
counts_by_cpc.F25D11/022,1
counts_by_cpc.F25D13/065,4
counts_by_cpc.F25D13/067,6
counts_by_cpc.F25D17/06,1
counts_by_cpc.F25D17/065,1
counts_by_cpc.F25D17/067,1
counts_by_cpc.F25D21/006,1
counts_by_cpc.F25D21/04,5
counts_by_cpc.F25D21/08,1
counts_by_cpc.F25D21/14,5
counts_by_cpc.F25D23/02,1
counts_by_cpc.F25D23/021,1
counts_by_cpc.F25D23/028,4
counts_by_cpc.F25D23/062,2
counts_by_cpc.F25D23/063,2
counts_by_cpc.F25D23/087,1
counts_by_cpc.F25D23/12,3
counts_by_cpc.F25D2303/0822,1
counts_by_cpc.F25D2317/061,1
counts_by_cpc.F25D2317/0654,1
counts_by_cpc.F25D2317/0664,1
counts_by_cpc.F25D2317/0681,1
counts_by_cpc.F25D2317/0682,1
counts_by_cpc.F25D2331/803,1
counts_by_cpc.F25D2331/809,1
counts_by_cpc.F25D2400/40,1
counts_by_cpc.F25D25/025,1
counts_by_cpc.F25D25/04,3
counts_by_cpc.F25D27/00,1
counts_by_cpc.F25D2700/122,1
counts_by_cpc.F25D29/005,1
counts_by_cpc.F25D3/08,1
counts_by_cpc.F25D31/00,1
counts_by_cpc.F25D31/007,1
counts_by_cpc.F25J2205/24,1
counts_by_cpc.F25J2205/60,1
counts_by_cpc.F25J2240/60,1
counts_by_cpc.F25J2270/90,1
counts_by_cpc.F25J2290/42,4
counts_by_cpc.F25J3/0409,1
counts_by_cpc.F25J3/04242,1
counts_by_cpc.F25J3/04278,1
counts_by_cpc.F25J3/04412,1
counts_by_cpc.F25J3/04472,4
counts_by_cpc.F25J3/04866,1
counts_by_cpc.F25J3/0489,4
counts_by_cpc.F25J3/04896,4
counts_by_cpc.F26B13/145,1
counts_by_cpc.F26B15/122,1
counts_by_cpc.F26B15/14,1
counts_by_cpc.F26B15/22,1
counts_by_cpc.F26B17/045,1
counts_by_cpc.F26B17/266,1
counts_by_cpc.F26B21/00,2
counts_by_cpc.F26B21/001,4
counts_by_cpc.F26B21/003,1
counts_by_cpc.F26B21/006,1
counts_by_cpc.F26B21/14,1
counts_by_cpc.F26B21/50,2
counts_by_cpc.F26B2200/08,1
counts_by_cpc.F26B2200/18,1
counts_by_cpc.F26B2210/04,1
counts_by_cpc.F26B23/00,2
counts_by_cpc.F26B25/002,2
counts_by_cpc.F26B25/003,10
counts_by_cpc.F26B25/006,1
counts_by_cpc.F26B25/04,1
counts_by_cpc.F26B25/18,1
counts_by_cpc.F26B3/04,2
counts_by_cpc.F26B3/283,1
counts_by_cpc.F26B3/30,1
counts_by_cpc.F26B3/347,1
counts_by_cpc.F26B5/04,10
counts_by_cpc.F26B5/06,1
counts_by_cpc.F26B5/08,1
counts_by_cpc.F26B5/16,2
counts_by_cpc.F26B9/003,1
counts_by_cpc.F26B9/10,1
counts_by_cpc.F27B3/225,1
counts_by_cpc.F27B9/262,2
counts_by_cpc.F27B9/38,5
counts_by_cpc.F27D2003/0051,2
counts_by_cpc.F27D2003/0068,3
counts_by_cpc.F27D2003/0079,1
counts_by_cpc.F27D2003/008,2
counts_by_cpc.F27D2003/0087,1
counts_by_cpc.F27D2003/164,1
counts_by_cpc.F27D2003/165,1
counts_by_cpc.F27D2003/168,1
counts_by_cpc.F27D3/0022,5
counts_by_cpc.F27D3/0024,2
counts_by_cpc.F27D3/06,2
counts_by_cpc.F27D3/16,1
counts_by_cpc.F27D5/0056,1
counts_by_cpc.F27D99/0033,1
counts_by_cpc.F27M2001/1521,2
counts_by_cpc.F27M2001/1543,1
counts_by_cpc.F28D1/05316,1
counts_by_cpc.F28D11/04,1
counts_by_cpc.F28D13/00,1
counts_by_cpc.F28D15/0233,1
counts_by_cpc.F28D15/046,1
counts_by_cpc.F28D20/023,1
counts_by_cpc.F28D2001/0293,1
counts_by_cpc.F28D2021/0024,1
counts_by_cpc.F28D7/10,1
counts_by_cpc.F28D7/16,1
counts_by_cpc.F28F19/002,1
counts_by_cpc.F28F21/04,1
counts_by_cpc.F28F2265/02,1
counts_by_cpc.F28F3/02,1
counts_by_cpc.F28F5/06,4
counts_by_cpc.F28F9/02,1
counts_by_cpc.F41A17/38,1
counts_by_cpc.F41A21/02,1
counts_by_cpc.F41A21/30,1
counts_by_cpc.F41A23/02,1
counts_by_cpc.F41A23/06,1
counts_by_cpc.F41A23/28,1
counts_by_cpc.F41A23/52,1
counts_by_cpc.F41A29/00,1
counts_by_cpc.F41A33/00,1
counts_by_cpc.F41A9/83,2
counts_by_cpc.F41B15/02,1
counts_by_cpc.F41C23/06,1
counts_by_cpc.F41C23/08,1
counts_by_cpc.F41C23/14,1
counts_by_cpc.F41C23/16,1
counts_by_cpc.F41C23/20,1
counts_by_cpc.F41G1/08,1
counts_by_cpc.F41G1/12,1
counts_by_cpc.F41G1/345,2
counts_by_cpc.F41G1/38,1
counts_by_cpc.F41G1/473,1
counts_by_cpc.F41G1/54,1
counts_by_cpc.F41G11/00,1
counts_by_cpc.F41G3/005,1
counts_by_cpc.F41G3/26,1
counts_by_cpc.F41H11/02,1
counts_by_cpc.F41H11/16,1
counts_by_cpc.F41H11/28,1
counts_by_cpc.F41H13/0025,1
counts_by_cpc.F41H13/005,1
counts_by_cpc.F41H13/0062,1
counts_by_cpc.F41H5/013,1
counts_by_cpc.F41J5/056,1
counts_by_cpc.F41J5/14,1
counts_by_cpc.F41J9/18,1
counts_by_cpc.F41J9/30,1
counts_by_cpc.F42B1/028,1
counts_by_cpc.F42B10/14,1
counts_by_cpc.F42B10/40,1
counts_by_cpc.F42B10/44,1
counts_by_cpc.F42B15/36,1
counts_by_cpc.F42B39/14,1
counts_by_cpc.F42B39/26,1
counts_by_cpc.F42B5/285,1
counts_by_cpc.F42D1/02,1
counts_by_cpc.F42D1/10,1
counts_by_cpc.F42D3/04,1
counts_by_cpc.G01B11/005,1
counts_by_cpc.G01B11/02,1
counts_by_cpc.G01B11/022,2
counts_by_cpc.G01B11/024,2
counts_by_cpc.G01B11/028,2
counts_by_cpc.G01B11/04,1
counts_by_cpc.G01B11/043,1
counts_by_cpc.G01B11/046,1
counts_by_cpc.G01B11/0608,4
counts_by_cpc.G01B11/0616,1
counts_by_cpc.G01B11/0625,1
counts_by_cpc.G01B11/0683,1
counts_by_cpc.G01B11/0691,1
counts_by_cpc.G01B11/14,3
counts_by_cpc.G01B11/22,1
counts_by_cpc.G01B11/24,1
counts_by_cpc.G01B11/2441,2
counts_by_cpc.G01B11/25,1
counts_by_cpc.G01B11/2522,1
counts_by_cpc.G01B11/26,3
counts_by_cpc.G01B11/285,2
counts_by_cpc.G01B11/30,2
counts_by_cpc.G01B13/06,3
counts_by_cpc.G01B13/16,10
counts_by_cpc.G01B15/025,1
counts_by_cpc.G01B17/025,1
counts_by_cpc.G01B21/02,2
counts_by_cpc.G01B21/04,1
counts_by_cpc.G01B21/042,2
counts_by_cpc.G01B21/045,1
counts_by_cpc.G01B21/047,1
counts_by_cpc.G01B21/08,2
counts_by_cpc.G01B21/16,1
counts_by_cpc.G01B21/20,1
counts_by_cpc.G01B21/30,1
counts_by_cpc.G01B2210/42,5
counts_by_cpc.G01B2210/62,6
counts_by_cpc.G01B2290/45,1
counts_by_cpc.G01B2290/70,1
counts_by_cpc.G01B3/008,2
counts_by_cpc.G01B3/04,1
counts_by_cpc.G01B3/08,2
counts_by_cpc.G01B5/00,2
counts_by_cpc.G01B5/0002,7
counts_by_cpc.G01B5/0004,27
counts_by_cpc.G01B5/0007,13
counts_by_cpc.G01B5/0009,1
counts_by_cpc.G01B5/0016,1
counts_by_cpc.G01B5/0025,1
counts_by_cpc.G01B5/003,1
counts_by_cpc.G01B5/004,1
counts_by_cpc.G01B5/008,1
counts_by_cpc.G01B5/012,5
counts_by_cpc.G01B5/016,1
counts_by_cpc.G01B5/02,2
counts_by_cpc.G01B5/068,1
counts_by_cpc.G01B5/08,1
counts_by_cpc.G01B5/12,1
counts_by_cpc.G01B5/14,1
counts_by_cpc.G01B5/20,1
counts_by_cpc.G01B5/201,1
counts_by_cpc.G01B5/207,1
counts_by_cpc.G01B5/25,1
counts_by_cpc.G01B5/28,1
counts_by_cpc.G01B5/285,1
counts_by_cpc.G01B7/003,1
counts_by_cpc.G01B7/008,3
counts_by_cpc.G01B7/012,6
counts_by_cpc.G01B7/023,1
counts_by_cpc.G01B7/06,14
counts_by_cpc.G01B7/10,1
counts_by_cpc.G01B7/107,7
counts_by_cpc.G01B7/28,1
counts_by_cpc.G01B9/00,1
counts_by_cpc.G01B9/02007,1
counts_by_cpc.G01B9/02052,1
counts_by_cpc.G01B9/0209,1
counts_by_cpc.G01B9/02092,1
counts_by_cpc.G01B9/023,1
counts_by_cpc.G01C11/00,2
counts_by_cpc.G01C19/5684,1
counts_by_cpc.G01C19/5776,1
counts_by_cpc.G01C19/72,1
counts_by_cpc.G01C19/721,1
counts_by_cpc.G01C21/005,1
counts_by_cpc.G01C21/12,1
counts_by_cpc.G01C21/20,1
counts_by_cpc.G01C21/203,1
counts_by_cpc.G01C21/206,1
counts_by_cpc.G01C21/265,1
counts_by_cpc.G01C21/30,2
counts_by_cpc.G01C21/32,1
counts_by_cpc.G01C21/34,1
counts_by_cpc.G01C21/3415,2
counts_by_cpc.G01C21/3446,1
counts_by_cpc.G01C21/3453,1
counts_by_cpc.G01C21/3461,3
counts_by_cpc.G01C21/3469,2
counts_by_cpc.G01C21/3484,2
counts_by_cpc.G01C21/3492,1
counts_by_cpc.G01C21/3602,1
counts_by_cpc.G01C21/3617,1
counts_by_cpc.G01C21/362,1
counts_by_cpc.G01C21/3629,2
counts_by_cpc.G01C21/3647,1
counts_by_cpc.G01C21/3652,1
counts_by_cpc.G01C21/3655,1
counts_by_cpc.G01C21/3667,1
counts_by_cpc.G01C21/3807,1
counts_by_cpc.G01C21/3811,1
counts_by_cpc.G01C21/3815,1
counts_by_cpc.G01C21/3841,1
counts_by_cpc.G01C21/3881,1
counts_by_cpc.G01C21/3885,1
counts_by_cpc.G01C3/08,1
counts_by_cpc.G01C3/085,1
counts_by_cpc.G01D1/18,5
counts_by_cpc.G01D11/24,1
counts_by_cpc.G01D11/245,2
counts_by_cpc.G01D11/30,3
counts_by_cpc.G01D15/16,1
counts_by_cpc.G01D21/02,7
counts_by_cpc.G01D2205/40,1
counts_by_cpc.G01D5/02,1
counts_by_cpc.G01D5/14,1
counts_by_cpc.G01D5/142,1
counts_by_cpc.G01D5/145,2
counts_by_cpc.G01D5/241,1
counts_by_cpc.G01D5/342,1
counts_by_cpc.G01D5/34761,1
counts_by_cpc.G01D7/00,5
counts_by_cpc.G01F1/007,1
counts_by_cpc.G01F1/065,1
counts_by_cpc.G01F1/363,1
counts_by_cpc.G01F1/662,1
counts_by_cpc.G01F1/663,1
counts_by_cpc.G01F1/667,1
counts_by_cpc.G01F1/6842,14
counts_by_cpc.G01F1/6845,14
counts_by_cpc.G01F1/69,1
counts_by_cpc.G01F1/692,1
counts_by_cpc.G01F1/696,1
counts_by_cpc.G01F1/698,1
counts_by_cpc.G01F1/6986,1
counts_by_cpc.G01F1/699,1
counts_by_cpc.G01F1/74,1
counts_by_cpc.G01F1/84,2
counts_by_cpc.G01F1/8427,1
counts_by_cpc.G01F1/8436,1
counts_by_cpc.G01F1/845,1
counts_by_cpc.G01F1/88,1
counts_by_cpc.G01F1/90,1
counts_by_cpc.G01F11/021,1
counts_by_cpc.G01F11/28,1
counts_by_cpc.G01F15/005,1
counts_by_cpc.G01F15/14,1
counts_by_cpc.G01F19/00,1
counts_by_cpc.G01F23/0007,1
counts_by_cpc.G01F23/0023,1
counts_by_cpc.G01F23/14,1
counts_by_cpc.G01F23/261,1
counts_by_cpc.G01F23/284,1
counts_by_cpc.G01F23/2962,1
counts_by_cpc.G01F23/686,1
counts_by_cpc.G01F23/804,1
counts_by_cpc.G01F25/10,1
counts_by_cpc.G01F25/20,1
counts_by_cpc.G01F3/38,1
counts_by_cpc.G01F5/00,1
counts_by_cpc.G01F9/00,1
counts_by_cpc.G01G11/003,1
counts_by_cpc.G01G11/04,2
counts_by_cpc.G01G11/043,1
counts_by_cpc.G01G11/10,1
counts_by_cpc.G01G11/12,1
counts_by_cpc.G01G13/026,1
counts_by_cpc.G01G15/00,9
counts_by_cpc.G01G17/00,2
counts_by_cpc.G01G17/04,2
counts_by_cpc.G01G17/06,1
counts_by_cpc.G01G17/08,4
counts_by_cpc.G01G19/03,1
counts_by_cpc.G01G19/06,2
counts_by_cpc.G01G19/14,3
counts_by_cpc.G01G19/18,2
counts_by_cpc.G01G19/393,1
counts_by_cpc.G01G19/56,1
counts_by_cpc.G01G21/08,1
counts_by_cpc.G01G21/23,1
counts_by_cpc.G01G23/00,1
counts_by_cpc.G01G23/18,1
counts_by_cpc.G01G5/003,1
counts_by_cpc.G01G5/006,7
counts_by_cpc.G01H1/00,2
counts_by_cpc.G01H1/003,2
counts_by_cpc.G01H1/06,1
counts_by_cpc.G01H3/08,1
counts_by_cpc.G01J1/0425,1
counts_by_cpc.G01J1/4257,1
counts_by_cpc.G01J1/44,2
counts_by_cpc.G01J2001/444,1
counts_by_cpc.G01J2001/446,1
counts_by_cpc.G01J2003/2866,1
counts_by_cpc.G01J2005/0077,1
counts_by_cpc.G01J3/00,1
counts_by_cpc.G01J3/02,1
counts_by_cpc.G01J3/0237,1
counts_by_cpc.G01J3/12,1
counts_by_cpc.G01J3/1256,1
counts_by_cpc.G01J3/26,2
counts_by_cpc.G01J3/28,4
counts_by_cpc.G01J3/2803,1
counts_by_cpc.G01J3/2823,2
counts_by_cpc.G01J3/42,1
counts_by_cpc.G01J3/4406,1
counts_by_cpc.G01J3/453,1
counts_by_cpc.G01J4/04,1
counts_by_cpc.G01J5/00,1
counts_by_cpc.G01J5/0022,1
counts_by_cpc.G01J5/0025,1
counts_by_cpc.G01J5/0096,1
counts_by_cpc.G01J5/026,1
counts_by_cpc.G01J5/03,1
counts_by_cpc.G01J5/10,1
counts_by_cpc.G01K1/026,1
counts_by_cpc.G01K1/08,1
counts_by_cpc.G01K1/14,1
counts_by_cpc.G01K1/146,1
counts_by_cpc.G01K15/002,1
counts_by_cpc.G01K15/005,1
counts_by_cpc.G01K15/007,1
counts_by_cpc.G01K5/025,1
counts_by_cpc.G01K5/483,1
counts_by_cpc.G01K7/16,1
counts_by_cpc.G01K7/18,1
counts_by_cpc.G01K7/22,2
counts_by_cpc.G01K7/30,1
counts_by_cpc.G01L1/02,1
counts_by_cpc.G01L1/18,1
counts_by_cpc.G01L1/2206,1
counts_by_cpc.G01L1/225,1
counts_by_cpc.G01L1/2293,1
counts_by_cpc.G01L19/0061,1
counts_by_cpc.G01L19/06,1
counts_by_cpc.G01L19/08,2
counts_by_cpc.G01L19/086,1
counts_by_cpc.G01L19/12,3
counts_by_cpc.G01L19/147,1
counts_by_cpc.G01L23/06,1
counts_by_cpc.G01L27/002,1
counts_by_cpc.G01L27/007,1
counts_by_cpc.G01L5/0028,1
counts_by_cpc.G01L5/10,2
counts_by_cpc.G01L5/1627,10
counts_by_cpc.G01L5/226,10
counts_by_cpc.G01L5/228,1
counts_by_cpc.G01L5/26,1
counts_by_cpc.G01L9/0042,1
counts_by_cpc.G01L9/0073,2
counts_by_cpc.G01L9/08,5
counts_by_cpc.G01M1/36,1
counts_by_cpc.G01M11/02,3
counts_by_cpc.G01M11/0207,6
counts_by_cpc.G01M11/0214,5
counts_by_cpc.G01M11/0221,1
counts_by_cpc.G01M11/0278,1
counts_by_cpc.G01M11/3109,1
counts_by_cpc.G01M13/021,1
counts_by_cpc.G01M13/028,2
counts_by_cpc.G01M13/045,2
counts_by_cpc.G01M15/02,1
counts_by_cpc.G01M15/12,1
counts_by_cpc.G01M17/04,1
counts_by_cpc.G01M3/02,1
counts_by_cpc.G01M3/04,2
counts_by_cpc.G01M3/224,1
counts_by_cpc.G01M3/26,2
counts_by_cpc.G01M3/2815,1
counts_by_cpc.G01M3/2838,1
counts_by_cpc.G01M3/2846,1
counts_by_cpc.G01M3/3236,1
counts_by_cpc.G01M3/3254,1
counts_by_cpc.G01M3/3263,1
counts_by_cpc.G01M3/366,1
counts_by_cpc.G01M3/38,1
counts_by_cpc.G01M7/022,1
counts_by_cpc.G01M99/005,2
counts_by_cpc.G01N1/04,8
counts_by_cpc.G01N1/12,1
counts_by_cpc.G01N1/14,16
counts_by_cpc.G01N1/22,1
counts_by_cpc.G01N1/2214,1
counts_by_cpc.G01N1/2226,1
counts_by_cpc.G01N1/28,7
counts_by_cpc.G01N1/2813,1
counts_by_cpc.G01N1/286,7
counts_by_cpc.G01N1/30,2
counts_by_cpc.G01N1/31,2
counts_by_cpc.G01N1/312,1
counts_by_cpc.G01N1/34,18
counts_by_cpc.G01N1/38,1
counts_by_cpc.G01N1/40,1
counts_by_cpc.G01N1/4077,1
counts_by_cpc.G01N1/42,1
counts_by_cpc.G01N1/44,1
counts_by_cpc.G01N11/00,1
counts_by_cpc.G01N11/16,1
counts_by_cpc.G01N15/0656,1
counts_by_cpc.G01N15/14,1
counts_by_cpc.G01N15/1433,1
counts_by_cpc.G01N15/1436,1
counts_by_cpc.G01N15/1468,1
counts_by_cpc.G01N15/147,1
counts_by_cpc.G01N15/149,1
counts_by_cpc.G01N17/04,1
counts_by_cpc.G01N19/02,1
counts_by_cpc.G01N2001/1025,2
counts_by_cpc.G01N2001/1043,2
counts_by_cpc.G01N2001/1418,16
counts_by_cpc.G01N2001/2873,6
counts_by_cpc.G01N2001/307,1
counts_by_cpc.G01N2001/317,1
counts_by_cpc.G01N2001/4038,1
counts_by_cpc.G01N2001/4088,1
counts_by_cpc.G01N2015/0019,1
counts_by_cpc.G01N2015/1497,1
counts_by_cpc.G01N2021/0106,1
counts_by_cpc.G01N2021/0112,1
counts_by_cpc.G01N2021/1719,1
counts_by_cpc.G01N2021/1721,1
counts_by_cpc.G01N2021/3155,2
counts_by_cpc.G01N2021/3595,1
counts_by_cpc.G01N2021/458,1
counts_by_cpc.G01N2021/6417,1
counts_by_cpc.G01N2021/6423,1
counts_by_cpc.G01N2021/6439,2
counts_by_cpc.G01N2021/752,1
counts_by_cpc.G01N2021/8427,1
counts_by_cpc.G01N2021/8438,1
counts_by_cpc.G01N2021/845,2
counts_by_cpc.G01N2021/8592,1
counts_by_cpc.G01N2021/8917,1
counts_by_cpc.G01N2027/222,1
counts_by_cpc.G01N2030/027,2
counts_by_cpc.G01N2030/067,1
counts_by_cpc.G01N2030/167,1
counts_by_cpc.G01N2030/8831,1
counts_by_cpc.G01N2035/00039,1
counts_by_cpc.G01N2035/00059,11
counts_by_cpc.G01N2035/00108,1
counts_by_cpc.G01N2035/00772,1
counts_by_cpc.G01N2035/00851,1
counts_by_cpc.G01N2035/00891,2
counts_by_cpc.G01N2035/0405,2
counts_by_cpc.G01N2035/0406,12
counts_by_cpc.G01N2035/0422,5
counts_by_cpc.G01N2035/1048,1
counts_by_cpc.G01N21/01,2
counts_by_cpc.G01N21/05,1
counts_by_cpc.G01N21/211,1
counts_by_cpc.G01N21/25,2
counts_by_cpc.G01N21/253,1
counts_by_cpc.G01N21/27,2
counts_by_cpc.G01N21/31,2
counts_by_cpc.G01N21/33,2
counts_by_cpc.G01N21/3504,1
counts_by_cpc.G01N21/3563,4
counts_by_cpc.G01N21/3581,5
counts_by_cpc.G01N21/359,3
counts_by_cpc.G01N21/47,1
counts_by_cpc.G01N21/49,1
counts_by_cpc.G01N21/59,1
counts_by_cpc.G01N21/636,1
counts_by_cpc.G01N21/6428,5
counts_by_cpc.G01N21/6456,1
counts_by_cpc.G01N21/6458,4
counts_by_cpc.G01N21/6486,2
counts_by_cpc.G01N21/65,1
counts_by_cpc.G01N21/67,1
counts_by_cpc.G01N21/75,1
counts_by_cpc.G01N21/7746,1
counts_by_cpc.G01N21/78,1
counts_by_cpc.G01N21/783,1
counts_by_cpc.G01N21/81,1
counts_by_cpc.G01N21/84,3
counts_by_cpc.G01N21/85,1
counts_by_cpc.G01N21/87,1
counts_by_cpc.G01N21/88,1
counts_by_cpc.G01N21/8803,1
counts_by_cpc.G01N21/8806,3
counts_by_cpc.G01N21/89,1
counts_by_cpc.G01N21/8901,1
counts_by_cpc.G01N21/8914,1
counts_by_cpc.G01N21/8915,1
counts_by_cpc.G01N21/892,2
counts_by_cpc.G01N21/9027,1
counts_by_cpc.G01N21/9501,1
counts_by_cpc.G01N21/9508,3
counts_by_cpc.G01N21/951,20
counts_by_cpc.G01N22/00,1
counts_by_cpc.G01N2201/0221,2
counts_by_cpc.G01N2201/0238,1
counts_by_cpc.G01N2201/06113,2
counts_by_cpc.G01N2201/0633,1
counts_by_cpc.G01N2201/068,2
counts_by_cpc.G01N2201/10,1
counts_by_cpc.G01N2201/127,1
counts_by_cpc.G01N2201/129,1
counts_by_cpc.G01N2203/0091,1
counts_by_cpc.G01N2203/0248,2
counts_by_cpc.G01N2203/0429,1
counts_by_cpc.G01N2223/04,1
counts_by_cpc.G01N2223/0745,1
counts_by_cpc.G01N2223/076,2
counts_by_cpc.G01N2223/1016,1
counts_by_cpc.G01N2223/102,1
counts_by_cpc.G01N2223/301,1
counts_by_cpc.G01N2223/305,1
counts_by_cpc.G01N2223/32,1
counts_by_cpc.G01N2223/3303,1
counts_by_cpc.G01N2223/34,1
counts_by_cpc.G01N2223/616,1
counts_by_cpc.G01N2223/617,1
counts_by_cpc.G01N2223/622,1
counts_by_cpc.G01N2223/633,1
counts_by_cpc.G01N2223/642,1
counts_by_cpc.G01N2291/022,1
counts_by_cpc.G01N2291/0226,1
counts_by_cpc.G01N2291/023,1
counts_by_cpc.G01N2291/0251,1
counts_by_cpc.G01N2291/02818,1
counts_by_cpc.G01N2291/0289,4
counts_by_cpc.G01N2291/0421,1
counts_by_cpc.G01N2291/044,1
counts_by_cpc.G01N2291/106,2
counts_by_cpc.G01N2291/267,1
counts_by_cpc.G01N23/046,1
counts_by_cpc.G01N23/06,19
counts_by_cpc.G01N23/08,1
counts_by_cpc.G01N23/083,1
counts_by_cpc.G01N23/16,1
counts_by_cpc.G01N23/20058,1
counts_by_cpc.G01N23/20091,1
counts_by_cpc.G01N23/203,1
counts_by_cpc.G01N23/2204,1
counts_by_cpc.G01N23/222,1
counts_by_cpc.G01N23/223,3
counts_by_cpc.G01N2333/22,1
counts_by_cpc.G01N2333/245,1
counts_by_cpc.G01N2333/26,1
counts_by_cpc.G01N2333/265,1
counts_by_cpc.G01N2333/31,1
counts_by_cpc.G01N2333/315,1
counts_by_cpc.G01N2333/4706,1
counts_by_cpc.G01N2333/4753,1
counts_by_cpc.G01N2333/495,1
counts_by_cpc.G01N2333/521,1
counts_by_cpc.G01N2333/5421,1
counts_by_cpc.G01N2333/575,1
counts_by_cpc.G01N2333/70532,1
counts_by_cpc.G01N2333/70557,1
counts_by_cpc.G01N2333/70578,1
counts_by_cpc.G01N2333/765,1
counts_by_cpc.G01N2333/78,1
counts_by_cpc.G01N2333/91177,1
counts_by_cpc.G01N2333/91245,1
counts_by_cpc.G01N2333/926,1
counts_by_cpc.G01N2333/928,1
counts_by_cpc.G01N2333/96494,1
counts_by_cpc.G01N2400/40,2
counts_by_cpc.G01N25/18,1
counts_by_cpc.G01N25/4853,1
counts_by_cpc.G01N2500/00,1
counts_by_cpc.G01N27/045,1
counts_by_cpc.G01N27/128,1
counts_by_cpc.G01N27/227,1
counts_by_cpc.G01N27/228,2
counts_by_cpc.G01N27/30,1
counts_by_cpc.G01N27/301,2
counts_by_cpc.G01N27/327,1
counts_by_cpc.G01N27/3271,1
counts_by_cpc.G01N27/3272,1
counts_by_cpc.G01N27/3276,1
counts_by_cpc.G01N27/3277,1
counts_by_cpc.G01N27/3278,1
counts_by_cpc.G01N27/333,3
counts_by_cpc.G01N27/3335,1
counts_by_cpc.G01N27/403,1
counts_by_cpc.G01N27/4045,1
counts_by_cpc.G01N27/4145,1
counts_by_cpc.G01N27/416,1
counts_by_cpc.G01N27/4162,1
counts_by_cpc.G01N2800/085,2
counts_by_cpc.G01N2800/18,1
counts_by_cpc.G01N2800/28,2
counts_by_cpc.G01N2800/2814,1
counts_by_cpc.G01N2800/2821,2
counts_by_cpc.G01N2800/2835,1
counts_by_cpc.G01N2800/2878,1
counts_by_cpc.G01N2800/321,1
counts_by_cpc.G01N2800/347,1
counts_by_cpc.G01N2800/368,1
counts_by_cpc.G01N2800/42,1
counts_by_cpc.G01N2800/50,1
counts_by_cpc.G01N2800/52,2
counts_by_cpc.G01N2800/60,1
counts_by_cpc.G01N29/022,1
counts_by_cpc.G01N29/04,19
counts_by_cpc.G01N29/045,2
counts_by_cpc.G01N29/046,1
counts_by_cpc.G01N29/069,2
counts_by_cpc.G01N29/07,1
counts_by_cpc.G01N29/221,1
counts_by_cpc.G01N29/228,1
counts_by_cpc.G01N29/24,1
counts_by_cpc.G01N29/2437,2
counts_by_cpc.G01N29/2493,1
counts_by_cpc.G01N29/4436,1
counts_by_cpc.G01N3/00,1
counts_by_cpc.G01N3/08,1
counts_by_cpc.G01N3/24,1
counts_by_cpc.G01N3/32,1
counts_by_cpc.G01N30/06,1
counts_by_cpc.G01N30/16,1
counts_by_cpc.G01N30/6047,1
counts_by_cpc.G01N30/6078,1
counts_by_cpc.G01N30/7233,1
counts_by_cpc.G01N30/7266,1
counts_by_cpc.G01N30/8665,1
counts_by_cpc.G01N30/8679,1
counts_by_cpc.G01N30/88,1
counts_by_cpc.G01N31/16,1
counts_by_cpc.G01N31/18,1
counts_by_cpc.G01N33/00,1
counts_by_cpc.G01N33/0027,2
counts_by_cpc.G01N33/0047,1
counts_by_cpc.G01N33/005,1
counts_by_cpc.G01N33/0081,4
counts_by_cpc.G01N33/0096,1
counts_by_cpc.G01N33/02,2
counts_by_cpc.G01N33/08,56
counts_by_cpc.G01N33/085,63
counts_by_cpc.G01N33/12,1
counts_by_cpc.G01N33/18,2
counts_by_cpc.G01N33/1806,1
counts_by_cpc.G01N33/182,1
counts_by_cpc.G01N33/1826,1
counts_by_cpc.G01N33/24,1
counts_by_cpc.G01N33/246,1
counts_by_cpc.G01N33/2823,1
counts_by_cpc.G01N33/2858,1
counts_by_cpc.G01N33/343,2
counts_by_cpc.G01N33/346,1
counts_by_cpc.G01N33/36,1
counts_by_cpc.G01N33/4833,1
counts_by_cpc.G01N33/4836,1
counts_by_cpc.G01N33/493,1
counts_by_cpc.G01N33/497,1
counts_by_cpc.G01N33/50,2
counts_by_cpc.G01N33/5005,1
counts_by_cpc.G01N33/5011,1
counts_by_cpc.G01N33/505,1
counts_by_cpc.G01N33/5091,1
counts_by_cpc.G01N33/5094,1
counts_by_cpc.G01N33/5097,1
counts_by_cpc.G01N33/5306,1
counts_by_cpc.G01N33/5308,1
counts_by_cpc.G01N33/535,1
counts_by_cpc.G01N33/54346,2
counts_by_cpc.G01N33/5438,1
counts_by_cpc.G01N33/54388,1
counts_by_cpc.G01N33/553,1
counts_by_cpc.G01N33/563,1
counts_by_cpc.G01N33/56911,1
counts_by_cpc.G01N33/56916,1
counts_by_cpc.G01N33/56938,1
counts_by_cpc.G01N33/56966,1
counts_by_cpc.G01N33/573,1
counts_by_cpc.G01N33/574,1
counts_by_cpc.G01N33/57426,2
counts_by_cpc.G01N33/5743,1
counts_by_cpc.G01N33/57484,1
counts_by_cpc.G01N33/57492,2
counts_by_cpc.G01N33/5755,1
counts_by_cpc.G01N33/58,1
counts_by_cpc.G01N33/582,3
counts_by_cpc.G01N33/585,1
counts_by_cpc.G01N33/68,1
counts_by_cpc.G01N33/6869,1
counts_by_cpc.G01N33/6872,1
counts_by_cpc.G01N33/6875,1
counts_by_cpc.G01N33/689,1
counts_by_cpc.G01N33/6893,5
counts_by_cpc.G01N33/6896,3
counts_by_cpc.G01N33/80,1
counts_by_cpc.G01N33/84,1
counts_by_cpc.G01N35/00029,1
counts_by_cpc.G01N35/00584,2
counts_by_cpc.G01N35/00732,2
counts_by_cpc.G01N35/0099,20
counts_by_cpc.G01N35/025,1
counts_by_cpc.G01N35/026,1
counts_by_cpc.G01N35/04,17
counts_by_cpc.G01N35/08,1
counts_by_cpc.G01N35/10,1
counts_by_cpc.G01N35/1002,1
counts_by_cpc.G01N35/1079,11
counts_by_cpc.G01N35/1083,1
counts_by_cpc.G01N5/04,5
counts_by_cpc.G01P13/00,1
counts_by_cpc.G01P15/0802,1
counts_by_cpc.G01P15/125,2
counts_by_cpc.G01P15/135,1
counts_by_cpc.G01P21/00,1
counts_by_cpc.G01P5/06,1
counts_by_cpc.G01Q60/60,1
counts_by_cpc.G01R1/04,3
counts_by_cpc.G01R1/0458,1
counts_by_cpc.G01R1/06705,2
counts_by_cpc.G01R1/06727,1
counts_by_cpc.G01R1/06733,1
counts_by_cpc.G01R1/073,12
counts_by_cpc.G01R1/07314,2
counts_by_cpc.G01R1/07321,1
counts_by_cpc.G01R1/07328,11
counts_by_cpc.G01R1/07342,3
counts_by_cpc.G01R1/0735,1
counts_by_cpc.G01R1/07364,2
counts_by_cpc.G01R15/06,1
counts_by_cpc.G01R15/181,1
counts_by_cpc.G01R15/183,1
counts_by_cpc.G01R15/20,1
counts_by_cpc.G01R19/0084,2
counts_by_cpc.G01R19/0092,1
counts_by_cpc.G01R19/15,1
counts_by_cpc.G01R19/155,1
counts_by_cpc.G01R19/165,1
counts_by_cpc.G01R19/16523,1
counts_by_cpc.G01R19/16547,1
counts_by_cpc.G01R19/25,1
counts_by_cpc.G01R19/2513,1
counts_by_cpc.G01R21/133,2
counts_by_cpc.G01R23/02,1
counts_by_cpc.G01R23/16,1
counts_by_cpc.G01R27/2605,1
counts_by_cpc.G01R27/32,1
counts_by_cpc.G01R29/10,1
counts_by_cpc.G01R29/24,1
counts_by_cpc.G01R31/00,1
counts_by_cpc.G01R31/001,1
counts_by_cpc.G01R31/085,1
counts_by_cpc.G01R31/088,1
counts_by_cpc.G01R31/2601,3
counts_by_cpc.G01R31/2608,1
counts_by_cpc.G01R31/2621,1
counts_by_cpc.G01R31/2635,1
counts_by_cpc.G01R31/2642,1
counts_by_cpc.G01R31/2656,1
counts_by_cpc.G01R31/2805,2
counts_by_cpc.G01R31/2808,11
counts_by_cpc.G01R31/2822,1
counts_by_cpc.G01R31/2831,3
counts_by_cpc.G01R31/2851,4
counts_by_cpc.G01R31/2874,1
counts_by_cpc.G01R31/2884,1
counts_by_cpc.G01R31/2887,2
counts_by_cpc.G01R31/2893,4
counts_by_cpc.G01R31/308,2
counts_by_cpc.G01R31/316,1
counts_by_cpc.G01R31/31705,1
counts_by_cpc.G01R31/31726,1
counts_by_cpc.G01R31/3177,1
counts_by_cpc.G01R31/3183,1
counts_by_cpc.G01R31/318314,1
counts_by_cpc.G01R31/318328,1
counts_by_cpc.G01R31/318547,1
counts_by_cpc.G01R31/318588,1
counts_by_cpc.G01R31/3644,1
counts_by_cpc.G01R31/367,2
counts_by_cpc.G01R31/3835,1
counts_by_cpc.G01R31/3842,1
counts_by_cpc.G01R31/388,1
counts_by_cpc.G01R31/389,2
counts_by_cpc.G01R31/396,3
counts_by_cpc.G01R31/44,1
counts_by_cpc.G01R31/50,1
counts_by_cpc.G01R31/54,1
counts_by_cpc.G01R31/59,1
counts_by_cpc.G01R33/022,1
counts_by_cpc.G01R33/032,1
counts_by_cpc.G01R33/093,1
counts_by_cpc.G01R33/1284,1
counts_by_cpc.G01R33/20,1
counts_by_cpc.G01R33/26,1
counts_by_cpc.G01R33/34,1
counts_by_cpc.G01R33/34084,1
counts_by_cpc.G01R33/3621,1
counts_by_cpc.G01R33/3804,1
counts_by_cpc.G01R33/3815,1
counts_by_cpc.G01R33/387,1
counts_by_cpc.G01R33/4215,1
counts_by_cpc.G01R33/481,1
counts_by_cpc.G01R33/4828,1
counts_by_cpc.G01R33/4833,1
counts_by_cpc.G01R33/485,1
counts_by_cpc.G01R33/56563,1
counts_by_cpc.G01R33/56572,1
counts_by_cpc.G01R35/005,1
counts_by_cpc.G01R35/007,1
counts_by_cpc.G01S1/04,1
counts_by_cpc.G01S11/02,1
counts_by_cpc.G01S11/04,1
counts_by_cpc.G01S13/003,1
counts_by_cpc.G01S13/0209,1
counts_by_cpc.G01S13/08,3
counts_by_cpc.G01S13/282,1
counts_by_cpc.G01S13/343,1
counts_by_cpc.G01S13/347,1
counts_by_cpc.G01S13/42,1
counts_by_cpc.G01S13/56,1
counts_by_cpc.G01S13/581,1
counts_by_cpc.G01S13/583,1
counts_by_cpc.G01S13/765,2
counts_by_cpc.G01S13/84,1
counts_by_cpc.G01S13/86,1
counts_by_cpc.G01S13/867,2
counts_by_cpc.G01S13/87,1
counts_by_cpc.G01S13/88,1
counts_by_cpc.G01S13/886,1
counts_by_cpc.G01S13/89,4
counts_by_cpc.G01S13/9023,1
counts_by_cpc.G01S13/931,5
counts_by_cpc.G01S13/953,1
counts_by_cpc.G01S15/42,1
counts_by_cpc.G01S15/8902,1
counts_by_cpc.G01S17/04,1
counts_by_cpc.G01S17/06,1
counts_by_cpc.G01S17/08,1
counts_by_cpc.G01S17/10,1
counts_by_cpc.G01S17/34,1
counts_by_cpc.G01S17/58,1
counts_by_cpc.G01S17/89,3
counts_by_cpc.G01S17/894,3
counts_by_cpc.G01S17/931,2
counts_by_cpc.G01S17/933,1
counts_by_cpc.G01S19/14,2
counts_by_cpc.G01S19/215,3
counts_by_cpc.G01S19/33,1
counts_by_cpc.G01S19/47,1
counts_by_cpc.G01S19/48,1
counts_by_cpc.G01S2013/9316,1
counts_by_cpc.G01S2013/9323,1
counts_by_cpc.G01S2013/93272,1
counts_by_cpc.G01S3/06,1
counts_by_cpc.G01S7/006,2
counts_by_cpc.G01S7/021,1
counts_by_cpc.G01S7/0232,1
counts_by_cpc.G01S7/024,1
counts_by_cpc.G01S7/032,1
counts_by_cpc.G01S7/038,1
counts_by_cpc.G01S7/04,1
counts_by_cpc.G01S7/06,1
counts_by_cpc.G01S7/282,1
counts_by_cpc.G01S7/285,1
counts_by_cpc.G01S7/288,1
counts_by_cpc.G01S7/2883,1
counts_by_cpc.G01S7/2923,1
counts_by_cpc.G01S7/2927,1
counts_by_cpc.G01S7/295,1
counts_by_cpc.G01S7/354,1
counts_by_cpc.G01S7/356,1
counts_by_cpc.G01S7/4026,1
counts_by_cpc.G01S7/41,1
counts_by_cpc.G01S7/412,2
counts_by_cpc.G01S7/415,2
counts_by_cpc.G01S7/417,1
counts_by_cpc.G01S7/481,1
counts_by_cpc.G01S7/4814,1
counts_by_cpc.G01S7/4911,1
counts_by_cpc.G01S7/493,1
counts_by_cpc.G01S7/497,1
counts_by_cpc.G01S7/52019,1
counts_by_cpc.G01S7/52077,1
counts_by_cpc.G01S7/52079,1
counts_by_cpc.G01S7/539,1
counts_by_cpc.G01V1/003,1
counts_by_cpc.G01V1/284,1
counts_by_cpc.G01V1/303,1
counts_by_cpc.G01V1/50,2
counts_by_cpc.G01V20/00,1
counts_by_cpc.G01V2210/16,1
counts_by_cpc.G01V3/088,1
counts_by_cpc.G01V5/20,1
counts_by_cpc.G01V8/10,1
counts_by_cpc.G01V8/12,1
counts_by_cpc.G01V8/14,1
counts_by_cpc.G01W1/02,2
counts_by_cpc.G01W1/10,1
counts_by_cpc.G01W1/14,1
counts_by_cpc.G01W2001/006,1
counts_by_cpc.G01W2203/00,1
counts_by_cpc.G02B1/002,2
counts_by_cpc.G02B1/04,2
counts_by_cpc.G02B1/043,9
counts_by_cpc.G02B1/11,1
counts_by_cpc.G02B1/111,1
counts_by_cpc.G02B1/115,1
counts_by_cpc.G02B1/12,1
counts_by_cpc.G02B1/14,2
counts_by_cpc.G02B1/18,1
counts_by_cpc.G02B13/0005,1
counts_by_cpc.G02B13/0065,1
counts_by_cpc.G02B13/16,1
counts_by_cpc.G02B15/142,1
counts_by_cpc.G02B2006/12169,1
counts_by_cpc.G02B2027/0112,1
counts_by_cpc.G02B2027/0118,2
counts_by_cpc.G02B2027/0123,1
counts_by_cpc.G02B2027/0134,1
counts_by_cpc.G02B2027/0138,3
counts_by_cpc.G02B2027/014,1
counts_by_cpc.G02B2027/0141,1
counts_by_cpc.G02B2027/0152,1
counts_by_cpc.G02B2027/0156,1
counts_by_cpc.G02B2027/0169,1
counts_by_cpc.G02B2027/0178,6
counts_by_cpc.G02B2027/0194,1
counts_by_cpc.G02B21/0012,1
counts_by_cpc.G02B21/0032,1
counts_by_cpc.G02B21/0064,1
counts_by_cpc.G02B21/0076,2
counts_by_cpc.G02B21/0088,1
counts_by_cpc.G02B21/06,2
counts_by_cpc.G02B21/14,1
counts_by_cpc.G02B21/16,1
counts_by_cpc.G02B21/26,2
counts_by_cpc.G02B21/34,1
counts_by_cpc.G02B21/36,1
counts_by_cpc.G02B21/367,2
counts_by_cpc.G02B2207/123,2
counts_by_cpc.G02B23/02,1
counts_by_cpc.G02B23/10,1
counts_by_cpc.G02B23/105,1
counts_by_cpc.G02B23/16,1
counts_by_cpc.G02B23/2469,1
counts_by_cpc.G02B25/001,1
counts_by_cpc.G02B25/002,2
counts_by_cpc.G02B25/02,1
counts_by_cpc.G02B26/004,1
counts_by_cpc.G02B26/005,1
counts_by_cpc.G02B26/008,1
counts_by_cpc.G02B26/0816,2
counts_by_cpc.G02B26/10,1
counts_by_cpc.G02B26/101,1
counts_by_cpc.G02B26/105,1
counts_by_cpc.G02B26/121,1
counts_by_cpc.G02B27/0006,1
counts_by_cpc.G02B27/0012,1
counts_by_cpc.G02B27/0018,1
counts_by_cpc.G02B27/0025,1
counts_by_cpc.G02B27/0068,1
counts_by_cpc.G02B27/0081,2
counts_by_cpc.G02B27/0093,2
counts_by_cpc.G02B27/0101,6
counts_by_cpc.G02B27/0103,1
counts_by_cpc.G02B27/0149,1
counts_by_cpc.G02B27/017,2
counts_by_cpc.G02B27/0172,8
counts_by_cpc.G02B27/0176,5
counts_by_cpc.G02B27/1026,1
counts_by_cpc.G02B27/1066,1
counts_by_cpc.G02B27/28,1
counts_by_cpc.G02B27/285,1
counts_by_cpc.G02B27/288,1
counts_by_cpc.G02B27/4205,1
counts_by_cpc.G02B27/44,2
counts_by_cpc.G02B27/646,3
counts_by_cpc.G02B3/0037,1
counts_by_cpc.G02B3/0062,1
counts_by_cpc.G02B3/08,1
counts_by_cpc.G02B3/14,2
counts_by_cpc.G02B30/29,1
counts_by_cpc.G02B30/33,1
counts_by_cpc.G02B5/003,1
counts_by_cpc.G02B5/005,1
counts_by_cpc.G02B5/008,1
counts_by_cpc.G02B5/04,1
counts_by_cpc.G02B5/1814,1
counts_by_cpc.G02B5/1852,1
counts_by_cpc.G02B5/1876,2
counts_by_cpc.G02B5/1895,1
counts_by_cpc.G02B5/20,1
counts_by_cpc.G02B5/201,2
counts_by_cpc.G02B5/22,1
counts_by_cpc.G02B5/223,1
counts_by_cpc.G02B5/282,1
counts_by_cpc.G02B5/285,1
counts_by_cpc.G02B5/3016,2
counts_by_cpc.G02B5/3025,2
counts_by_cpc.G02B5/3033,1
counts_by_cpc.G02B5/3083,1
counts_by_cpc.G02B6/0008,1
counts_by_cpc.G02B6/0016,2
counts_by_cpc.G02B6/0036,1
counts_by_cpc.G02B6/0068,1
counts_by_cpc.G02B6/0073,1
counts_by_cpc.G02B6/0076,1
counts_by_cpc.G02B6/0083,1
counts_by_cpc.G02B6/0086,1
counts_by_cpc.G02B6/02004,1
counts_by_cpc.G02B6/02328,1
counts_by_cpc.G02B6/02395,1
counts_by_cpc.G02B6/032,1
counts_by_cpc.G02B6/04,1
counts_by_cpc.G02B6/105,1
counts_by_cpc.G02B6/124,1
counts_by_cpc.G02B6/13,2
counts_by_cpc.G02B6/131,1
counts_by_cpc.G02B6/2555,1
counts_by_cpc.G02B6/2773,1
counts_by_cpc.G02B6/30,1
counts_by_cpc.G02B6/322,1
counts_by_cpc.G02B6/34,1
counts_by_cpc.G02B6/3803,1
counts_by_cpc.G02B6/3825,3
counts_by_cpc.G02B6/3839,1
counts_by_cpc.G02B6/3849,1
counts_by_cpc.G02B6/3858,1
counts_by_cpc.G02B6/3879,1
counts_by_cpc.G02B6/3887,1
counts_by_cpc.G02B6/38875,2
counts_by_cpc.G02B6/3891,1
counts_by_cpc.G02B6/3893,3
counts_by_cpc.G02B6/3894,1
counts_by_cpc.G02B6/4202,1
counts_by_cpc.G02B6/4221,1
counts_by_cpc.G02B6/4227,1
counts_by_cpc.G02B6/423,1
counts_by_cpc.G02B6/4239,1
counts_by_cpc.G02B6/4246,1
counts_by_cpc.G02B6/4269,1
counts_by_cpc.G02B6/4278,1
counts_by_cpc.G02B6/428,1
counts_by_cpc.G02B6/4403,1
counts_by_cpc.G02B6/4431,1
counts_by_cpc.G02B6/4432,2
counts_by_cpc.G02B6/4442,1
counts_by_cpc.G02B6/4448,1
counts_by_cpc.G02B6/4452,1
counts_by_cpc.G02B6/44528,1
counts_by_cpc.G02B6/4454,1
counts_by_cpc.G02B6/4457,1
counts_by_cpc.G02B7/001,2
counts_by_cpc.G02B7/005,1
counts_by_cpc.G02B7/006,1
counts_by_cpc.G02B7/02,2
counts_by_cpc.G02B7/021,2
counts_by_cpc.G02B7/022,1
counts_by_cpc.G02B7/023,3
counts_by_cpc.G02B7/028,1
counts_by_cpc.G02B7/04,1
counts_by_cpc.G02B7/08,1
counts_by_cpc.G02B7/09,1
counts_by_cpc.G02B7/182,3
counts_by_cpc.G02B7/1821,1
counts_by_cpc.G02B7/183,1
counts_by_cpc.G02B7/198,5
counts_by_cpc.G02B7/32,1
counts_by_cpc.G02B7/36,1
counts_by_cpc.G02B9/60,1
counts_by_cpc.G02B9/64,1
counts_by_cpc.G02C11/10,1
counts_by_cpc.G02C13/00,1
counts_by_cpc.G02C13/001,1
counts_by_cpc.G02C13/003,1
counts_by_cpc.G02C13/005,1
counts_by_cpc.G02C13/008,2
counts_by_cpc.G02C2202/08,31
counts_by_cpc.G02C2202/20,1
counts_by_cpc.G02C5/008,1
counts_by_cpc.G02C5/146,1
counts_by_cpc.G02C7/02,4
counts_by_cpc.G02C7/021,2
counts_by_cpc.G02C7/027,6
counts_by_cpc.G02C7/028,4
counts_by_cpc.G02C7/04,1
counts_by_cpc.G02C7/06,35
counts_by_cpc.G02C7/061,49
counts_by_cpc.G02C7/063,30
counts_by_cpc.G02C7/065,8
counts_by_cpc.G02C7/068,37
counts_by_cpc.G02F1/0136,1
counts_by_cpc.G02F1/0147,1
counts_by_cpc.G02F1/0311,1
counts_by_cpc.G02F1/076,1
counts_by_cpc.G02F1/11,1
counts_by_cpc.G02F1/13,5
counts_by_cpc.G02F1/1309,1
counts_by_cpc.G02F1/1323,1
counts_by_cpc.G02F1/13306,1
counts_by_cpc.G02F1/133308,2
counts_by_cpc.G02F1/133314,1
counts_by_cpc.G02F1/133317,1
counts_by_cpc.G02F1/133325,1
counts_by_cpc.G02F1/133331,3
counts_by_cpc.G02F1/13338,1
counts_by_cpc.G02F1/133502,2
counts_by_cpc.G02F1/133514,2
counts_by_cpc.G02F1/133528,1
counts_by_cpc.G02F1/133603,2
counts_by_cpc.G02F1/133605,1
counts_by_cpc.G02F1/133606,1
counts_by_cpc.G02F1/133608,2
counts_by_cpc.G02F1/133612,2
counts_by_cpc.G02F1/133614,1
counts_by_cpc.G02F1/133615,1
counts_by_cpc.G02F1/133621,1
counts_by_cpc.G02F1/133628,1
counts_by_cpc.G02F1/1339,1
counts_by_cpc.G02F1/134309,1
counts_by_cpc.G02F1/13454,1
counts_by_cpc.G02F1/1347,1
counts_by_cpc.G02F1/136209,2
counts_by_cpc.G02F1/136263,1
counts_by_cpc.G02F1/136286,2
counts_by_cpc.G02F1/1368,1
counts_by_cpc.G02F1/167,1
counts_by_cpc.G02F1/1677,1
counts_by_cpc.G02F1/292,3
counts_by_cpc.G02F1/3519,1
counts_by_cpc.G02F2201/06,1
counts_by_cpc.G02F2201/302,1
counts_by_cpc.G02F2201/465,1
counts_by_cpc.G02F2202/10,1
counts_by_cpc.G02F2203/24,1
counts_by_cpc.G02F2203/50,1
counts_by_cpc.G02F3/026,1
counts_by_cpc.G03B1/48,1
counts_by_cpc.G03B11/06,1
counts_by_cpc.G03B13/34,1
counts_by_cpc.G03B13/36,1
counts_by_cpc.G03B15/02,1
counts_by_cpc.G03B17/12,1
counts_by_cpc.G03B17/14,1
counts_by_cpc.G03B17/55,1
counts_by_cpc.G03B17/561,3
counts_by_cpc.G03B17/566,1
counts_by_cpc.G03B21/113,1
counts_by_cpc.G03B21/14,1
counts_by_cpc.G03B21/142,2
counts_by_cpc.G03B21/145,1
counts_by_cpc.G03B21/147,1
counts_by_cpc.G03B21/2013,2
counts_by_cpc.G03B21/2033,2
counts_by_cpc.G03B21/204,1
counts_by_cpc.G03B21/208,1
counts_by_cpc.G03B21/28,1
counts_by_cpc.G03B21/56,1
counts_by_cpc.G03B21/58,1
counts_by_cpc.G03B21/60,1
counts_by_cpc.G03B21/604,1
counts_by_cpc.G03B21/62,1
counts_by_cpc.G03B21/625,1
counts_by_cpc.G03B2205/0015,1
counts_by_cpc.G03B2205/0023,1
counts_by_cpc.G03B2205/003,2
counts_by_cpc.G03B2205/0038,1
counts_by_cpc.G03B2205/0061,1
counts_by_cpc.G03B2205/0069,3
counts_by_cpc.G03B27/04,1
counts_by_cpc.G03B27/08,1
counts_by_cpc.G03B27/20,12
counts_by_cpc.G03B27/323,1
counts_by_cpc.G03B27/465,1
counts_by_cpc.G03B27/582,1
counts_by_cpc.G03B27/585,1
counts_by_cpc.G03B27/60,13
counts_by_cpc.G03B27/625,1
counts_by_cpc.G03B27/64,5
counts_by_cpc.G03B27/80,1
counts_by_cpc.G03B3/04,1
counts_by_cpc.G03B3/10,1
counts_by_cpc.G03B30/00,1
counts_by_cpc.G03B42/025,1
counts_by_cpc.G03B5/00,1
counts_by_cpc.G03B5/02,1
counts_by_cpc.G03B5/04,1
counts_by_cpc.G03B9/06,1
counts_by_cpc.G03B9/70,1
counts_by_cpc.G03C1/74,1
counts_by_cpc.G03F1/00,5
counts_by_cpc.G03F1/38,1
counts_by_cpc.G03F1/44,1
counts_by_cpc.G03F1/68,1
counts_by_cpc.G03F7/00,6
counts_by_cpc.G03F7/0002,1
counts_by_cpc.G03F7/031,1
counts_by_cpc.G03F7/037,1
counts_by_cpc.G03F7/16,3
counts_by_cpc.G03F7/162,1
counts_by_cpc.G03F7/20,2
counts_by_cpc.G03F7/2002,1
counts_by_cpc.G03F7/2014,3
counts_by_cpc.G03F7/24,2
counts_by_cpc.G03F7/26,2
counts_by_cpc.G03F7/36,1
counts_by_cpc.G03F7/427,1
counts_by_cpc.G03F7/70033,1
counts_by_cpc.G03F7/70125,1
counts_by_cpc.G03F7/70258,1
counts_by_cpc.G03F7/70266,1
counts_by_cpc.G03F7/70466,2
counts_by_cpc.G03F7/705,1
counts_by_cpc.G03F7/70508,1
counts_by_cpc.G03F7/70516,1
counts_by_cpc.G03F7/70525,1
counts_by_cpc.G03F7/706,1
counts_by_cpc.G03F7/70633,1
counts_by_cpc.G03F7/706849,1
counts_by_cpc.G03F7/706851,1
counts_by_cpc.G03F7/70691,5
counts_by_cpc.G03F7/707,34
counts_by_cpc.G03F7/70708,1
counts_by_cpc.G03F7/70716,2
counts_by_cpc.G03F7/70725,1
counts_by_cpc.G03F7/70733,1
counts_by_cpc.G03F7/70741,1
counts_by_cpc.G03F7/7075,2
counts_by_cpc.G03F7/70758,1
counts_by_cpc.G03F7/70775,1
counts_by_cpc.G03F7/70816,1
counts_by_cpc.G03F7/70916,1
counts_by_cpc.G03F7/70925,1
counts_by_cpc.G03F7/70975,2
counts_by_cpc.G03F9/00,10
counts_by_cpc.G03F9/7046,1
counts_by_cpc.G03F9/7088,1
counts_by_cpc.G03G13/0133,1
counts_by_cpc.G03G15/04036,1
counts_by_cpc.G03G15/04072,1
counts_by_cpc.G03G15/043,1
counts_by_cpc.G03G15/0435,1
counts_by_cpc.G03G15/045,1
counts_by_cpc.G03G15/065,1
counts_by_cpc.G03G15/0806,1
counts_by_cpc.G03G15/0808,4
counts_by_cpc.G03G15/081,1
counts_by_cpc.G03G15/0812,1
counts_by_cpc.G03G15/0818,1
counts_by_cpc.G03G15/0822,1
counts_by_cpc.G03G15/0863,1
counts_by_cpc.G03G15/0865,1
counts_by_cpc.G03G15/0868,1
counts_by_cpc.G03G15/087,1
counts_by_cpc.G03G15/0872,1
counts_by_cpc.G03G15/0894,1
counts_by_cpc.G03G15/0928,1
counts_by_cpc.G03G15/161,1
counts_by_cpc.G03G15/1675,1
counts_by_cpc.G03G15/50,1
counts_by_cpc.G03G15/5008,1
counts_by_cpc.G03G15/5045,1
counts_by_cpc.G03G15/5062,1
counts_by_cpc.G03G15/65,1
counts_by_cpc.G03G15/6538,1
counts_by_cpc.G03G15/757,2
counts_by_cpc.G03G15/80,2
counts_by_cpc.G03G21/12,1
counts_by_cpc.G03G21/1633,2
counts_by_cpc.G03G21/1647,4
counts_by_cpc.G03G21/1652,1
counts_by_cpc.G03G21/1676,1
counts_by_cpc.G03G21/1814,4
counts_by_cpc.G03G21/1821,1
counts_by_cpc.G03G21/1825,1
counts_by_cpc.G03G21/1828,1
counts_by_cpc.G03G21/1842,1
counts_by_cpc.G03G21/186,1
counts_by_cpc.G03G21/1864,2
counts_by_cpc.G03G21/206,1
counts_by_cpc.G03G2215/00683,1
counts_by_cpc.G03G2215/00797,1
counts_by_cpc.G03G2215/00877,1
counts_by_cpc.G03G2215/00902,1
counts_by_cpc.G03G2215/00987,1
counts_by_cpc.G03G2215/0404,1
counts_by_cpc.G03G2215/0604,1
counts_by_cpc.G03G2215/0617,1
counts_by_cpc.G03G2215/0636,1
counts_by_cpc.G03G2215/0678,1
counts_by_cpc.G03G2215/0685,1
counts_by_cpc.G03G2215/1614,1
counts_by_cpc.G03G2215/1661,1
counts_by_cpc.G03G2221/1624,1
counts_by_cpc.G03G2221/1654,1
counts_by_cpc.G03G2221/1657,1
counts_by_cpc.G03G2221/169,1
counts_by_cpc.G03G2221/1861,1
counts_by_cpc.G03G2221/1869,1
counts_by_cpc.G03G2221/1884,1
counts_by_cpc.G03G9/0815,1
counts_by_cpc.G03G9/0819,1
counts_by_cpc.G03G9/0827,1
counts_by_cpc.G03G9/08755,1
counts_by_cpc.G03G9/08795,1
counts_by_cpc.G04B17/045,1
counts_by_cpc.G04B17/06,1
counts_by_cpc.G04B17/222,1
counts_by_cpc.G04B19/065,1
counts_by_cpc.G04B19/14,1
counts_by_cpc.G04B19/30,1
counts_by_cpc.G04B37/146,1
counts_by_cpc.G04B37/1486,1
counts_by_cpc.G04B37/18,1
counts_by_cpc.G04C10/02,1
counts_by_cpc.G04C21/16,1
counts_by_cpc.G04D1/028,3
counts_by_cpc.G04F5/14,1
counts_by_cpc.G04G17/02,1
counts_by_cpc.G04G21/025,1
counts_by_cpc.G04G21/08,2
counts_by_cpc.G04G9/007,1
counts_by_cpc.G05B13/021,1
counts_by_cpc.G05B13/0265,3
counts_by_cpc.G05B13/027,2
counts_by_cpc.G05B15/02,21
counts_by_cpc.G05B19/0405,1
counts_by_cpc.G05B19/042,9
counts_by_cpc.G05B19/0421,1
counts_by_cpc.G05B19/0423,1
counts_by_cpc.G05B19/0428,6
counts_by_cpc.G05B19/05,1
counts_by_cpc.G05B19/124,1
counts_by_cpc.G05B19/128,9
counts_by_cpc.G05B19/18,4
counts_by_cpc.G05B19/182,5
counts_by_cpc.G05B19/184,1
counts_by_cpc.G05B19/19,1
counts_by_cpc.G05B19/195,2
counts_by_cpc.G05B19/23,2
counts_by_cpc.G05B19/231,1
counts_by_cpc.G05B19/253,1
counts_by_cpc.G05B19/39,2
counts_by_cpc.G05B19/4015,1
counts_by_cpc.G05B19/402,2
counts_by_cpc.G05B19/404,1
counts_by_cpc.G05B19/4063,1
counts_by_cpc.G05B19/408,1
counts_by_cpc.G05B19/4083,1
counts_by_cpc.G05B19/409,3
counts_by_cpc.G05B19/4097,2
counts_by_cpc.G05B19/4142,1
counts_by_cpc.G05B19/4155,3
counts_by_cpc.G05B19/418,1
counts_by_cpc.G05B19/41805,5
counts_by_cpc.G05B19/41815,1
counts_by_cpc.G05B19/4182,14
counts_by_cpc.G05B19/41825,3
counts_by_cpc.G05B19/4183,1
counts_by_cpc.G05B19/41865,3
counts_by_cpc.G05B19/4187,1
counts_by_cpc.G05B19/41875,3
counts_by_cpc.G05B19/4188,1
counts_by_cpc.G05B19/41885,1
counts_by_cpc.G05B19/4189,5
counts_by_cpc.G05B19/41895,2
counts_by_cpc.G05B19/42,3
counts_by_cpc.G05B19/4205,1
counts_by_cpc.G05B19/4207,1
counts_by_cpc.G05B19/423,1
counts_by_cpc.G05B19/427,1
counts_by_cpc.G05B19/43,6
counts_by_cpc.G05B19/44,6
counts_by_cpc.G05B2219/21137,1
counts_by_cpc.G05B2219/2231,1
counts_by_cpc.G05B2219/23363,2
counts_by_cpc.G05B2219/25011,1
counts_by_cpc.G05B2219/25065,1
counts_by_cpc.G05B2219/25252,1
counts_by_cpc.G05B2219/2608,1
counts_by_cpc.G05B2219/2613,3
counts_by_cpc.G05B2219/2614,1
counts_by_cpc.G05B2219/2639,3
counts_by_cpc.G05B2219/2642,1
counts_by_cpc.G05B2219/2643,1
counts_by_cpc.G05B2219/2649,1
counts_by_cpc.G05B2219/31003,1
counts_by_cpc.G05B2219/31006,1
counts_by_cpc.G05B2219/31007,1
counts_by_cpc.G05B2219/31031,1
counts_by_cpc.G05B2219/31078,3
counts_by_cpc.G05B2219/31095,4
counts_by_cpc.G05B2219/31119,6
counts_by_cpc.G05B2219/31268,1
counts_by_cpc.G05B2219/31368,1
counts_by_cpc.G05B2219/31372,1
counts_by_cpc.G05B2219/31378,2
counts_by_cpc.G05B2219/31432,2
counts_by_cpc.G05B2219/32178,2
counts_by_cpc.G05B2219/32212,2
counts_by_cpc.G05B2219/32266,1
counts_by_cpc.G05B2219/32298,1
counts_by_cpc.G05B2219/32328,2
counts_by_cpc.G05B2219/33105,1
counts_by_cpc.G05B2219/34339,6
counts_by_cpc.G05B2219/35012,5
counts_by_cpc.G05B2219/35218,1
counts_by_cpc.G05B2219/35349,2
counts_by_cpc.G05B2219/35464,6
counts_by_cpc.G05B2219/36112,2
counts_by_cpc.G05B2219/36184,1
counts_by_cpc.G05B2219/36271,1
counts_by_cpc.G05B2219/36369,2
counts_by_cpc.G05B2219/36371,2
counts_by_cpc.G05B2219/36442,1
counts_by_cpc.G05B2219/36495,6
counts_by_cpc.G05B2219/36498,1
counts_by_cpc.G05B2219/36503,1
counts_by_cpc.G05B2219/36508,1
counts_by_cpc.G05B2219/36523,2
counts_by_cpc.G05B2219/37002,17
counts_by_cpc.G05B2219/37027,2
counts_by_cpc.G05B2219/37205,1
counts_by_cpc.G05B2219/37275,1
counts_by_cpc.G05B2219/37345,10
counts_by_cpc.G05B2219/37362,11
counts_by_cpc.G05B2219/37399,2
counts_by_cpc.G05B2219/37425,1
counts_by_cpc.G05B2219/37555,3
counts_by_cpc.G05B2219/37572,1
counts_by_cpc.G05B2219/37608,2
counts_by_cpc.G05B2219/39021,1
counts_by_cpc.G05B2219/39027,1
counts_by_cpc.G05B2219/39039,5
counts_by_cpc.G05B2219/39048,8
counts_by_cpc.G05B2219/39057,1
counts_by_cpc.G05B2219/39102,11
counts_by_cpc.G05B2219/39106,9
counts_by_cpc.G05B2219/39107,1
counts_by_cpc.G05B2219/39121,1
counts_by_cpc.G05B2219/39177,1
counts_by_cpc.G05B2219/39391,3
counts_by_cpc.G05B2219/39394,2
counts_by_cpc.G05B2219/39397,1
counts_by_cpc.G05B2219/39468,21
counts_by_cpc.G05B2219/39473,16
counts_by_cpc.G05B2219/39476,1
counts_by_cpc.G05B2219/39484,5
counts_by_cpc.G05B2219/39496,1
counts_by_cpc.G05B2219/39508,1
counts_by_cpc.G05B2219/39528,11
counts_by_cpc.G05B2219/39529,1
counts_by_cpc.G05B2219/39536,19
counts_by_cpc.G05B2219/39543,15
counts_by_cpc.G05B2219/39546,10
counts_by_cpc.G05B2219/39553,6
counts_by_cpc.G05B2219/39557,3
counts_by_cpc.G05B2219/39558,7
counts_by_cpc.G05B2219/39567,3
counts_by_cpc.G05B2219/40006,36
counts_by_cpc.G05B2219/40014,2
counts_by_cpc.G05B2219/40016,1
counts_by_cpc.G05B2219/40025,1
counts_by_cpc.G05B2219/40053,19
counts_by_cpc.G05B2219/40067,11
counts_by_cpc.G05B2219/40078,4
counts_by_cpc.G05B2219/40082,2
counts_by_cpc.G05B2219/40087,6
counts_by_cpc.G05B2219/40113,7
counts_by_cpc.G05B2219/40116,3
counts_by_cpc.G05B2219/40154,1
counts_by_cpc.G05B2219/40192,2
counts_by_cpc.G05B2219/40302,1
counts_by_cpc.G05B2219/40499,1
counts_by_cpc.G05B2219/40512,10
counts_by_cpc.G05B2219/40513,10
counts_by_cpc.G05B2219/40554,3
counts_by_cpc.G05B2219/40555,17
counts_by_cpc.G05B2219/40564,2
counts_by_cpc.G05B2219/40565,1
counts_by_cpc.G05B2219/40571,11
counts_by_cpc.G05B2219/40583,1
counts_by_cpc.G05B2219/40607,18
counts_by_cpc.G05B2219/40613,2
counts_by_cpc.G05B2219/41116,1
counts_by_cpc.G05B2219/41203,1
counts_by_cpc.G05B2219/41266,1
counts_by_cpc.G05B2219/41269,1
counts_by_cpc.G05B2219/41309,6
counts_by_cpc.G05B2219/41326,1
counts_by_cpc.G05B2219/41344,1
counts_by_cpc.G05B2219/41457,1
counts_by_cpc.G05B2219/42071,6
counts_by_cpc.G05B2219/42092,1
counts_by_cpc.G05B2219/43142,3
counts_by_cpc.G05B2219/45026,4
counts_by_cpc.G05B2219/45035,1
counts_by_cpc.G05B2219/45047,3
counts_by_cpc.G05B2219/45048,2
counts_by_cpc.G05B2219/45056,16
counts_by_cpc.G05B2219/45058,3
counts_by_cpc.G05B2219/45063,12
counts_by_cpc.G05B2219/45064,5
counts_by_cpc.G05B2219/45068,1
counts_by_cpc.G05B2219/45071,1
counts_by_cpc.G05B2219/45083,1
counts_by_cpc.G05B2219/45137,1
counts_by_cpc.G05B2219/45157,1
counts_by_cpc.G05B2219/45175,2
counts_by_cpc.G05B2219/45178,1
counts_by_cpc.G05B2219/45197,5
counts_by_cpc.G05B2219/45199,2
counts_by_cpc.G05B2219/45212,1
counts_by_cpc.G05B2219/45232,5
counts_by_cpc.G05B2219/49007,3
counts_by_cpc.G05B2219/49025,4
counts_by_cpc.G05B2219/49124,2
counts_by_cpc.G05B2219/49136,1
counts_by_cpc.G05B2219/49137,1
counts_by_cpc.G05B2219/49241,3
counts_by_cpc.G05B2219/49271,1
counts_by_cpc.G05B2219/49292,1
counts_by_cpc.G05B2219/49302,2
counts_by_cpc.G05B2219/49304,5
counts_by_cpc.G05B2219/49305,1
counts_by_cpc.G05B2219/49356,2
counts_by_cpc.G05B2219/49361,2
counts_by_cpc.G05B2219/50007,2
counts_by_cpc.G05B2219/50021,1
counts_by_cpc.G05B2219/50036,1
counts_by_cpc.G05B2219/50125,3
counts_by_cpc.G05B2219/50126,2
counts_by_cpc.G05B2219/50132,3
counts_by_cpc.G05B2219/50185,1
counts_by_cpc.G05B2219/50253,1
counts_by_cpc.G05B2219/50291,1
counts_by_cpc.G05B2219/50338,4
counts_by_cpc.G05B2219/50358,1
counts_by_cpc.G05B2219/50362,6
counts_by_cpc.G05B2219/50364,3
counts_by_cpc.G05B2219/50371,2
counts_by_cpc.G05B2219/50381,2
counts_by_cpc.G05B2219/50388,2
counts_by_cpc.G05B2219/50391,1
counts_by_cpc.G05B2219/50398,1
counts_by_cpc.G05B2223/02,1
counts_by_cpc.G05B23/0221,1
counts_by_cpc.G05B23/0224,1
counts_by_cpc.G05B23/0254,2
counts_by_cpc.G05B23/0267,1
counts_by_cpc.G05B23/0283,2
counts_by_cpc.G05B23/0289,1
counts_by_cpc.G05B23/0294,1
counts_by_cpc.G05D1/0011,4
counts_by_cpc.G05D1/0027,1
counts_by_cpc.G05D1/0038,1
counts_by_cpc.G05D1/0044,1
counts_by_cpc.G05D1/005,2
counts_by_cpc.G05D1/0061,1
counts_by_cpc.G05D1/0088,3
counts_by_cpc.G05D1/0202,1
counts_by_cpc.G05D1/0206,1
counts_by_cpc.G05D1/021,2
counts_by_cpc.G05D1/0212,1
counts_by_cpc.G05D1/0214,4
counts_by_cpc.G05D1/0223,2
counts_by_cpc.G05D1/0231,4
counts_by_cpc.G05D1/0234,2
counts_by_cpc.G05D1/0236,5
counts_by_cpc.G05D1/024,1
counts_by_cpc.G05D1/0242,1
counts_by_cpc.G05D1/0246,3
counts_by_cpc.G05D1/0248,1
counts_by_cpc.G05D1/0257,2
counts_by_cpc.G05D1/0265,1
counts_by_cpc.G05D1/0268,1
counts_by_cpc.G05D1/0274,2
counts_by_cpc.G05D1/0276,1
counts_by_cpc.G05D1/0278,1
counts_by_cpc.G05D1/042,1
counts_by_cpc.G05D1/221,2
counts_by_cpc.G05D1/223,1
counts_by_cpc.G05D1/228,1
counts_by_cpc.G05D1/2297,1
counts_by_cpc.G05D1/241,1
counts_by_cpc.G05D1/244,2
counts_by_cpc.G05D1/246,1
counts_by_cpc.G05D1/247,2
counts_by_cpc.G05D1/49,1
counts_by_cpc.G05D1/617,1
counts_by_cpc.G05D1/622,1
counts_by_cpc.G05D1/644,1
counts_by_cpc.G05D1/646,2
counts_by_cpc.G05D1/648,6
counts_by_cpc.G05D1/6484,1
counts_by_cpc.G05D1/672,1
counts_by_cpc.G05D1/6985,1
counts_by_cpc.G05D1/6987,1
counts_by_cpc.G05D1/80,1
counts_by_cpc.G05D1/86,1
counts_by_cpc.G05D1/87,1
counts_by_cpc.G05D16/024,8
counts_by_cpc.G05D16/0613,1
counts_by_cpc.G05D16/0663,1
counts_by_cpc.G05D16/2013,1
counts_by_cpc.G05D16/2022,5
counts_by_cpc.G05D16/2026,9
counts_by_cpc.G05D16/204,1
counts_by_cpc.G05D16/2093,6
counts_by_cpc.G05D19/02,3
counts_by_cpc.G05D2105/15,1
counts_by_cpc.G05D2105/28,1
counts_by_cpc.G05D2105/34,1
counts_by_cpc.G05D2105/85,1
counts_by_cpc.G05D2105/89,2
counts_by_cpc.G05D2107/21,1
counts_by_cpc.G05D2107/50,1
counts_by_cpc.G05D2107/70,1
counts_by_cpc.G05D2109/10,2
counts_by_cpc.G05D2109/20,2
counts_by_cpc.G05D2111/10,1
counts_by_cpc.G05D2111/30,2
counts_by_cpc.G05D2111/52,1
counts_by_cpc.G05D2201/0203,1
counts_by_cpc.G05D2201/0216,2
counts_by_cpc.G05D23/1904,1
counts_by_cpc.G05D23/1905,1
counts_by_cpc.G05D23/1917,1
counts_by_cpc.G05D24/02,1
counts_by_cpc.G05D27/02,1
counts_by_cpc.G05D3/12,2
counts_by_cpc.G05D3/1436,1
counts_by_cpc.G05D3/20,3
counts_by_cpc.G05D7/0166,1
counts_by_cpc.G05D7/0635,1
counts_by_cpc.G05F1/567,1
counts_by_cpc.G05F1/575,1
counts_by_cpc.G05F1/66,1
counts_by_cpc.G05G1/44,1
counts_by_cpc.G05G1/483,1
counts_by_cpc.G05G1/506,1
counts_by_cpc.G05G2009/04722,1
counts_by_cpc.G05G25/00,1
counts_by_cpc.G05G5/03,1
counts_by_cpc.G05G5/05,1
counts_by_cpc.G05G9/047,1
counts_by_cpc.G06F1/04,9
counts_by_cpc.G06F1/08,11
counts_by_cpc.G06F1/10,1
counts_by_cpc.G06F1/12,2
counts_by_cpc.G06F1/14,2
counts_by_cpc.G06F1/1607,1
counts_by_cpc.G06F1/1616,1
counts_by_cpc.G06F1/1618,1
counts_by_cpc.G06F1/1624,3
counts_by_cpc.G06F1/1626,1
counts_by_cpc.G06F1/1632,6
counts_by_cpc.G06F1/1633,1
counts_by_cpc.G06F1/1637,1
counts_by_cpc.G06F1/1641,1
counts_by_cpc.G06F1/1643,1
counts_by_cpc.G06F1/1647,1
counts_by_cpc.G06F1/1652,8
counts_by_cpc.G06F1/1656,1
counts_by_cpc.G06F1/1671,1
counts_by_cpc.G06F1/1677,1
counts_by_cpc.G06F1/1681,5
counts_by_cpc.G06F1/1683,1
counts_by_cpc.G06F1/1686,2
counts_by_cpc.G06F1/1694,1
counts_by_cpc.G06F1/183,1
counts_by_cpc.G06F1/184,1
counts_by_cpc.G06F1/185,1
counts_by_cpc.G06F1/206,3
counts_by_cpc.G06F1/24,1
counts_by_cpc.G06F1/26,6
counts_by_cpc.G06F1/30,1
counts_by_cpc.G06F1/305,2
counts_by_cpc.G06F1/3206,2
counts_by_cpc.G06F1/3212,1
counts_by_cpc.G06F1/3275,3
counts_by_cpc.G06F1/3287,2
counts_by_cpc.G06F1/3296,2
counts_by_cpc.G06F11/0709,2
counts_by_cpc.G06F11/0721,1
counts_by_cpc.G06F11/0727,1
counts_by_cpc.G06F11/0736,1
counts_by_cpc.G06F11/0739,1
counts_by_cpc.G06F11/0748,1
counts_by_cpc.G06F11/0751,1
counts_by_cpc.G06F11/0757,1
counts_by_cpc.G06F11/076,1
counts_by_cpc.G06F11/0772,3
counts_by_cpc.G06F11/079,4
counts_by_cpc.G06F11/0793,3
counts_by_cpc.G06F11/1004,2
counts_by_cpc.G06F11/1016,1
counts_by_cpc.G06F11/1044,1
counts_by_cpc.G06F11/1068,1
counts_by_cpc.G06F11/108,1
counts_by_cpc.G06F11/1096,1
counts_by_cpc.G06F11/141,1
counts_by_cpc.G06F11/142,1
counts_by_cpc.G06F11/1446,1
counts_by_cpc.G06F11/1448,1
counts_by_cpc.G06F11/1451,1
counts_by_cpc.G06F11/1458,2
counts_by_cpc.G06F11/1464,2
counts_by_cpc.G06F11/1466,1
counts_by_cpc.G06F11/1469,6
counts_by_cpc.G06F11/1658,1
counts_by_cpc.G06F11/167,1
counts_by_cpc.G06F11/2028,1
counts_by_cpc.G06F11/2041,2
counts_by_cpc.G06F11/2236,1
counts_by_cpc.G06F11/2242,1
counts_by_cpc.G06F11/26,1
counts_by_cpc.G06F11/261,1
counts_by_cpc.G06F11/27,1
counts_by_cpc.G06F11/3006,1
counts_by_cpc.G06F11/302,1
counts_by_cpc.G06F11/3041,1
counts_by_cpc.G06F11/3051,1
counts_by_cpc.G06F11/3058,2
counts_by_cpc.G06F11/3089,1
counts_by_cpc.G06F11/328,1
counts_by_cpc.G06F11/3409,2
counts_by_cpc.G06F11/3428,1
counts_by_cpc.G06F11/3438,1
counts_by_cpc.G06F11/3447,1
counts_by_cpc.G06F11/3452,1
counts_by_cpc.G06F11/3457,1
counts_by_cpc.G06F11/3495,1
counts_by_cpc.G06F11/3604,1
counts_by_cpc.G06F11/3624,1
counts_by_cpc.G06F11/3628,1
counts_by_cpc.G06F11/3632,1
counts_by_cpc.G06F11/3636,2
counts_by_cpc.G06F11/3644,2
counts_by_cpc.G06F11/366,1
counts_by_cpc.G06F11/3676,2
counts_by_cpc.G06F11/3688,3
counts_by_cpc.G06F11/3692,1
counts_by_cpc.G06F11/3698,2
counts_by_cpc.G06F12/02,1
counts_by_cpc.G06F12/023,4
counts_by_cpc.G06F12/0238,1
counts_by_cpc.G06F12/0246,3
counts_by_cpc.G06F12/0253,1
counts_by_cpc.G06F12/0646,8
counts_by_cpc.G06F12/0802,2
counts_by_cpc.G06F12/0824,1
counts_by_cpc.G06F12/0837,1
counts_by_cpc.G06F12/084,1
counts_by_cpc.G06F12/0862,2
counts_by_cpc.G06F12/0877,1
counts_by_cpc.G06F12/0893,1
counts_by_cpc.G06F12/1009,4
counts_by_cpc.G06F12/1072,2
counts_by_cpc.G06F12/1408,2
counts_by_cpc.G06F13/1673,2
counts_by_cpc.G06F13/1689,1
counts_by_cpc.G06F13/20,2
counts_by_cpc.G06F13/26,1
counts_by_cpc.G06F13/28,2
counts_by_cpc.G06F13/374,1
counts_by_cpc.G06F13/382,1
counts_by_cpc.G06F13/4068,1
counts_by_cpc.G06F13/4081,1
counts_by_cpc.G06F13/4221,3
counts_by_cpc.G06F13/4243,1
counts_by_cpc.G06F13/4282,3
counts_by_cpc.G06F15/18,1
counts_by_cpc.G06F15/76,1
counts_by_cpc.G06F15/8046,1
counts_by_cpc.G06F16/00,1
counts_by_cpc.G06F16/10,1
counts_by_cpc.G06F16/113,2
counts_by_cpc.G06F16/116,1
counts_by_cpc.G06F16/125,1
counts_by_cpc.G06F16/128,1
counts_by_cpc.G06F16/137,1
counts_by_cpc.G06F16/148,1
counts_by_cpc.G06F16/156,1
counts_by_cpc.G06F16/162,2
counts_by_cpc.G06F16/164,1
counts_by_cpc.G06F16/1744,1
counts_by_cpc.G06F16/18,1
counts_by_cpc.G06F16/182,2
counts_by_cpc.G06F16/1824,1
counts_by_cpc.G06F16/183,1
counts_by_cpc.G06F16/211,3
counts_by_cpc.G06F16/214,3
counts_by_cpc.G06F16/215,7
counts_by_cpc.G06F16/22,2
counts_by_cpc.G06F16/221,1
counts_by_cpc.G06F16/2219,1
counts_by_cpc.G06F16/2237,5
counts_by_cpc.G06F16/2246,1
counts_by_cpc.G06F16/2255,3
counts_by_cpc.G06F16/2282,2
counts_by_cpc.G06F16/23,1
counts_by_cpc.G06F16/2343,1
counts_by_cpc.G06F16/2358,4
counts_by_cpc.G06F16/2365,5
counts_by_cpc.G06F16/2372,1
counts_by_cpc.G06F16/2379,4
counts_by_cpc.G06F16/24,1
counts_by_cpc.G06F16/242,1
counts_by_cpc.G06F16/2423,2
counts_by_cpc.G06F16/2428,1
counts_by_cpc.G06F16/243,3
counts_by_cpc.G06F16/245,1
counts_by_cpc.G06F16/2452,2
counts_by_cpc.G06F16/24522,2
counts_by_cpc.G06F16/24524,1
counts_by_cpc.G06F16/2453,1
counts_by_cpc.G06F16/24535,1
counts_by_cpc.G06F16/24545,1
counts_by_cpc.G06F16/2455,2
counts_by_cpc.G06F16/24554,1
counts_by_cpc.G06F16/24558,1
counts_by_cpc.G06F16/24562,1
counts_by_cpc.G06F16/24573,1
counts_by_cpc.G06F16/24575,3
counts_by_cpc.G06F16/24578,5
counts_by_cpc.G06F16/2462,1
counts_by_cpc.G06F16/2477,1
counts_by_cpc.G06F16/248,4
counts_by_cpc.G06F16/25,2
counts_by_cpc.G06F16/252,2
counts_by_cpc.G06F16/254,3
counts_by_cpc.G06F16/258,5
counts_by_cpc.G06F16/26,2
counts_by_cpc.G06F16/27,10
counts_by_cpc.G06F16/273,1
counts_by_cpc.G06F16/275,6
counts_by_cpc.G06F16/278,1
counts_by_cpc.G06F16/282,1
counts_by_cpc.G06F16/285,6
counts_by_cpc.G06F16/287,1
counts_by_cpc.G06F16/288,2
counts_by_cpc.G06F16/289,3
counts_by_cpc.G06F16/29,1
counts_by_cpc.G06F16/325,1
counts_by_cpc.G06F16/3322,2
counts_by_cpc.G06F16/3325,1
counts_by_cpc.G06F16/3328,1
counts_by_cpc.G06F16/3329,10
counts_by_cpc.G06F16/33295,2
counts_by_cpc.G06F16/3334,3
counts_by_cpc.G06F16/334,1
counts_by_cpc.G06F16/3344,4
counts_by_cpc.G06F16/3346,1
counts_by_cpc.G06F16/3347,3
counts_by_cpc.G06F16/338,2
counts_by_cpc.G06F16/34,2
counts_by_cpc.G06F16/345,1
counts_by_cpc.G06F16/35,3
counts_by_cpc.G06F16/383,4
counts_by_cpc.G06F16/435,1
counts_by_cpc.G06F16/437,1
counts_by_cpc.G06F16/444,1
counts_by_cpc.G06F16/532,1
counts_by_cpc.G06F16/535,1
counts_by_cpc.G06F16/583,2
counts_by_cpc.G06F16/632,1
counts_by_cpc.G06F16/636,1
counts_by_cpc.G06F16/639,1
counts_by_cpc.G06F16/65,1
counts_by_cpc.G06F16/683,1
counts_by_cpc.G06F16/7343,1
counts_by_cpc.G06F16/739,1
counts_by_cpc.G06F16/78,1
counts_by_cpc.G06F16/9024,9
counts_by_cpc.G06F16/9027,1
counts_by_cpc.G06F16/90335,3
counts_by_cpc.G06F16/9035,2
counts_by_cpc.G06F16/9038,1
counts_by_cpc.G06F16/906,1
counts_by_cpc.G06F16/93,3
counts_by_cpc.G06F16/951,4
counts_by_cpc.G06F16/9535,6
counts_by_cpc.G06F16/9537,1
counts_by_cpc.G06F16/9538,1
counts_by_cpc.G06F16/955,1
counts_by_cpc.G06F16/9574,1
counts_by_cpc.G06F17/11,1
counts_by_cpc.G06F17/13,1
counts_by_cpc.G06F17/142,1
counts_by_cpc.G06F17/16,5
counts_by_cpc.G06F17/17,1
counts_by_cpc.G06F17/18,3
counts_by_cpc.G06F18/10,1
counts_by_cpc.G06F18/21,1
counts_by_cpc.G06F18/2113,2
counts_by_cpc.G06F18/2115,1
counts_by_cpc.G06F18/213,3
counts_by_cpc.G06F18/214,3
counts_by_cpc.G06F18/2155,1
counts_by_cpc.G06F18/2163,1
counts_by_cpc.G06F18/217,2
counts_by_cpc.G06F18/22,1
counts_by_cpc.G06F18/23,1
counts_by_cpc.G06F18/2323,1
counts_by_cpc.G06F18/24,1
counts_by_cpc.G06F18/2431,1
counts_by_cpc.G06F18/251,2
counts_by_cpc.G06F18/254,1
counts_by_cpc.G06F18/28,1
counts_by_cpc.G06F19/3462,2
counts_by_cpc.G06F2009/45562,2
counts_by_cpc.G06F2009/4557,2
counts_by_cpc.G06F2009/45583,3
counts_by_cpc.G06F2009/45587,1
counts_by_cpc.G06F2009/45591,1
counts_by_cpc.G06F2009/45595,4
counts_by_cpc.G06F21/00,2
counts_by_cpc.G06F21/10,3
counts_by_cpc.G06F21/1011,1
counts_by_cpc.G06F21/1012,1
counts_by_cpc.G06F21/105,1
counts_by_cpc.G06F21/107,1
counts_by_cpc.G06F21/108,1
counts_by_cpc.G06F21/1086,1
counts_by_cpc.G06F21/31,18
counts_by_cpc.G06F21/32,4
counts_by_cpc.G06F21/33,2
counts_by_cpc.G06F21/35,12
counts_by_cpc.G06F21/44,4
counts_by_cpc.G06F21/45,3
counts_by_cpc.G06F21/50,1
counts_by_cpc.G06F21/53,5
counts_by_cpc.G06F21/55,1
counts_by_cpc.G06F21/552,4
counts_by_cpc.G06F21/554,2
counts_by_cpc.G06F21/56,3
counts_by_cpc.G06F21/565,2
counts_by_cpc.G06F21/566,2
counts_by_cpc.G06F21/568,1
counts_by_cpc.G06F21/57,4
counts_by_cpc.G06F21/572,2
counts_by_cpc.G06F21/575,1
counts_by_cpc.G06F21/577,8
counts_by_cpc.G06F21/60,4
counts_by_cpc.G06F21/602,11
counts_by_cpc.G06F21/604,2
counts_by_cpc.G06F21/606,3
counts_by_cpc.G06F21/62,7
counts_by_cpc.G06F21/6209,2
counts_by_cpc.G06F21/6218,7
counts_by_cpc.G06F21/6227,6
counts_by_cpc.G06F21/6245,6
counts_by_cpc.G06F21/6254,3
counts_by_cpc.G06F21/6281,2
counts_by_cpc.G06F21/629,1
counts_by_cpc.G06F21/64,3
counts_by_cpc.G06F21/70,1
counts_by_cpc.G06F21/71,1
counts_by_cpc.G06F21/72,1
counts_by_cpc.G06F21/73,1
counts_by_cpc.G06F21/74,1
counts_by_cpc.G06F21/78,2
counts_by_cpc.G06F21/79,1
counts_by_cpc.G06F21/86,1
counts_by_cpc.G06F21/88,1
counts_by_cpc.G06F2101/10,1
counts_by_cpc.G06F2111/10,2
counts_by_cpc.G06F2111/16,1
counts_by_cpc.G06F2115/06,1
counts_by_cpc.G06F2115/12,1
counts_by_cpc.G06F2119/06,1
counts_by_cpc.G06F2119/08,1
counts_by_cpc.G06F2119/22,1
counts_by_cpc.G06F2200/1614,1
counts_by_cpc.G06F2200/1633,1
counts_by_cpc.G06F2201/80,1
counts_by_cpc.G06F2201/805,2
counts_by_cpc.G06F2201/84,5
counts_by_cpc.G06F2203/011,1
counts_by_cpc.G06F2203/04101,2
counts_by_cpc.G06F2203/04102,3
counts_by_cpc.G06F2203/04105,1
counts_by_cpc.G06F2203/04106,1
counts_by_cpc.G06F2203/04111,1
counts_by_cpc.G06F2203/04803,1
counts_by_cpc.G06F2203/04806,2
counts_by_cpc.G06F2209/5011,1
counts_by_cpc.G06F2209/5019,1
counts_by_cpc.G06F2209/503,1
counts_by_cpc.G06F2209/505,1
counts_by_cpc.G06F2209/541,1
counts_by_cpc.G06F2212/1024,1
counts_by_cpc.G06F2212/1028,1
counts_by_cpc.G06F2212/1052,1
counts_by_cpc.G06F2212/154,1
counts_by_cpc.G06F2212/401,1
counts_by_cpc.G06F2212/60,1
counts_by_cpc.G06F2212/602,1
counts_by_cpc.G06F2212/6022,1
counts_by_cpc.G06F2212/651,1
counts_by_cpc.G06F2212/652,1
counts_by_cpc.G06F2212/7201,2
counts_by_cpc.G06F2213/0026,5
counts_by_cpc.G06F2213/0038,1
counts_by_cpc.G06F2213/0042,1
counts_by_cpc.G06F2213/40,2
counts_by_cpc.G06F2221/033,4
counts_by_cpc.G06F2221/034,9
counts_by_cpc.G06F2221/2101,1
counts_by_cpc.G06F2221/2113,1
counts_by_cpc.G06F2221/2131,1
counts_by_cpc.G06F2221/2141,2
counts_by_cpc.G06F2221/2143,1
counts_by_cpc.G06F2221/2149,1
counts_by_cpc.G06F3/01,2
counts_by_cpc.G06F3/011,6
counts_by_cpc.G06F3/012,2
counts_by_cpc.G06F3/013,11
counts_by_cpc.G06F3/014,3
counts_by_cpc.G06F3/015,2
counts_by_cpc.G06F3/016,4
counts_by_cpc.G06F3/017,9
counts_by_cpc.G06F3/02,1
counts_by_cpc.G06F3/0202,2
counts_by_cpc.G06F3/021,1
counts_by_cpc.G06F3/0227,1
counts_by_cpc.G06F3/0235,1
counts_by_cpc.G06F3/0338,14
counts_by_cpc.G06F3/0346,4
counts_by_cpc.G06F3/03542,1
counts_by_cpc.G06F3/03543,1
counts_by_cpc.G06F3/03545,4
counts_by_cpc.G06F3/038,2
counts_by_cpc.G06F3/041,3
counts_by_cpc.G06F3/0412,5
counts_by_cpc.G06F3/0414,1
counts_by_cpc.G06F3/0416,2
counts_by_cpc.G06F3/04162,3
counts_by_cpc.G06F3/04164,2
counts_by_cpc.G06F3/04166,1
counts_by_cpc.G06F3/041661,1
counts_by_cpc.G06F3/041662,2
counts_by_cpc.G06F3/0418,1
counts_by_cpc.G06F3/04182,1
counts_by_cpc.G06F3/042,1
counts_by_cpc.G06F3/0421,1
counts_by_cpc.G06F3/044,4
counts_by_cpc.G06F3/0441,1
counts_by_cpc.G06F3/0443,1
counts_by_cpc.G06F3/0445,2
counts_by_cpc.G06F3/0446,5
counts_by_cpc.G06F3/046,1
counts_by_cpc.G06F3/047,1
counts_by_cpc.G06F3/048,1
counts_by_cpc.G06F3/0481,4
counts_by_cpc.G06F3/04812,1
counts_by_cpc.G06F3/04815,3
counts_by_cpc.G06F3/0482,7
counts_by_cpc.G06F3/0483,1
counts_by_cpc.G06F3/0484,4
counts_by_cpc.G06F3/04842,6
counts_by_cpc.G06F3/04845,3
counts_by_cpc.G06F3/04847,6
counts_by_cpc.G06F3/0485,1
counts_by_cpc.G06F3/0486,1
counts_by_cpc.G06F3/0487,2
counts_by_cpc.G06F3/0488,7
counts_by_cpc.G06F3/04883,4
counts_by_cpc.G06F3/04886,2
counts_by_cpc.G06F3/0604,9
counts_by_cpc.G06F3/061,2
counts_by_cpc.G06F3/0611,2
counts_by_cpc.G06F3/0613,2
counts_by_cpc.G06F3/0619,4
counts_by_cpc.G06F3/0622,2
counts_by_cpc.G06F3/0625,2
counts_by_cpc.G06F3/0629,2
counts_by_cpc.G06F3/0631,3
counts_by_cpc.G06F3/0634,3
counts_by_cpc.G06F3/0644,3
counts_by_cpc.G06F3/0652,1
counts_by_cpc.G06F3/0653,3
counts_by_cpc.G06F3/0655,3
counts_by_cpc.G06F3/0656,3
counts_by_cpc.G06F3/0658,1
counts_by_cpc.G06F3/0659,8
counts_by_cpc.G06F3/0664,1
counts_by_cpc.G06F3/067,1
counts_by_cpc.G06F3/0671,1
counts_by_cpc.G06F3/0673,8
counts_by_cpc.G06F3/0674,1
counts_by_cpc.G06F3/0676,1
counts_by_cpc.G06F3/0679,9
counts_by_cpc.G06F3/0683,3
counts_by_cpc.G06F3/1292,1
counts_by_cpc.G06F3/14,6
counts_by_cpc.G06F3/1454,1
counts_by_cpc.G06F3/147,3
counts_by_cpc.G06F3/16,3
counts_by_cpc.G06F3/162,4
counts_by_cpc.G06F3/165,6
counts_by_cpc.G06F3/167,6
counts_by_cpc.G06F30/10,1
counts_by_cpc.G06F30/12,2
counts_by_cpc.G06F30/13,3
counts_by_cpc.G06F30/17,1
counts_by_cpc.G06F30/18,1
counts_by_cpc.G06F30/20,9
counts_by_cpc.G06F30/23,1
counts_by_cpc.G06F30/27,6
counts_by_cpc.G06F30/31,1
counts_by_cpc.G06F30/323,1
counts_by_cpc.G06F30/327,2
counts_by_cpc.G06F30/33,2
counts_by_cpc.G06F30/331,1
counts_by_cpc.G06F30/3312,1
counts_by_cpc.G06F30/337,1
counts_by_cpc.G06F30/34,2
counts_by_cpc.G06F30/343,1
counts_by_cpc.G06F30/392,2
counts_by_cpc.G06F30/394,3
counts_by_cpc.G06F30/398,1
counts_by_cpc.G06F40/103,2
counts_by_cpc.G06F40/12,1
counts_by_cpc.G06F40/166,4
counts_by_cpc.G06F40/174,1
counts_by_cpc.G06F40/186,2
counts_by_cpc.G06F40/194,3
counts_by_cpc.G06F40/20,6
counts_by_cpc.G06F40/205,5
counts_by_cpc.G06F40/211,1
counts_by_cpc.G06F40/216,2
counts_by_cpc.G06F40/237,1
counts_by_cpc.G06F40/242,1
counts_by_cpc.G06F40/247,1
counts_by_cpc.G06F40/253,1
counts_by_cpc.G06F40/263,1
counts_by_cpc.G06F40/279,6
counts_by_cpc.G06F40/284,5
counts_by_cpc.G06F40/289,2
counts_by_cpc.G06F40/295,3
counts_by_cpc.G06F40/30,15
counts_by_cpc.G06F40/35,3
counts_by_cpc.G06F40/40,14
counts_by_cpc.G06F40/47,4
counts_by_cpc.G06F40/51,1
counts_by_cpc.G06F40/55,1
counts_by_cpc.G06F40/56,1
counts_by_cpc.G06F40/58,5
counts_by_cpc.G06F5/06,1
counts_by_cpc.G06F7/08,1
counts_by_cpc.G06F7/483,1
counts_by_cpc.G06F7/57,2
counts_by_cpc.G06F7/74,1
counts_by_cpc.G06F8/10,1
counts_by_cpc.G06F8/20,4
counts_by_cpc.G06F8/30,4
counts_by_cpc.G06F8/31,1
counts_by_cpc.G06F8/33,1
counts_by_cpc.G06F8/35,1
counts_by_cpc.G06F8/36,2
counts_by_cpc.G06F8/38,1
counts_by_cpc.G06F8/41,3
counts_by_cpc.G06F8/42,1
counts_by_cpc.G06F8/425,1
counts_by_cpc.G06F8/427,1
counts_by_cpc.G06F8/433,1
counts_by_cpc.G06F8/443,1
counts_by_cpc.G06F8/4441,1
counts_by_cpc.G06F8/451,1
counts_by_cpc.G06F8/452,2
counts_by_cpc.G06F8/458,1
counts_by_cpc.G06F8/48,1
counts_by_cpc.G06F8/51,1
counts_by_cpc.G06F8/60,2
counts_by_cpc.G06F8/65,9
counts_by_cpc.G06F8/654,1
counts_by_cpc.G06F8/66,1
counts_by_cpc.G06F8/71,4
counts_by_cpc.G06F8/76,2
counts_by_cpc.G06F8/77,3
counts_by_cpc.G06F9/30014,1
counts_by_cpc.G06F9/3005,1
counts_by_cpc.G06F9/30101,1
counts_by_cpc.G06F9/30138,1
counts_by_cpc.G06F9/30145,1
counts_by_cpc.G06F9/3838,1
counts_by_cpc.G06F9/3851,1
counts_by_cpc.G06F9/3877,3
counts_by_cpc.G06F9/44,2
counts_by_cpc.G06F9/4401,3
counts_by_cpc.G06F9/4403,1
counts_by_cpc.G06F9/4406,1
counts_by_cpc.G06F9/4408,1
counts_by_cpc.G06F9/4418,1
counts_by_cpc.G06F9/445,1
counts_by_cpc.G06F9/44505,1
counts_by_cpc.G06F9/44526,1
counts_by_cpc.G06F9/44547,1
counts_by_cpc.G06F9/451,5
counts_by_cpc.G06F9/452,1
counts_by_cpc.G06F9/453,2
counts_by_cpc.G06F9/45558,9
counts_by_cpc.G06F9/46,1
counts_by_cpc.G06F9/4806,1
counts_by_cpc.G06F9/4812,1
counts_by_cpc.G06F9/4837,1
counts_by_cpc.G06F9/4856,1
counts_by_cpc.G06F9/4881,2
counts_by_cpc.G06F9/4887,1
counts_by_cpc.G06F9/4893,2
counts_by_cpc.G06F9/50,1
counts_by_cpc.G06F9/5005,1
counts_by_cpc.G06F9/5016,2
counts_by_cpc.G06F9/5022,1
counts_by_cpc.G06F9/5027,3
counts_by_cpc.G06F9/5038,3
counts_by_cpc.G06F9/5044,3
counts_by_cpc.G06F9/505,5
counts_by_cpc.G06F9/5072,5
counts_by_cpc.G06F9/5077,3
counts_by_cpc.G06F9/5083,1
counts_by_cpc.G06F9/5088,1
counts_by_cpc.G06F9/5094,1
counts_by_cpc.G06F9/52,1
counts_by_cpc.G06F9/54,1
counts_by_cpc.G06F9/541,1
counts_by_cpc.G06F9/542,3
counts_by_cpc.G06F9/544,2
counts_by_cpc.G06F9/546,1
counts_by_cpc.G06F9/548,1
counts_by_cpc.G06G7/54,1
counts_by_cpc.G06K13/06,1
counts_by_cpc.G06K13/08,1
counts_by_cpc.G06K13/107,2
counts_by_cpc.G06K13/16,1
counts_by_cpc.G06K15/023,1
counts_by_cpc.G06K15/102,1
counts_by_cpc.G06K15/1859,1
counts_by_cpc.G06K15/1868,1
counts_by_cpc.G06K15/1878,1
counts_by_cpc.G06K17/00,1
counts_by_cpc.G06K17/0012,1
counts_by_cpc.G06K17/0019,1
counts_by_cpc.G06K17/0022,1
counts_by_cpc.G06K19/025,1
counts_by_cpc.G06K19/06037,4
counts_by_cpc.G06K19/06112,1
counts_by_cpc.G06K19/0702,1
counts_by_cpc.G06K19/0707,1
counts_by_cpc.G06K19/0718,1
counts_by_cpc.G06K19/072,1
counts_by_cpc.G06K19/0723,5
counts_by_cpc.G06K19/07722,1
counts_by_cpc.G06K19/07743,1
counts_by_cpc.G06K19/07758,1
counts_by_cpc.G06K19/07762,1
counts_by_cpc.G06K19/07766,1
counts_by_cpc.G06K19/07779,1
counts_by_cpc.G06K7/0008,2
counts_by_cpc.G06K7/10,3
counts_by_cpc.G06K7/10297,2
counts_by_cpc.G06K7/10366,11
counts_by_cpc.G06K7/10544,1
counts_by_cpc.G06K7/10861,14
counts_by_cpc.G06K7/1095,1
counts_by_cpc.G06K7/1413,1
counts_by_cpc.G06K7/1417,6
counts_by_cpc.G06K7/1443,1
counts_by_cpc.G06K9/00201,1
counts_by_cpc.G06K9/00664,1
counts_by_cpc.G06M1/101,3
counts_by_cpc.G06M7/00,2
counts_by_cpc.G06N10/20,3
counts_by_cpc.G06N10/40,5
counts_by_cpc.G06N10/60,2
counts_by_cpc.G06N10/70,2
counts_by_cpc.G06N20/00,52
counts_by_cpc.G06N20/10,2
counts_by_cpc.G06N20/20,7
counts_by_cpc.G06N3/006,6
counts_by_cpc.G06N3/02,4
counts_by_cpc.G06N3/04,5
counts_by_cpc.G06N3/042,2
counts_by_cpc.G06N3/044,2
counts_by_cpc.G06N3/0442,1
counts_by_cpc.G06N3/045,14
counts_by_cpc.G06N3/0455,8
counts_by_cpc.G06N3/0464,10
counts_by_cpc.G06N3/047,2
counts_by_cpc.G06N3/0475,1
counts_by_cpc.G06N3/048,1
counts_by_cpc.G06N3/049,4
counts_by_cpc.G06N3/063,9
counts_by_cpc.G06N3/065,2
counts_by_cpc.G06N3/08,25
counts_by_cpc.G06N3/082,1
counts_by_cpc.G06N3/084,4
counts_by_cpc.G06N3/086,1
counts_by_cpc.G06N3/0895,1
counts_by_cpc.G06N3/09,8
counts_by_cpc.G06N3/091,1
counts_by_cpc.G06N3/092,8
counts_by_cpc.G06N3/098,2
counts_by_cpc.G06N3/0985,1
counts_by_cpc.G06N5/02,1
counts_by_cpc.G06N5/022,11
counts_by_cpc.G06N5/025,2
counts_by_cpc.G06N5/04,14
counts_by_cpc.G06N5/046,1
counts_by_cpc.G06N5/048,1
counts_by_cpc.G06N7/01,2
counts_by_cpc.G06Q10/00,2
counts_by_cpc.G06Q10/02,1
counts_by_cpc.G06Q10/04,2
counts_by_cpc.G06Q10/047,1
counts_by_cpc.G06Q10/063,2
counts_by_cpc.G06Q10/0631,3
counts_by_cpc.G06Q10/06311,3
counts_by_cpc.G06Q10/063112,4
counts_by_cpc.G06Q10/063116,1
counts_by_cpc.G06Q10/06313,1
counts_by_cpc.G06Q10/06315,5
counts_by_cpc.G06Q10/06316,2
counts_by_cpc.G06Q10/0633,2
counts_by_cpc.G06Q10/0635,5
counts_by_cpc.G06Q10/0637,2
counts_by_cpc.G06Q10/06375,2
counts_by_cpc.G06Q10/0639,1
counts_by_cpc.G06Q10/06395,4
counts_by_cpc.G06Q10/067,3
counts_by_cpc.G06Q10/08,33
counts_by_cpc.G06Q10/083,7
counts_by_cpc.G06Q10/0833,2
counts_by_cpc.G06Q10/08345,2
counts_by_cpc.G06Q10/0835,2
counts_by_cpc.G06Q10/08355,1
counts_by_cpc.G06Q10/0836,2
counts_by_cpc.G06Q10/087,43
counts_by_cpc.G06Q10/08726,1
counts_by_cpc.G06Q10/0874,1
counts_by_cpc.G06Q10/08741,3
counts_by_cpc.G06Q10/0875,2
counts_by_cpc.G06Q10/0877,1
counts_by_cpc.G06Q10/10,2
counts_by_cpc.G06Q10/103,2
counts_by_cpc.G06Q10/1053,3
counts_by_cpc.G06Q10/107,1
counts_by_cpc.G06Q10/1093,2
counts_by_cpc.G06Q10/1097,2
counts_by_cpc.G06Q10/20,2
counts_by_cpc.G06Q10/30,3
counts_by_cpc.G06Q10/40,2
counts_by_cpc.G06Q20/02,1
counts_by_cpc.G06Q20/0425,1
counts_by_cpc.G06Q20/065,2
counts_by_cpc.G06Q20/0658,1
counts_by_cpc.G06Q20/0855,1
counts_by_cpc.G06Q20/10,4
counts_by_cpc.G06Q20/102,1
counts_by_cpc.G06Q20/105,1
counts_by_cpc.G06Q20/108,1
counts_by_cpc.G06Q20/12,1
counts_by_cpc.G06Q20/18,2
counts_by_cpc.G06Q20/20,1
counts_by_cpc.G06Q20/203,1
counts_by_cpc.G06Q20/204,1
counts_by_cpc.G06Q20/206,1
counts_by_cpc.G06Q20/208,1
counts_by_cpc.G06Q20/22,1
counts_by_cpc.G06Q20/308,1
counts_by_cpc.G06Q20/32,1
counts_by_cpc.G06Q20/322,1
counts_by_cpc.G06Q20/3223,2
counts_by_cpc.G06Q20/3224,1
counts_by_cpc.G06Q20/3265,1
counts_by_cpc.G06Q20/327,1
counts_by_cpc.G06Q20/3272,1
counts_by_cpc.G06Q20/3274,1
counts_by_cpc.G06Q20/3276,2
counts_by_cpc.G06Q20/342,1
counts_by_cpc.G06Q20/36,6
counts_by_cpc.G06Q20/363,2
counts_by_cpc.G06Q20/3674,5
counts_by_cpc.G06Q20/3676,1
counts_by_cpc.G06Q20/382,1
counts_by_cpc.G06Q20/3821,2
counts_by_cpc.G06Q20/3825,1
counts_by_cpc.G06Q20/3827,4
counts_by_cpc.G06Q20/3829,7
counts_by_cpc.G06Q20/389,5
counts_by_cpc.G06Q20/40,2
counts_by_cpc.G06Q20/401,7
counts_by_cpc.G06Q20/4014,1
counts_by_cpc.G06Q20/40145,2
counts_by_cpc.G06Q20/4015,2
counts_by_cpc.G06Q20/4016,4
counts_by_cpc.G06Q20/405,4
counts_by_cpc.G06Q20/42,2
counts_by_cpc.G06Q2220/00,4
counts_by_cpc.G06Q2220/165,1
counts_by_cpc.G06Q30/015,2
counts_by_cpc.G06Q30/018,3
counts_by_cpc.G06Q30/0185,1
counts_by_cpc.G06Q30/0201,3
counts_by_cpc.G06Q30/02016,1
counts_by_cpc.G06Q30/0202,1
counts_by_cpc.G06Q30/0203,1
counts_by_cpc.G06Q30/0204,2
counts_by_cpc.G06Q30/0206,2
counts_by_cpc.G06Q30/0217,1
counts_by_cpc.G06Q30/0218,1
counts_by_cpc.G06Q30/0222,1
counts_by_cpc.G06Q30/0224,1
counts_by_cpc.G06Q30/0225,1
counts_by_cpc.G06Q30/0226,1
counts_by_cpc.G06Q30/0234,1
counts_by_cpc.G06Q30/0235,1
counts_by_cpc.G06Q30/0239,1
counts_by_cpc.G06Q30/0241,1
counts_by_cpc.G06Q30/0246,1
counts_by_cpc.G06Q30/0267,2
counts_by_cpc.G06Q30/0271,1
counts_by_cpc.G06Q30/0276,1
counts_by_cpc.G06Q30/0277,2
counts_by_cpc.G06Q30/0282,1
counts_by_cpc.G06Q30/0283,1
counts_by_cpc.G06Q30/04,3
counts_by_cpc.G06Q30/0601,2
counts_by_cpc.G06Q30/0605,1
counts_by_cpc.G06Q30/0613,2
counts_by_cpc.G06Q30/0621,1
counts_by_cpc.G06Q30/0631,4
counts_by_cpc.G06Q30/0633,3
counts_by_cpc.G06Q30/0635,4
counts_by_cpc.G06Q30/0637,1
counts_by_cpc.G06Q30/0641,4
counts_by_cpc.G06Q30/0643,1
counts_by_cpc.G06Q40/00,1
counts_by_cpc.G06Q40/03,2
counts_by_cpc.G06Q40/04,3
counts_by_cpc.G06Q40/06,2
counts_by_cpc.G06Q40/08,9
counts_by_cpc.G06Q40/082,1
counts_by_cpc.G06Q40/0822,1
counts_by_cpc.G06Q40/12,1
counts_by_cpc.G06Q40/123,1
counts_by_cpc.G06Q50/01,2
counts_by_cpc.G06Q50/02,49
counts_by_cpc.G06Q50/04,9
counts_by_cpc.G06Q50/163,1
counts_by_cpc.G06Q50/18,1
counts_by_cpc.G06Q50/184,1
counts_by_cpc.G06Q50/188,1
counts_by_cpc.G06Q50/26,2
counts_by_cpc.G06Q50/28,4
counts_by_cpc.G06Q50/40,3
counts_by_cpc.G06T1/0007,1
counts_by_cpc.G06T1/0014,3
counts_by_cpc.G06T1/20,5
counts_by_cpc.G06T1/60,3
counts_by_cpc.G06T11/00,8
counts_by_cpc.G06T11/001,3
counts_by_cpc.G06T11/005,1
counts_by_cpc.G06T11/006,1
counts_by_cpc.G06T11/008,1
counts_by_cpc.G06T11/10,2
counts_by_cpc.G06T11/203,1
counts_by_cpc.G06T11/23,1
counts_by_cpc.G06T11/40,1
counts_by_cpc.G06T11/60,6
counts_by_cpc.G06T12/20,1
counts_by_cpc.G06T13/205,1
counts_by_cpc.G06T13/40,3
counts_by_cpc.G06T13/80,1
counts_by_cpc.G06T15/005,2
counts_by_cpc.G06T15/04,4
counts_by_cpc.G06T15/06,1
counts_by_cpc.G06T15/08,3
counts_by_cpc.G06T15/10,1
counts_by_cpc.G06T15/20,1
counts_by_cpc.G06T15/50,2
counts_by_cpc.G06T15/506,1
counts_by_cpc.G06T17/00,9
counts_by_cpc.G06T17/05,4
counts_by_cpc.G06T17/10,1
counts_by_cpc.G06T17/20,6
counts_by_cpc.G06T17/205,3
counts_by_cpc.G06T19/00,1
counts_by_cpc.G06T19/006,15
counts_by_cpc.G06T19/20,7
counts_by_cpc.G06T2200/04,2
counts_by_cpc.G06T2200/24,11
counts_by_cpc.G06T2200/28,2
counts_by_cpc.G06T2207/10004,1
counts_by_cpc.G06T2207/10012,1
counts_by_cpc.G06T2207/10016,7
counts_by_cpc.G06T2207/10021,2
counts_by_cpc.G06T2207/10024,16
counts_by_cpc.G06T2207/10028,10
counts_by_cpc.G06T2207/10032,3
counts_by_cpc.G06T2207/10048,2
counts_by_cpc.G06T2207/10056,2
counts_by_cpc.G06T2207/10064,3
counts_by_cpc.G06T2207/10068,4
counts_by_cpc.G06T2207/10081,7
counts_by_cpc.G06T2207/10088,2
counts_by_cpc.G06T2207/10101,2
counts_by_cpc.G06T2207/10116,5
counts_by_cpc.G06T2207/10132,1
counts_by_cpc.G06T2207/10144,1
counts_by_cpc.G06T2207/20016,1
counts_by_cpc.G06T2207/20021,7
counts_by_cpc.G06T2207/20024,6
counts_by_cpc.G06T2207/20036,2
counts_by_cpc.G06T2207/20044,1
counts_by_cpc.G06T2207/20048,2
counts_by_cpc.G06T2207/20056,3
counts_by_cpc.G06T2207/20061,1
counts_by_cpc.G06T2207/20068,1
counts_by_cpc.G06T2207/20076,3
counts_by_cpc.G06T2207/20081,35
counts_by_cpc.G06T2207/20084,24
counts_by_cpc.G06T2207/20092,1
counts_by_cpc.G06T2207/20101,2
counts_by_cpc.G06T2207/20104,1
counts_by_cpc.G06T2207/20132,4
counts_by_cpc.G06T2207/20164,1
counts_by_cpc.G06T2207/20182,1
counts_by_cpc.G06T2207/20208,1
counts_by_cpc.G06T2207/20212,3
counts_by_cpc.G06T2207/20221,10
counts_by_cpc.G06T2207/20224,1
counts_by_cpc.G06T2207/30004,4
counts_by_cpc.G06T2207/30024,1
counts_by_cpc.G06T2207/30028,1
counts_by_cpc.G06T2207/30041,1
counts_by_cpc.G06T2207/30061,3
counts_by_cpc.G06T2207/30072,1
counts_by_cpc.G06T2207/30096,5
counts_by_cpc.G06T2207/30101,2
counts_by_cpc.G06T2207/30108,5
counts_by_cpc.G06T2207/30124,1
counts_by_cpc.G06T2207/30128,36
counts_by_cpc.G06T2207/30132,1
counts_by_cpc.G06T2207/30136,2
counts_by_cpc.G06T2207/30148,3
counts_by_cpc.G06T2207/30161,1
counts_by_cpc.G06T2207/30164,2
counts_by_cpc.G06T2207/30168,4
counts_by_cpc.G06T2207/30172,1
counts_by_cpc.G06T2207/30176,2
counts_by_cpc.G06T2207/30184,4
counts_by_cpc.G06T2207/30188,4
counts_by_cpc.G06T2207/30192,1
counts_by_cpc.G06T2207/30196,8
counts_by_cpc.G06T2207/30201,2
counts_by_cpc.G06T2207/30204,3
counts_by_cpc.G06T2207/30224,1
counts_by_cpc.G06T2207/30232,2
counts_by_cpc.G06T2207/30241,3
counts_by_cpc.G06T2207/30242,2
counts_by_cpc.G06T2207/30244,3
counts_by_cpc.G06T2207/30252,8
counts_by_cpc.G06T2207/30264,1
counts_by_cpc.G06T2207/30268,5
counts_by_cpc.G06T2210/04,1
counts_by_cpc.G06T2210/12,4
counts_by_cpc.G06T2210/21,4
counts_by_cpc.G06T2210/22,1
counts_by_cpc.G06T2210/32,1
counts_by_cpc.G06T2210/41,3
counts_by_cpc.G06T2210/52,2
counts_by_cpc.G06T2210/56,1
counts_by_cpc.G06T2211/421,1
counts_by_cpc.G06T2211/441,1
counts_by_cpc.G06T2215/00,1
counts_by_cpc.G06T2215/16,1
counts_by_cpc.G06T2219/024,1
counts_by_cpc.G06T2219/2004,2
counts_by_cpc.G06T2219/2012,1
counts_by_cpc.G06T2219/2016,3
counts_by_cpc.G06T3/047,1
counts_by_cpc.G06T3/10,1
counts_by_cpc.G06T3/147,1
counts_by_cpc.G06T3/16,2
counts_by_cpc.G06T3/18,2
counts_by_cpc.G06T3/40,6
counts_by_cpc.G06T3/4007,4
counts_by_cpc.G06T3/4046,5
counts_by_cpc.G06T3/4053,2
counts_by_cpc.G06T3/60,1
counts_by_cpc.G06T5/10,3
counts_by_cpc.G06T5/20,10
counts_by_cpc.G06T5/30,1
counts_by_cpc.G06T5/50,13
counts_by_cpc.G06T5/60,3
counts_by_cpc.G06T5/70,11
counts_by_cpc.G06T5/73,3
counts_by_cpc.G06T5/77,1
counts_by_cpc.G06T5/80,1
counts_by_cpc.G06T5/92,1
counts_by_cpc.G06T7/00,1
counts_by_cpc.G06T7/0002,15
counts_by_cpc.G06T7/0004,22
counts_by_cpc.G06T7/0006,2
counts_by_cpc.G06T7/0008,2
counts_by_cpc.G06T7/001,39
counts_by_cpc.G06T7/0012,16
counts_by_cpc.G06T7/0014,3
counts_by_cpc.G06T7/0016,1
counts_by_cpc.G06T7/10,2
counts_by_cpc.G06T7/11,24
counts_by_cpc.G06T7/12,4
counts_by_cpc.G06T7/13,9
counts_by_cpc.G06T7/136,2
counts_by_cpc.G06T7/143,1
counts_by_cpc.G06T7/155,1
counts_by_cpc.G06T7/174,3
counts_by_cpc.G06T7/194,3
counts_by_cpc.G06T7/20,10
counts_by_cpc.G06T7/215,1
counts_by_cpc.G06T7/246,4
counts_by_cpc.G06T7/248,2
counts_by_cpc.G06T7/251,2
counts_by_cpc.G06T7/30,4
counts_by_cpc.G06T7/32,1
counts_by_cpc.G06T7/33,2
counts_by_cpc.G06T7/337,3
counts_by_cpc.G06T7/40,2
counts_by_cpc.G06T7/49,4
counts_by_cpc.G06T7/50,7
counts_by_cpc.G06T7/521,1
counts_by_cpc.G06T7/55,6
counts_by_cpc.G06T7/564,1
counts_by_cpc.G06T7/593,1
counts_by_cpc.G06T7/60,5
counts_by_cpc.G06T7/62,6
counts_by_cpc.G06T7/64,1
counts_by_cpc.G06T7/70,27
counts_by_cpc.G06T7/73,15
counts_by_cpc.G06T7/74,4
counts_by_cpc.G06T7/75,1
counts_by_cpc.G06T7/80,3
counts_by_cpc.G06T7/85,1
counts_by_cpc.G06T7/90,8
counts_by_cpc.G06T7/97,7
counts_by_cpc.G06T9/00,3
counts_by_cpc.G06T9/001,3
counts_by_cpc.G06T9/002,3
counts_by_cpc.G06V10/10,2
counts_by_cpc.G06V10/12,1
counts_by_cpc.G06V10/141,2
counts_by_cpc.G06V10/143,1
counts_by_cpc.G06V10/20,1
counts_by_cpc.G06V10/22,2
counts_by_cpc.G06V10/225,4
counts_by_cpc.G06V10/245,1
counts_by_cpc.G06V10/25,12
counts_by_cpc.G06V10/255,1
counts_by_cpc.G06V10/26,7
counts_by_cpc.G06V10/267,1
counts_by_cpc.G06V10/28,1
counts_by_cpc.G06V10/36,1
counts_by_cpc.G06V10/40,2
counts_by_cpc.G06V10/44,9
counts_by_cpc.G06V10/454,3
counts_by_cpc.G06V10/46,1
counts_by_cpc.G06V10/56,1
counts_by_cpc.G06V10/60,4
counts_by_cpc.G06V10/62,1
counts_by_cpc.G06V10/70,2
counts_by_cpc.G06V10/74,36
counts_by_cpc.G06V10/751,3
counts_by_cpc.G06V10/7515,1
counts_by_cpc.G06V10/752,1
counts_by_cpc.G06V10/758,1
counts_by_cpc.G06V10/761,6
counts_by_cpc.G06V10/762,3
counts_by_cpc.G06V10/764,12
counts_by_cpc.G06V10/765,1
counts_by_cpc.G06V10/768,1
counts_by_cpc.G06V10/771,3
counts_by_cpc.G06V10/7715,6
counts_by_cpc.G06V10/774,13
counts_by_cpc.G06V10/776,6
counts_by_cpc.G06V10/7788,1
counts_by_cpc.G06V10/806,3
counts_by_cpc.G06V10/82,23
counts_by_cpc.G06V10/84,1
counts_by_cpc.G06V10/87,1
counts_by_cpc.G06V10/88,1
counts_by_cpc.G06V10/94,1
counts_by_cpc.G06V10/945,2
counts_by_cpc.G06V10/95,1
counts_by_cpc.G06V10/98,1
counts_by_cpc.G06V10/993,1
counts_by_cpc.G06V20/00,2
counts_by_cpc.G06V20/10,14
counts_by_cpc.G06V20/13,1
counts_by_cpc.G06V20/17,2
counts_by_cpc.G06V20/176,1
counts_by_cpc.G06V20/182,1
counts_by_cpc.G06V20/188,1
counts_by_cpc.G06V20/20,2
counts_by_cpc.G06V20/40,4
counts_by_cpc.G06V20/41,4
counts_by_cpc.G06V20/42,1
counts_by_cpc.G06V20/46,3
counts_by_cpc.G06V20/47,2
counts_by_cpc.G06V20/50,1
counts_by_cpc.G06V20/52,11
counts_by_cpc.G06V20/54,1
counts_by_cpc.G06V20/56,4
counts_by_cpc.G06V20/58,7
counts_by_cpc.G06V20/584,1
counts_by_cpc.G06V20/588,6
counts_by_cpc.G06V20/59,2
counts_by_cpc.G06V20/593,1
counts_by_cpc.G06V20/597,4
counts_by_cpc.G06V20/64,4
counts_by_cpc.G06V20/68,2
counts_by_cpc.G06V20/69,2
counts_by_cpc.G06V20/695,2
counts_by_cpc.G06V20/698,2
counts_by_cpc.G06V20/70,5
counts_by_cpc.G06V20/80,1
counts_by_cpc.G06V2201/03,1
counts_by_cpc.G06V2201/06,2
counts_by_cpc.G06V2201/07,8
counts_by_cpc.G06V2201/08,1
counts_by_cpc.G06V30/10,4
counts_by_cpc.G06V30/141,1
counts_by_cpc.G06V30/142,1
counts_by_cpc.G06V30/1444,2
counts_by_cpc.G06V30/147,1
counts_by_cpc.G06V30/18,1
counts_by_cpc.G06V30/19173,1
counts_by_cpc.G06V30/2253,1
counts_by_cpc.G06V30/347,1
counts_by_cpc.G06V30/40,1
counts_by_cpc.G06V30/412,1
counts_by_cpc.G06V30/413,1
counts_by_cpc.G06V30/416,2
counts_by_cpc.G06V40/10,45
counts_by_cpc.G06V40/13,2
counts_by_cpc.G06V40/161,4
counts_by_cpc.G06V40/165,2
counts_by_cpc.G06V40/169,1
counts_by_cpc.G06V40/171,2
counts_by_cpc.G06V40/172,4
counts_by_cpc.G06V40/174,1
counts_by_cpc.G06V40/176,1
counts_by_cpc.G06V40/178,1
counts_by_cpc.G06V40/18,1
counts_by_cpc.G06V40/193,1
counts_by_cpc.G06V40/20,3
counts_by_cpc.G06V40/23,2
counts_by_cpc.G06V40/28,3
counts_by_cpc.G07B15/00,1
counts_by_cpc.G07B15/063,1
counts_by_cpc.G07C2009/00539,1
counts_by_cpc.G07C2009/00769,1
counts_by_cpc.G07C3/005,1
counts_by_cpc.G07C3/14,12
counts_by_cpc.G07C3/146,1
counts_by_cpc.G07C5/006,1
counts_by_cpc.G07C5/008,4
counts_by_cpc.G07C5/02,2
counts_by_cpc.G07C5/04,2
counts_by_cpc.G07C5/0808,2
counts_by_cpc.G07C5/0825,1
counts_by_cpc.G07C5/0833,1
counts_by_cpc.G07C5/085,2
counts_by_cpc.G07C5/0866,1
counts_by_cpc.G07C9/00309,2
counts_by_cpc.G07C9/00563,2
counts_by_cpc.G07C9/00571,3
counts_by_cpc.G07C9/00896,1
counts_by_cpc.G07C9/00904,1
counts_by_cpc.G07C9/00944,1
counts_by_cpc.G07C9/10,1
counts_by_cpc.G07C9/22,1
counts_by_cpc.G07C9/25,1
counts_by_cpc.G07C9/27,1
counts_by_cpc.G07C9/28,1
counts_by_cpc.G07C9/38,1
counts_by_cpc.G07D11/009,1
counts_by_cpc.G07D11/20,1
counts_by_cpc.G07D5/00,1
counts_by_cpc.G07F11/00,5
counts_by_cpc.G07F11/002,3
counts_by_cpc.G07F11/04,5
counts_by_cpc.G07F11/045,8
counts_by_cpc.G07F11/10,13
counts_by_cpc.G07F11/16,5
counts_by_cpc.G07F11/165,27
counts_by_cpc.G07F11/1653,11
counts_by_cpc.G07F11/1657,25
counts_by_cpc.G07F11/24,8
counts_by_cpc.G07F11/42,11
counts_by_cpc.G07F11/44,1
counts_by_cpc.G07F11/60,12
counts_by_cpc.G07F11/62,6
counts_by_cpc.G07F17/005,1
counts_by_cpc.G07F17/0092,12
counts_by_cpc.G07F17/10,1
counts_by_cpc.G07F17/26,1
counts_by_cpc.G07F17/3202,3
counts_by_cpc.G07F17/3209,3
counts_by_cpc.G07F17/3211,4
counts_by_cpc.G07F17/3216,3
counts_by_cpc.G07F17/3223,3
counts_by_cpc.G07F17/3225,3
counts_by_cpc.G07F17/323,3
counts_by_cpc.G07F17/3239,3
counts_by_cpc.G07F17/3241,3
counts_by_cpc.G07F17/3244,3
counts_by_cpc.G07F17/3251,3
counts_by_cpc.G07F17/3255,3
counts_by_cpc.G07F17/3267,1
counts_by_cpc.G07F17/329,3
counts_by_cpc.G07F17/42,3
counts_by_cpc.G07F19/205,1
counts_by_cpc.G07F19/207,1
counts_by_cpc.G07F19/209,1
counts_by_cpc.G07F19/211,1
counts_by_cpc.G07F5/18,5
counts_by_cpc.G07F7/069,6
counts_by_cpc.G07F9/001,5
counts_by_cpc.G07F9/002,16
counts_by_cpc.G07F9/02,5
counts_by_cpc.G07F9/026,11
counts_by_cpc.G07F9/10,2
counts_by_cpc.G07G1/0018,1
counts_by_cpc.G07G1/0036,1
counts_by_cpc.G07G1/0045,11
counts_by_cpc.G08B13/14,1
counts_by_cpc.G08B13/1436,1
counts_by_cpc.G08B13/1445,1
counts_by_cpc.G08B13/1463,2
counts_by_cpc.G08B13/1609,1
counts_by_cpc.G08B13/19602,1
counts_by_cpc.G08B13/19604,1
counts_by_cpc.G08B13/19606,1
counts_by_cpc.G08B13/19673,1
counts_by_cpc.G08B13/19689,1
counts_by_cpc.G08B13/2417,1
counts_by_cpc.G08B13/2468,1
counts_by_cpc.G08B15/001,1
counts_by_cpc.G08B17/04,1
counts_by_cpc.G08B17/06,1
counts_by_cpc.G08B17/10,1
counts_by_cpc.G08B19/00,1
counts_by_cpc.G08B19/005,1
counts_by_cpc.G08B21/02,1
counts_by_cpc.G08B21/0208,1
counts_by_cpc.G08B21/0283,1
counts_by_cpc.G08B21/0423,1
counts_by_cpc.G08B21/0469,1
counts_by_cpc.G08B21/16,1
counts_by_cpc.G08B21/18,18
counts_by_cpc.G08B21/182,2
counts_by_cpc.G08B21/24,1
counts_by_cpc.G08B25/00,1
counts_by_cpc.G08B25/003,1
counts_by_cpc.G08B25/012,1
counts_by_cpc.G08B25/016,2
counts_by_cpc.G08B25/08,1
counts_by_cpc.G08B25/10,3
counts_by_cpc.G08B27/005,1
counts_by_cpc.G08B27/006,1
counts_by_cpc.G08B29/043,1
counts_by_cpc.G08B29/185,1
counts_by_cpc.G08B3/10,1
counts_by_cpc.G08B3/1008,1
counts_by_cpc.G08B5/22,1
counts_by_cpc.G08B5/36,1
counts_by_cpc.G08B7/06,1
counts_by_cpc.G08C17/02,3
counts_by_cpc.G08C2201/20,1
counts_by_cpc.G08G1/0112,4
counts_by_cpc.G08G1/0125,1
counts_by_cpc.G08G1/0129,1
counts_by_cpc.G08G1/0133,2
counts_by_cpc.G08G1/0137,1
counts_by_cpc.G08G1/0141,1
counts_by_cpc.G08G1/0145,1
counts_by_cpc.G08G1/04,2
counts_by_cpc.G08G1/052,1
counts_by_cpc.G08G1/095,1
counts_by_cpc.G08G1/0967,1
counts_by_cpc.G08G1/096725,2
counts_by_cpc.G08G1/096775,1
counts_by_cpc.G08G1/096827,1
counts_by_cpc.G08G1/123,1
counts_by_cpc.G08G1/145,1
counts_by_cpc.G08G1/16,2
counts_by_cpc.G08G1/161,1
counts_by_cpc.G08G1/162,1
counts_by_cpc.G08G1/164,1
counts_by_cpc.G08G1/166,3
counts_by_cpc.G08G1/167,2
counts_by_cpc.G08G1/22,1
counts_by_cpc.G08G3/00,1
counts_by_cpc.G08G5/21,2
counts_by_cpc.G08G5/22,1
counts_by_cpc.G08G5/26,1
counts_by_cpc.G08G5/54,1
counts_by_cpc.G08G5/76,1
counts_by_cpc.G08G5/80,1
counts_by_cpc.G09B19/00,2
counts_by_cpc.G09B19/003,1
counts_by_cpc.G09B19/0084,1
counts_by_cpc.G09B19/06,1
counts_by_cpc.G09B19/167,1
counts_by_cpc.G09B19/24,2
counts_by_cpc.G09B23/06,1
counts_by_cpc.G09B23/10,1
counts_by_cpc.G09B23/288,1
counts_by_cpc.G09B25/02,1
counts_by_cpc.G09B5/02,2
counts_by_cpc.G09B5/06,2
counts_by_cpc.G09B9/00,3
counts_by_cpc.G09B9/042,1
counts_by_cpc.G09B9/165,1
counts_by_cpc.G09B9/206,1
counts_by_cpc.G09B9/28,1
counts_by_cpc.G09B9/30,1
counts_by_cpc.G09C1/00,1
counts_by_cpc.G09F1/04,1
counts_by_cpc.G09F1/06,1
counts_by_cpc.G09F1/10,13
counts_by_cpc.G09F1/103,1
counts_by_cpc.G09F13/20,2
counts_by_cpc.G09F15/0018,5
counts_by_cpc.G09F15/02,3
counts_by_cpc.G09F19/226,1
counts_by_cpc.G09F2003/0222,1
counts_by_cpc.G09F2003/0257,1
counts_by_cpc.G09F2007/122,8
counts_by_cpc.G09F2007/127,3
counts_by_cpc.G09F2007/1852,15
counts_by_cpc.G09F2007/186,3
counts_by_cpc.G09F2007/1865,1
counts_by_cpc.G09F2021/041,1
counts_by_cpc.G09F21/02,2
counts_by_cpc.G09F21/04,9
counts_by_cpc.G09F21/041,1
counts_by_cpc.G09F21/042,4
counts_by_cpc.G09F23/00,5
counts_by_cpc.G09F23/0081,4
counts_by_cpc.G09F23/08,2
counts_by_cpc.G09F23/14,1
counts_by_cpc.G09F27/00,1
counts_by_cpc.G09F27/005,1
counts_by_cpc.G09F3/0288,1
counts_by_cpc.G09F3/0292,1
counts_by_cpc.G09F3/08,1
counts_by_cpc.G09F3/10,1
counts_by_cpc.G09F3/18,1
counts_by_cpc.G09F3/20,3
counts_by_cpc.G09F3/203,2
counts_by_cpc.G09F3/204,2
counts_by_cpc.G09F3/208,1
counts_by_cpc.G09F7/00,1
counts_by_cpc.G09F7/04,14
counts_by_cpc.G09F7/06,4
counts_by_cpc.G09F7/12,16
counts_by_cpc.G09F7/18,26
counts_by_cpc.G09F9/00,2
counts_by_cpc.G09F9/301,1
counts_by_cpc.G09F9/33,1
counts_by_cpc.G09G2230/00,1
counts_by_cpc.G09G2300/026,1
counts_by_cpc.G09G2300/04,1
counts_by_cpc.G09G2300/0408,2
counts_by_cpc.G09G2300/0413,1
counts_by_cpc.G09G2300/0426,5
counts_by_cpc.G09G2300/043,2
counts_by_cpc.G09G2300/0452,2
counts_by_cpc.G09G2300/0465,1
counts_by_cpc.G09G2300/0809,1
counts_by_cpc.G09G2300/0814,1
counts_by_cpc.G09G2300/0819,9
counts_by_cpc.G09G2300/0842,8
counts_by_cpc.G09G2300/0852,6
counts_by_cpc.G09G2300/0861,5
counts_by_cpc.G09G2310/0232,1
counts_by_cpc.G09G2310/0245,1
counts_by_cpc.G09G2310/0262,1
counts_by_cpc.G09G2310/0267,1
counts_by_cpc.G09G2310/027,2
counts_by_cpc.G09G2310/0272,1
counts_by_cpc.G09G2310/0281,1
counts_by_cpc.G09G2310/0286,4
counts_by_cpc.G09G2310/0291,2
counts_by_cpc.G09G2310/0297,1
counts_by_cpc.G09G2310/06,1
counts_by_cpc.G09G2310/066,1
counts_by_cpc.G09G2310/08,13
counts_by_cpc.G09G2320/0209,1
counts_by_cpc.G09G2320/0223,2
counts_by_cpc.G09G2320/0233,6
counts_by_cpc.G09G2320/0242,3
counts_by_cpc.G09G2320/0247,2
counts_by_cpc.G09G2320/0257,1
counts_by_cpc.G09G2320/043,1
counts_by_cpc.G09G2320/045,2
counts_by_cpc.G09G2320/062,1
counts_by_cpc.G09G2320/064,3
counts_by_cpc.G09G2320/0646,1
counts_by_cpc.G09G2320/0666,1
counts_by_cpc.G09G2320/0673,1
counts_by_cpc.G09G2320/0693,1
counts_by_cpc.G09G2330/021,3
counts_by_cpc.G09G2330/028,1
counts_by_cpc.G09G2330/04,1
counts_by_cpc.G09G2340/0407,1
counts_by_cpc.G09G2340/0435,3
counts_by_cpc.G09G2354/00,4
counts_by_cpc.G09G2370/08,1
counts_by_cpc.G09G2370/10,1
counts_by_cpc.G09G2380/10,1
counts_by_cpc.G09G3/001,3
counts_by_cpc.G09G3/003,1
counts_by_cpc.G09G3/20,2
counts_by_cpc.G09G3/2003,2
counts_by_cpc.G09G3/2007,1
counts_by_cpc.G09G3/2092,3
counts_by_cpc.G09G3/2096,1
counts_by_cpc.G09G3/30,1
counts_by_cpc.G09G3/32,4
counts_by_cpc.G09G3/3225,4
counts_by_cpc.G09G3/3233,13
counts_by_cpc.G09G3/3258,1
counts_by_cpc.G09G3/3266,6
counts_by_cpc.G09G3/3291,3
counts_by_cpc.G09G3/3426,2
counts_by_cpc.G09G3/344,1
counts_by_cpc.G09G3/3648,2
counts_by_cpc.G09G3/3677,1
counts_by_cpc.G09G5/06,1
counts_by_cpc.G10D1/08,1
counts_by_cpc.G10D3/06,1
counts_by_cpc.G10D3/14,1
counts_by_cpc.G10D3/173,1
counts_by_cpc.G10D7/14,1
counts_by_cpc.G10H1/0025,1
counts_by_cpc.G10H2210/375,1
counts_by_cpc.G10K11/004,1
counts_by_cpc.G10K11/162,2
counts_by_cpc.G10K11/17823,1
counts_by_cpc.G10K11/17825,1
counts_by_cpc.G10K11/17827,1
counts_by_cpc.G10K11/17881,1
counts_by_cpc.G10K11/32,1
counts_by_cpc.G10K15/00,5
counts_by_cpc.G10K2210/1081,1
counts_by_cpc.G10K2210/3026,1
counts_by_cpc.G10K2210/3027,1
counts_by_cpc.G10K2210/3028,1
counts_by_cpc.G10K2210/3046,1
counts_by_cpc.G10L13/027,3
counts_by_cpc.G10L13/033,1
counts_by_cpc.G10L13/047,3
counts_by_cpc.G10L13/08,1
counts_by_cpc.G10L15/005,1
counts_by_cpc.G10L15/02,5
counts_by_cpc.G10L15/04,1
counts_by_cpc.G10L15/05,1
counts_by_cpc.G10L15/063,4
counts_by_cpc.G10L15/08,2
counts_by_cpc.G10L15/10,1
counts_by_cpc.G10L15/12,1
counts_by_cpc.G10L15/16,2
counts_by_cpc.G10L15/18,1
counts_by_cpc.G10L15/1815,4
counts_by_cpc.G10L15/1822,1
counts_by_cpc.G10L15/183,3
counts_by_cpc.G10L15/19,1
counts_by_cpc.G10L15/197,1
counts_by_cpc.G10L15/22,12
counts_by_cpc.G10L15/25,1
counts_by_cpc.G10L15/26,3
counts_by_cpc.G10L15/32,1
counts_by_cpc.G10L19/008,1
counts_by_cpc.G10L19/018,1
counts_by_cpc.G10L19/167,1
counts_by_cpc.G10L19/24,1
counts_by_cpc.G10L2015/027,1
counts_by_cpc.G10L2015/0631,1
counts_by_cpc.G10L2015/088,3
counts_by_cpc.G10L2015/221,1
counts_by_cpc.G10L2015/223,6
counts_by_cpc.G10L2015/225,1
counts_by_cpc.G10L2015/228,3
counts_by_cpc.G10L2021/02087,1
counts_by_cpc.G10L2021/02166,1
counts_by_cpc.G10L2021/105,1
counts_by_cpc.G10L21/007,1
counts_by_cpc.G10L21/02,1
counts_by_cpc.G10L21/0208,1
counts_by_cpc.G10L21/0232,2
counts_by_cpc.G10L21/0264,1
counts_by_cpc.G10L21/028,2
counts_by_cpc.G10L21/0308,1
counts_by_cpc.G10L21/034,1
counts_by_cpc.G10L21/0364,1
counts_by_cpc.G10L21/10,2
counts_by_cpc.G10L25/30,3
counts_by_cpc.G10L25/48,1
counts_by_cpc.G10L25/51,2
counts_by_cpc.G10L25/57,1
counts_by_cpc.G10L25/60,1
counts_by_cpc.G10L25/63,3
counts_by_cpc.G10L25/78,1
counts_by_cpc.G10L25/84,2
counts_by_cpc.G10L25/87,1
counts_by_cpc.G11B15/6835,1
counts_by_cpc.G11B17/038,2
counts_by_cpc.G11B17/08,1
counts_by_cpc.G11B17/16,1
counts_by_cpc.G11B20/10,3
counts_by_cpc.G11B20/10037,10
counts_by_cpc.G11B20/10046,1
counts_by_cpc.G11B20/10527,1
counts_by_cpc.G11B20/1876,1
counts_by_cpc.G11B20/20,1
counts_by_cpc.G11B2005/0021,3
counts_by_cpc.G11B2007/240017,1
counts_by_cpc.G11B2020/10546,1
counts_by_cpc.G11B2020/10574,1
counts_by_cpc.G11B2020/10583,1
counts_by_cpc.G11B2220/2508,1
counts_by_cpc.G11B2220/2541,1
counts_by_cpc.G11B2220/41,1
counts_by_cpc.G11B23/00,9
counts_by_cpc.G11B23/40,1
counts_by_cpc.G11B25/043,1
counts_by_cpc.G11B27/002,1
counts_by_cpc.G11B27/005,1
counts_by_cpc.G11B27/031,2
counts_by_cpc.G11B27/034,1
counts_by_cpc.G11B27/105,1
counts_by_cpc.G11B27/11,1
counts_by_cpc.G11B27/329,1
counts_by_cpc.G11B27/36,1
counts_by_cpc.G11B33/0427,1
counts_by_cpc.G11B5/02,1
counts_by_cpc.G11B5/09,1
counts_by_cpc.G11B5/48,1
counts_by_cpc.G11B5/4826,1
counts_by_cpc.G11B5/4833,1
counts_by_cpc.G11B5/4866,1
counts_by_cpc.G11B5/4873,1
counts_by_cpc.G11B5/584,1
counts_by_cpc.G11B5/6088,1
counts_by_cpc.G11B5/653,1
counts_by_cpc.G11B5/656,1
counts_by_cpc.G11B5/7356,1
counts_by_cpc.G11B5/78,1
counts_by_cpc.G11B5/84,2
counts_by_cpc.G11B7/1263,1
counts_by_cpc.G11B7/127,1
counts_by_cpc.G11B7/1387,1
counts_by_cpc.G11B7/24009,1
counts_by_cpc.G11B7/24094,1
counts_by_cpc.G11B7/26,3
counts_by_cpc.G11B7/265,1
counts_by_cpc.G11B7/268,1
counts_by_cpc.G11C11/161,1
counts_by_cpc.G11C11/1653,1
counts_by_cpc.G11C11/1659,1
counts_by_cpc.G11C11/1673,1
counts_by_cpc.G11C11/1675,1
counts_by_cpc.G11C11/221,1
counts_by_cpc.G11C11/2297,1
counts_by_cpc.G11C11/40615,1
counts_by_cpc.G11C11/4063,1
counts_by_cpc.G11C11/4076,2
counts_by_cpc.G11C11/4085,4
counts_by_cpc.G11C11/4087,2
counts_by_cpc.G11C11/409,1
counts_by_cpc.G11C11/4091,2
counts_by_cpc.G11C11/4094,1
counts_by_cpc.G11C11/4096,2
counts_by_cpc.G11C11/4097,1
counts_by_cpc.G11C11/4099,1
counts_by_cpc.G11C11/412,1
counts_by_cpc.G11C11/44,1
counts_by_cpc.G11C11/54,1
counts_by_cpc.G11C13/0004,4
counts_by_cpc.G11C13/0023,1
counts_by_cpc.G11C13/0026,3
counts_by_cpc.G11C13/0028,2
counts_by_cpc.G11C13/003,2
counts_by_cpc.G11C13/004,2
counts_by_cpc.G11C13/0061,1
counts_by_cpc.G11C13/0064,1
counts_by_cpc.G11C13/0069,3
counts_by_cpc.G11C15/046,1
counts_by_cpc.G11C16/0483,5
counts_by_cpc.G11C16/08,2
counts_by_cpc.G11C16/10,3
counts_by_cpc.G11C16/14,1
counts_by_cpc.G11C16/24,1
counts_by_cpc.G11C16/26,3
counts_by_cpc.G11C16/32,1
counts_by_cpc.G11C16/34,1
counts_by_cpc.G11C16/3459,1
counts_by_cpc.G11C16/349,1
counts_by_cpc.G11C17/16,1
counts_by_cpc.G11C17/18,1
counts_by_cpc.G11C19/28,2
counts_by_cpc.G11C2013/0054,1
counts_by_cpc.G11C2013/0078,1
counts_by_cpc.G11C2013/0083,1
counts_by_cpc.G11C2213/71,1
counts_by_cpc.G11C2213/79,1
counts_by_cpc.G11C29/44,1
counts_by_cpc.G11C29/4401,1
counts_by_cpc.G11C5/063,1
counts_by_cpc.G11C5/10,1
counts_by_cpc.G11C5/147,1
counts_by_cpc.G11C5/148,1
counts_by_cpc.G11C7/04,1
counts_by_cpc.G11C7/08,1
counts_by_cpc.G11C7/106,1
counts_by_cpc.G11C7/1069,2
counts_by_cpc.G11C7/12,1
counts_by_cpc.G11C7/14,1
counts_by_cpc.G11C7/16,1
counts_by_cpc.G11C7/222,1
counts_by_cpc.G11C7/24,1
counts_by_cpc.G11C8/10,1
counts_by_cpc.G12B17/00,1
counts_by_cpc.G12B5/00,2
counts_by_cpc.G16B15/00,1
counts_by_cpc.G16B15/20,1
counts_by_cpc.G16B25/00,1
counts_by_cpc.G16B25/10,3
counts_by_cpc.G16B30/00,3
counts_by_cpc.G16B30/10,2
counts_by_cpc.G16B35/00,2
counts_by_cpc.G16B40/00,3
counts_by_cpc.G16B40/20,1
counts_by_cpc.G16B40/30,2
counts_by_cpc.G16B45/00,1
counts_by_cpc.G16B50/00,1
counts_by_cpc.G16C20/10,1
counts_by_cpc.G16C20/20,2
counts_by_cpc.G16C20/30,2
counts_by_cpc.G16C20/50,1
counts_by_cpc.G16C20/60,1
counts_by_cpc.G16C20/64,1
counts_by_cpc.G16C20/70,2
counts_by_cpc.G16H10/60,11
counts_by_cpc.G16H10/65,1
counts_by_cpc.G16H15/00,3
counts_by_cpc.G16H20/10,6
counts_by_cpc.G16H20/13,12
counts_by_cpc.G16H20/17,36
counts_by_cpc.G16H20/30,1
counts_by_cpc.G16H20/40,3
counts_by_cpc.G16H20/60,1
counts_by_cpc.G16H20/70,3
counts_by_cpc.G16H30/20,4
counts_by_cpc.G16H30/40,6
counts_by_cpc.G16H40/20,6
counts_by_cpc.G16H40/40,2
counts_by_cpc.G16H40/63,5
counts_by_cpc.G16H40/67,4
counts_by_cpc.G16H50/20,52
counts_by_cpc.G16H50/30,40
counts_by_cpc.G16H50/50,1
counts_by_cpc.G16H50/70,3
counts_by_cpc.G16H70/20,1
counts_by_cpc.G16H70/40,2
counts_by_cpc.G16H80/00,3
counts_by_cpc.G16Y20/20,1
counts_by_cpc.G16Y30/00,1
counts_by_cpc.G16Y30/10,1
counts_by_cpc.G16Y40/50,1
counts_by_cpc.G16Z99/00,36
counts_by_cpc.G21B1/05,2
counts_by_cpc.G21B1/21,1
counts_by_cpc.G21C17/035,1
counts_by_cpc.G21C19/00,1
counts_by_cpc.G21C19/02,2
counts_by_cpc.G21C19/06,1
counts_by_cpc.G21C19/10,1
counts_by_cpc.G21C19/105,3
counts_by_cpc.G21C19/16,1
counts_by_cpc.G21C19/28,1
counts_by_cpc.G21C19/32,1
counts_by_cpc.G21C23/00,1
counts_by_cpc.G21F5/14,12
counts_by_cpc.G21F7/00,1
counts_by_cpc.G21F7/061,1
counts_by_cpc.G21F7/065,1
counts_by_cpc.G21F7/067,1
counts_by_cpc.G21F9/04,1
counts_by_cpc.G21K1/02,1
counts_by_cpc.H01B1/04,1
counts_by_cpc.H01B1/20,1
counts_by_cpc.H01B1/22,1
counts_by_cpc.H01B12/04,1
counts_by_cpc.H01B12/08,1
counts_by_cpc.H01B13/0036,1
counts_by_cpc.H01B17/58,1
counts_by_cpc.H01B7/0072,1
counts_by_cpc.H01B7/009,1
counts_by_cpc.H01B7/02,1
counts_by_cpc.H01B7/0823,1
counts_by_cpc.H01B7/423,2
counts_by_cpc.H01C1/1406,1
counts_by_cpc.H01C10/32,1
counts_by_cpc.H01C17/006,1
counts_by_cpc.H01C17/30,1
counts_by_cpc.H01C7/021,1
counts_by_cpc.H01C7/028,1
counts_by_cpc.H01C7/13,1
counts_by_cpc.H01F1/0577,1
counts_by_cpc.H01F1/059,1
counts_by_cpc.H01F1/117,2
counts_by_cpc.H01F1/15325,1
counts_by_cpc.H01F1/344,1
counts_by_cpc.H01F17/0006,1
counts_by_cpc.H01F17/04,1
counts_by_cpc.H01F17/045,1
counts_by_cpc.H01F17/06,1
counts_by_cpc.H01F2007/208,4
counts_by_cpc.H01F2017/0093,1
counts_by_cpc.H01F2017/048,1
counts_by_cpc.H01F2027/065,1
counts_by_cpc.H01F2027/2809,1
counts_by_cpc.H01F2027/2819,1
counts_by_cpc.H01F27/02,1
counts_by_cpc.H01F27/04,1
counts_by_cpc.H01F27/06,1
counts_by_cpc.H01F27/24,1
counts_by_cpc.H01F27/255,2
counts_by_cpc.H01F27/28,1
counts_by_cpc.H01F27/2804,1
counts_by_cpc.H01F27/2828,1
counts_by_cpc.H01F27/2895,1
counts_by_cpc.H01F27/29,2
counts_by_cpc.H01F27/292,1
counts_by_cpc.H01F27/306,1
counts_by_cpc.H01F27/36,2
counts_by_cpc.H01F27/361,1
counts_by_cpc.H01F27/363,1
counts_by_cpc.H01F27/366,1
counts_by_cpc.H01F29/02,1
counts_by_cpc.H01F3/08,1
counts_by_cpc.H01F30/04,1
counts_by_cpc.H01F30/12,1
counts_by_cpc.H01F38/30,1
counts_by_cpc.H01F41/02,1
counts_by_cpc.H01F41/0266,2
counts_by_cpc.H01F41/0273,1
counts_by_cpc.H01F5/02,1
counts_by_cpc.H01F6/04,1
counts_by_cpc.H01F6/06,2
counts_by_cpc.H01F7/02,3
counts_by_cpc.H01F7/0215,2
counts_by_cpc.H01F7/0221,2
counts_by_cpc.H01F7/0231,1
counts_by_cpc.H01F7/0242,1
counts_by_cpc.H01F7/0252,18
counts_by_cpc.H01F7/0257,6
counts_by_cpc.H01F7/0263,1
counts_by_cpc.H01F7/04,7
counts_by_cpc.H01F7/06,1
counts_by_cpc.H01F7/064,1
counts_by_cpc.H01F7/066,1
counts_by_cpc.H01F7/20,3
counts_by_cpc.H01F7/206,4
counts_by_cpc.H01G11/38,1
counts_by_cpc.H01G11/50,1
counts_by_cpc.H01G4/008,2
counts_by_cpc.H01G4/0085,2
counts_by_cpc.H01G4/012,3
counts_by_cpc.H01G4/12,2
counts_by_cpc.H01G4/1227,1
counts_by_cpc.H01G4/224,1
counts_by_cpc.H01G4/228,1
counts_by_cpc.H01G4/2325,2
counts_by_cpc.H01G4/30,5
counts_by_cpc.H01G9/0036,1
counts_by_cpc.H01G9/012,1
counts_by_cpc.H01G9/042,1
counts_by_cpc.H01G9/045,1
counts_by_cpc.H01G9/048,1
counts_by_cpc.H01G9/07,1
counts_by_cpc.H01G9/15,1
counts_by_cpc.H01H13/023,1
counts_by_cpc.H01H13/04,1
counts_by_cpc.H01H13/14,2
counts_by_cpc.H01H13/20,1
counts_by_cpc.H01H13/85,1
counts_by_cpc.H01H2215/03,1
counts_by_cpc.H01H2219/002,1
counts_by_cpc.H01H35/00,5
counts_by_cpc.H01H35/2692,1
counts_by_cpc.H01H35/28,1
counts_by_cpc.H01H47/325,1
counts_by_cpc.H01H71/521,1
counts_by_cpc.H01H73/04,1
counts_by_cpc.H01H9/02,1
counts_by_cpc.H01H9/0214,2
counts_by_cpc.H01H9/54,2
counts_by_cpc.H01J2209/463,1
counts_by_cpc.H01J2209/466,1
counts_by_cpc.H01J2237/024,1
counts_by_cpc.H01J2237/1035,1
counts_by_cpc.H01J2237/1502,1
counts_by_cpc.H01J2237/152,1
counts_by_cpc.H01J2237/153,1
counts_by_cpc.H01J2237/2001,2
counts_by_cpc.H01J2237/2007,1
counts_by_cpc.H01J2237/24564,1
counts_by_cpc.H01J2237/24578,1
counts_by_cpc.H01J2237/332,3
counts_by_cpc.H01J2237/3321,2
counts_by_cpc.H01J2237/334,5
counts_by_cpc.H01J2237/3341,1
counts_by_cpc.H01J2237/335,2
counts_by_cpc.H01J2237/336,1
counts_by_cpc.H01J2893/0096,5
counts_by_cpc.H01J2893/0097,1
counts_by_cpc.H01J2893/0098,1
counts_by_cpc.H01J37/143,1
counts_by_cpc.H01J37/1478,1
counts_by_cpc.H01J37/18,2
counts_by_cpc.H01J37/22,1
counts_by_cpc.H01J37/244,3
counts_by_cpc.H01J37/28,1
counts_by_cpc.H01J37/3053,1
counts_by_cpc.H01J37/315,1
counts_by_cpc.H01J37/3171,1
counts_by_cpc.H01J37/32082,2
counts_by_cpc.H01J37/32091,1
counts_by_cpc.H01J37/321,1
counts_by_cpc.H01J37/32174,1
counts_by_cpc.H01J37/32183,1
counts_by_cpc.H01J37/32192,1
counts_by_cpc.H01J37/32357,3
counts_by_cpc.H01J37/32366,1
counts_by_cpc.H01J37/32422,1
counts_by_cpc.H01J37/32431,1
counts_by_cpc.H01J37/3244,3
counts_by_cpc.H01J37/32449,6
counts_by_cpc.H01J37/32477,1
counts_by_cpc.H01J37/32522,2
counts_by_cpc.H01J37/32541,1
counts_by_cpc.H01J37/32568,2
counts_by_cpc.H01J37/32577,1
counts_by_cpc.H01J37/32642,4
counts_by_cpc.H01J37/32669,1
counts_by_cpc.H01J37/32697,1
counts_by_cpc.H01J37/32715,2
counts_by_cpc.H01J37/32724,2
counts_by_cpc.H01J37/32743,1
counts_by_cpc.H01J37/32807,1
counts_by_cpc.H01J37/32816,2
counts_by_cpc.H01J37/32862,2
counts_by_cpc.H01J37/32889,1
counts_by_cpc.H01J37/32899,2
counts_by_cpc.H01J37/3426,1
counts_by_cpc.H01J37/3435,1
counts_by_cpc.H01J37/345,1
counts_by_cpc.H01J37/3464,1
counts_by_cpc.H01J37/3476,1
counts_by_cpc.H01J37/3497,1
counts_by_cpc.H01J45/00,1
counts_by_cpc.H01J49/164,1
counts_by_cpc.H01J49/425,1
counts_by_cpc.H01J9/00,1
counts_by_cpc.H01J9/003,1
counts_by_cpc.H01J9/006,1
counts_by_cpc.H01J9/32,1
counts_by_cpc.H01J9/46,5
counts_by_cpc.H01J9/48,8
counts_by_cpc.H01K3/00,1
counts_by_cpc.H01K3/32,2
counts_by_cpc.H01L2023/4087,1
counts_by_cpc.H01L21/02065,1
counts_by_cpc.H01L21/02074,1
counts_by_cpc.H01L21/02211,1
counts_by_cpc.H01L21/02274,1
counts_by_cpc.H01L21/0228,2
counts_by_cpc.H01L21/02499,1
counts_by_cpc.H01L21/0262,1
counts_by_cpc.H01L21/027,1
counts_by_cpc.H01L21/046,2
counts_by_cpc.H01L21/0475,1
counts_by_cpc.H01L21/2633,1
counts_by_cpc.H01L21/2686,1
counts_by_cpc.H01L21/28061,1
counts_by_cpc.H01L21/28088,1
counts_by_cpc.H01L21/2885,1
counts_by_cpc.H01L21/304,1
counts_by_cpc.H01L21/3065,3
counts_by_cpc.H01L21/308,1
counts_by_cpc.H01L21/31111,1
counts_by_cpc.H01L21/31116,1
counts_by_cpc.H01L21/31122,1
counts_by_cpc.H01L21/31144,1
counts_by_cpc.H01L21/4846,1
counts_by_cpc.H01L21/4857,2
counts_by_cpc.H01L21/56,4
counts_by_cpc.H01L21/561,2
counts_by_cpc.H01L21/565,1
counts_by_cpc.H01L21/568,1
counts_by_cpc.H01L21/67017,1
counts_by_cpc.H01L21/67023,1
counts_by_cpc.H01L21/67028,1
counts_by_cpc.H01L21/67051,2
counts_by_cpc.H01L21/67069,2
counts_by_cpc.H01L21/67098,1
counts_by_cpc.H01L21/67207,1
counts_by_cpc.H01L21/67248,2
counts_by_cpc.H01L21/67253,1
counts_by_cpc.H01L21/67393,1
counts_by_cpc.H01L21/67706,2
counts_by_cpc.H01L21/67739,1
counts_by_cpc.H01L21/67742,3
counts_by_cpc.H01L21/67757,1
counts_by_cpc.H01L21/67766,3
counts_by_cpc.H01L21/67781,2
counts_by_cpc.H01L21/6831,2
counts_by_cpc.H01L21/6833,2
counts_by_cpc.H01L21/6838,1
counts_by_cpc.H01L21/68707,1
counts_by_cpc.H01L21/68735,1
counts_by_cpc.H01L21/68742,1
counts_by_cpc.H01L21/68785,1
counts_by_cpc.H01L21/68792,1
counts_by_cpc.H01L21/761,1
counts_by_cpc.H01L21/76224,1
counts_by_cpc.H01L21/76243,1
counts_by_cpc.H01L21/764,1
counts_by_cpc.H01L21/76816,3
counts_by_cpc.H01L21/7682,1
counts_by_cpc.H01L21/76831,2
counts_by_cpc.H01L21/76832,2
counts_by_cpc.H01L21/76838,1
counts_by_cpc.H01L21/7684,1
counts_by_cpc.H01L21/76843,1
counts_by_cpc.H01L21/76877,3
counts_by_cpc.H01L21/76895,1
counts_by_cpc.H01L21/76898,2
counts_by_cpc.H01L21/78,3
counts_by_cpc.H01L22/12,2
counts_by_cpc.H01L22/14,1
counts_by_cpc.H01L22/20,2
counts_by_cpc.H01L22/26,1
counts_by_cpc.H01L22/30,1
counts_by_cpc.H01L22/32,1
counts_by_cpc.H01L22/34,1
counts_by_cpc.H01L2224/02145,1
counts_by_cpc.H01L2224/02331,1
counts_by_cpc.H01L2224/0237,2
counts_by_cpc.H01L2224/02373,1
counts_by_cpc.H01L2224/02375,1
counts_by_cpc.H01L2224/02381,1
counts_by_cpc.H01L2224/024,1
counts_by_cpc.H01L2224/0312,1
counts_by_cpc.H01L2224/03442,1
counts_by_cpc.H01L2224/0345,1
counts_by_cpc.H01L2224/03502,1
counts_by_cpc.H01L2224/03848,1
counts_by_cpc.H01L2224/03849,1
counts_by_cpc.H01L2224/0401,1
counts_by_cpc.H01L2224/04042,1
counts_by_cpc.H01L2224/05017,1
counts_by_cpc.H01L2224/05073,1
counts_by_cpc.H01L2224/05147,1
counts_by_cpc.H01L2224/05187,1
counts_by_cpc.H01L2224/05548,1
counts_by_cpc.H01L2224/05552,1
counts_by_cpc.H01L2224/05558,1
counts_by_cpc.H01L2224/05562,1
counts_by_cpc.H01L2224/05566,1
counts_by_cpc.H01L2224/05567,2
counts_by_cpc.H01L2224/05571,2
counts_by_cpc.H01L2224/05572,1
counts_by_cpc.H01L2224/05573,3
counts_by_cpc.H01L2224/05575,1
counts_by_cpc.H01L2224/0558,1
counts_by_cpc.H01L2224/05582,1
counts_by_cpc.H01L2224/05583,1
counts_by_cpc.H01L2224/05624,2
counts_by_cpc.H01L2224/05639,1
counts_by_cpc.H01L2224/05644,1
counts_by_cpc.H01L2224/05647,2
counts_by_cpc.H01L2224/05666,3
counts_by_cpc.H01L2224/05671,1
counts_by_cpc.H01L2224/0568,1
counts_by_cpc.H01L2224/05681,1
counts_by_cpc.H01L2224/05684,1
counts_by_cpc.H01L2224/05687,1
counts_by_cpc.H01L2224/0616,1
counts_by_cpc.H01L2224/06181,1
counts_by_cpc.H01L2224/0807,1
counts_by_cpc.H01L2224/08123,1
counts_by_cpc.H01L2224/08145,2
counts_by_cpc.H01L2224/08146,1
counts_by_cpc.H01L2224/08147,1
counts_by_cpc.H01L2224/08225,1
counts_by_cpc.H01L2224/08245,1
counts_by_cpc.H01L2224/10145,1
counts_by_cpc.H01L2224/13021,1
counts_by_cpc.H01L2224/13024,1
counts_by_cpc.H01L2224/13082,1
counts_by_cpc.H01L2224/13109,1
counts_by_cpc.H01L2224/13111,1
counts_by_cpc.H01L2224/13113,1
counts_by_cpc.H01L2224/13116,1
counts_by_cpc.H01L2224/13118,1
counts_by_cpc.H01L2224/1312,1
counts_by_cpc.H01L2224/13139,1
counts_by_cpc.H01L2224/13144,2
counts_by_cpc.H01L2224/13147,2
counts_by_cpc.H01L2224/13155,1
counts_by_cpc.H01L2224/13157,1
counts_by_cpc.H01L2224/13164,1
counts_by_cpc.H01L2224/13169,1
counts_by_cpc.H01L2224/1403,1
counts_by_cpc.H01L2224/14177,1
counts_by_cpc.H01L2224/16147,2
counts_by_cpc.H01L2224/16225,4
counts_by_cpc.H01L2224/16227,3
counts_by_cpc.H01L2224/16237,1
counts_by_cpc.H01L2224/16238,1
counts_by_cpc.H01L2224/16245,1
counts_by_cpc.H01L2224/16257,1
counts_by_cpc.H01L2224/19,2
counts_by_cpc.H01L2224/2101,1
counts_by_cpc.H01L2224/2105,1
counts_by_cpc.H01L2224/211,1
counts_by_cpc.H01L2224/215,2
counts_by_cpc.H01L2224/26145,1
counts_by_cpc.H01L2224/29021,1
counts_by_cpc.H01L2224/29139,1
counts_by_cpc.H01L2224/29147,1
counts_by_cpc.H01L2224/2919,1
counts_by_cpc.H01L2224/29193,1
counts_by_cpc.H01L2224/32225,4
counts_by_cpc.H01L2224/32237,1
counts_by_cpc.H01L2224/32245,1
counts_by_cpc.H01L2224/33181,1
counts_by_cpc.H01L2224/35848,1
counts_by_cpc.H01L2224/35986,1
counts_by_cpc.H01L2224/37005,1
counts_by_cpc.H01L2224/37011,1
counts_by_cpc.H01L2224/37012,1
counts_by_cpc.H01L2224/37124,1
counts_by_cpc.H01L2224/37147,1
counts_by_cpc.H01L2224/37639,1
counts_by_cpc.H01L2224/37644,1
counts_by_cpc.H01L2224/37655,1
counts_by_cpc.H01L2224/37664,1
counts_by_cpc.H01L2224/37669,1
counts_by_cpc.H01L2224/40101,1
counts_by_cpc.H01L2224/40111,1
counts_by_cpc.H01L2224/40137,1
counts_by_cpc.H01L2224/40247,1
counts_by_cpc.H01L2224/48096,1
counts_by_cpc.H01L2224/48101,1
counts_by_cpc.H01L2224/48137,1
counts_by_cpc.H01L2224/48138,1
counts_by_cpc.H01L2224/48225,2
counts_by_cpc.H01L2224/48227,1
counts_by_cpc.H01L2224/48247,2
counts_by_cpc.H01L2224/48464,1
counts_by_cpc.H01L2224/49175,1
counts_by_cpc.H01L2224/73204,3
counts_by_cpc.H01L2224/73253,1
counts_by_cpc.H01L2224/73257,1
counts_by_cpc.H01L2224/73265,2
counts_by_cpc.H01L2224/75272,1
counts_by_cpc.H01L2224/75651,1
counts_by_cpc.H01L2224/7598,1
counts_by_cpc.H01L2224/8009,1
counts_by_cpc.H01L2224/80132,1
counts_by_cpc.H01L2224/80203,1
counts_by_cpc.H01L2224/80365,1
counts_by_cpc.H01L2224/80379,1
counts_by_cpc.H01L2224/8083,1
counts_by_cpc.H01L2224/80895,3
counts_by_cpc.H01L2224/80896,3
counts_by_cpc.H01L2224/80948,1
counts_by_cpc.H01L2224/81002,1
counts_by_cpc.H01L2224/81203,2
counts_by_cpc.H01L2224/8121,1
counts_by_cpc.H01L2224/81801,1
counts_by_cpc.H01L2224/81815,1
counts_by_cpc.H01L2224/82101,1
counts_by_cpc.H01L2224/83005,1
counts_by_cpc.H01L2224/83007,1
counts_by_cpc.H01L2224/834,1
counts_by_cpc.H01L2224/83487,1
counts_by_cpc.H01L2224/8349,1
counts_by_cpc.H01L2224/83493,1
counts_by_cpc.H01L2224/83862,1
counts_by_cpc.H01L2224/83888,1
counts_by_cpc.H01L2224/84815,1
counts_by_cpc.H01L2224/95001,1
counts_by_cpc.H01L2224/96,1
counts_by_cpc.H01L2224/97,1
counts_by_cpc.H01L2225/0651,1
counts_by_cpc.H01L2225/06562,1
counts_by_cpc.H01L2225/06582,1
counts_by_cpc.H01L2225/06589,1
counts_by_cpc.H01L2225/1023,1
counts_by_cpc.H01L2225/1035,1
counts_by_cpc.H01L2225/1041,2
counts_by_cpc.H01L2225/1058,1
counts_by_cpc.H01L23/053,1
counts_by_cpc.H01L23/06,1
counts_by_cpc.H01L23/10,1
counts_by_cpc.H01L23/13,1
counts_by_cpc.H01L23/147,1
counts_by_cpc.H01L23/15,1
counts_by_cpc.H01L23/291,1
counts_by_cpc.H01L23/3107,2
counts_by_cpc.H01L23/3121,1
counts_by_cpc.H01L23/3128,2
counts_by_cpc.H01L23/3135,1
counts_by_cpc.H01L23/3142,2
counts_by_cpc.H01L23/315,1
counts_by_cpc.H01L23/3185,2
counts_by_cpc.H01L23/34,1
counts_by_cpc.H01L23/367,1
counts_by_cpc.H01L23/4006,1
counts_by_cpc.H01L23/42,1
counts_by_cpc.H01L23/481,7
counts_by_cpc.H01L23/4824,2
counts_by_cpc.H01L23/485,2
counts_by_cpc.H01L23/495,1
counts_by_cpc.H01L23/49513,1
counts_by_cpc.H01L23/4952,1
counts_by_cpc.H01L23/49558,1
counts_by_cpc.H01L23/49562,2
counts_by_cpc.H01L23/49568,1
counts_by_cpc.H01L23/49575,1
counts_by_cpc.H01L23/49582,1
counts_by_cpc.H01L23/49811,1
counts_by_cpc.H01L23/49816,1
counts_by_cpc.H01L23/49827,1
counts_by_cpc.H01L23/49838,1
counts_by_cpc.H01L23/49866,1
counts_by_cpc.H01L23/49894,1
counts_by_cpc.H01L23/5222,1
counts_by_cpc.H01L23/5223,2
counts_by_cpc.H01L23/5226,11
counts_by_cpc.H01L23/5256,1
counts_by_cpc.H01L23/528,3
counts_by_cpc.H01L23/5283,13
counts_by_cpc.H01L23/5286,1
counts_by_cpc.H01L23/53223,1
counts_by_cpc.H01L23/53238,1
counts_by_cpc.H01L23/53266,1
counts_by_cpc.H01L23/53295,2
counts_by_cpc.H01L23/538,1
counts_by_cpc.H01L23/5383,1
counts_by_cpc.H01L23/5385,2
counts_by_cpc.H01L23/5386,1
counts_by_cpc.H01L23/5387,1
counts_by_cpc.H01L23/5389,1
counts_by_cpc.H01L23/552,2
counts_by_cpc.H01L23/562,3
counts_by_cpc.H01L23/585,1
counts_by_cpc.H01L24/02,2
counts_by_cpc.H01L24/03,2
counts_by_cpc.H01L24/04,1
counts_by_cpc.H01L24/05,9
counts_by_cpc.H01L24/06,4
counts_by_cpc.H01L24/08,6
counts_by_cpc.H01L24/13,3
counts_by_cpc.H01L24/14,1
counts_by_cpc.H01L24/16,12
counts_by_cpc.H01L24/19,2
counts_by_cpc.H01L24/20,2
counts_by_cpc.H01L24/26,1
counts_by_cpc.H01L24/29,2
counts_by_cpc.H01L24/32,6
counts_by_cpc.H01L24/33,1
counts_by_cpc.H01L24/35,1
counts_by_cpc.H01L24/37,2
counts_by_cpc.H01L24/40,1
counts_by_cpc.H01L24/48,6
counts_by_cpc.H01L24/49,1
counts_by_cpc.H01L24/73,4
counts_by_cpc.H01L24/75,1
counts_by_cpc.H01L24/80,4
counts_by_cpc.H01L24/81,4
counts_by_cpc.H01L24/83,3
counts_by_cpc.H01L24/84,1
counts_by_cpc.H01L24/94,1
counts_by_cpc.H01L24/96,1
counts_by_cpc.H01L24/97,1
counts_by_cpc.H01L25/00,1
counts_by_cpc.H01L25/0652,1
counts_by_cpc.H01L25/0655,4
counts_by_cpc.H01L25/0657,1
counts_by_cpc.H01L25/072,1
counts_by_cpc.H01L25/074,1
counts_by_cpc.H01L25/0753,7
counts_by_cpc.H01L25/0756,1
counts_by_cpc.H01L25/105,3
counts_by_cpc.H01L25/16,1
counts_by_cpc.H01L25/162,1
counts_by_cpc.H01L25/165,1
counts_by_cpc.H01L25/167,6
counts_by_cpc.H01L25/18,3
counts_by_cpc.H01L25/50,2
counts_by_cpc.H01L27/124,1
counts_by_cpc.H01L2924/01013,1
counts_by_cpc.H01L2924/01022,1
counts_by_cpc.H01L2924/01028,1
counts_by_cpc.H01L2924/01029,2
counts_by_cpc.H01L2924/01047,1
counts_by_cpc.H01L2924/0105,1
counts_by_cpc.H01L2924/01079,1
counts_by_cpc.H01L2924/01082,1
counts_by_cpc.H01L2924/04642,1
counts_by_cpc.H01L2924/0504,1
counts_by_cpc.H01L2924/0554,1
counts_by_cpc.H01L2924/059,1
counts_by_cpc.H01L2924/10272,1
counts_by_cpc.H01L2924/1033,1
counts_by_cpc.H01L2924/1203,1
counts_by_cpc.H01L2924/12041,2
counts_by_cpc.H01L2924/12043,1
counts_by_cpc.H01L2924/12044,1
counts_by_cpc.H01L2924/1205,1
counts_by_cpc.H01L2924/1301,1
counts_by_cpc.H01L2924/13055,3
counts_by_cpc.H01L2924/13064,1
counts_by_cpc.H01L2924/13091,4
counts_by_cpc.H01L2924/141,1
counts_by_cpc.H01L2924/1427,1
counts_by_cpc.H01L2924/1434,1
counts_by_cpc.H01L2924/15165,1
counts_by_cpc.H01L2924/15311,2
counts_by_cpc.H01L2924/1611,1
counts_by_cpc.H01L2924/16251,1
counts_by_cpc.H01L2924/1631,1
counts_by_cpc.H01L2924/16315,1
counts_by_cpc.H01L2924/1632,1
counts_by_cpc.H01L2924/19041,1
counts_by_cpc.H01L2924/19042,1
counts_by_cpc.H01L2924/30101,1
counts_by_cpc.H01L2924/3011,1
counts_by_cpc.H01L2924/3511,2
counts_by_cpc.H01L2924/35121,2
counts_by_cpc.H01L2924/37001,1
counts_by_cpc.H01M10/0404,1
counts_by_cpc.H01M10/0413,2
counts_by_cpc.H01M10/0422,1
counts_by_cpc.H01M10/0431,1
counts_by_cpc.H01M10/0436,1
counts_by_cpc.H01M10/0445,1
counts_by_cpc.H01M10/049,1
counts_by_cpc.H01M10/052,5
counts_by_cpc.H01M10/0525,15
counts_by_cpc.H01M10/054,2
counts_by_cpc.H01M10/0562,4
counts_by_cpc.H01M10/0565,1
counts_by_cpc.H01M10/0567,3
counts_by_cpc.H01M10/0568,2
counts_by_cpc.H01M10/0569,3
counts_by_cpc.H01M10/0583,1
counts_by_cpc.H01M10/0585,4
counts_by_cpc.H01M10/0587,5
counts_by_cpc.H01M10/06,1
counts_by_cpc.H01M10/12,1
counts_by_cpc.H01M10/14,9
counts_by_cpc.H01M10/24,1
counts_by_cpc.H01M10/28,1
counts_by_cpc.H01M10/32,1
counts_by_cpc.H01M10/38,1
counts_by_cpc.H01M10/425,4
counts_by_cpc.H01M10/4257,2
counts_by_cpc.H01M10/4264,1
counts_by_cpc.H01M10/443,2
counts_by_cpc.H01M10/446,1
counts_by_cpc.H01M10/46,1
counts_by_cpc.H01M10/48,2
counts_by_cpc.H01M10/482,2
counts_by_cpc.H01M10/484,1
counts_by_cpc.H01M10/486,3
counts_by_cpc.H01M10/488,2
counts_by_cpc.H01M10/54,1
counts_by_cpc.H01M10/613,7
counts_by_cpc.H01M10/623,1
counts_by_cpc.H01M10/625,5
counts_by_cpc.H01M10/633,2
counts_by_cpc.H01M10/647,3
counts_by_cpc.H01M10/653,5
counts_by_cpc.H01M10/6551,1
counts_by_cpc.H01M10/6554,3
counts_by_cpc.H01M10/6555,2
counts_by_cpc.H01M10/6557,1
counts_by_cpc.H01M10/6561,1
counts_by_cpc.H01M10/6563,2
counts_by_cpc.H01M10/6568,2
counts_by_cpc.H01M10/6571,1
counts_by_cpc.H01M10/6572,1
counts_by_cpc.H01M10/658,7
counts_by_cpc.H01M2004/021,8
counts_by_cpc.H01M2004/027,12
counts_by_cpc.H01M2004/028,15
counts_by_cpc.H01M2004/029,1
counts_by_cpc.H01M2008/1095,2
counts_by_cpc.H01M2008/1293,3
counts_by_cpc.H01M2010/4271,1
counts_by_cpc.H01M2010/4278,1
counts_by_cpc.H01M2200/00,1
counts_by_cpc.H01M2200/10,1
counts_by_cpc.H01M2200/106,1
counts_by_cpc.H01M2200/20,3
counts_by_cpc.H01M2220/10,2
counts_by_cpc.H01M2220/20,16
counts_by_cpc.H01M2220/30,2
counts_by_cpc.H01M2250/20,3
counts_by_cpc.H01M2300/0025,2
counts_by_cpc.H01M2300/0028,2
counts_by_cpc.H01M2300/0034,1
counts_by_cpc.H01M2300/0068,3
counts_by_cpc.H01M2300/0071,1
counts_by_cpc.H01M2300/0082,1
counts_by_cpc.H01M4/0404,3
counts_by_cpc.H01M4/0407,1
counts_by_cpc.H01M4/0419,1
counts_by_cpc.H01M4/0435,1
counts_by_cpc.H01M4/0471,2
counts_by_cpc.H01M4/13,2
counts_by_cpc.H01M4/131,5
counts_by_cpc.H01M4/133,5
counts_by_cpc.H01M4/134,3
counts_by_cpc.H01M4/136,2
counts_by_cpc.H01M4/139,2
counts_by_cpc.H01M4/1391,2
counts_by_cpc.H01M4/1395,1
counts_by_cpc.H01M4/1397,1
counts_by_cpc.H01M4/16,2
counts_by_cpc.H01M4/244,1
counts_by_cpc.H01M4/36,1
counts_by_cpc.H01M4/364,2
counts_by_cpc.H01M4/366,7
counts_by_cpc.H01M4/38,3
counts_by_cpc.H01M4/382,2
counts_by_cpc.H01M4/386,2
counts_by_cpc.H01M4/42,1
counts_by_cpc.H01M4/48,1
counts_by_cpc.H01M4/483,1
counts_by_cpc.H01M4/505,10
counts_by_cpc.H01M4/525,9
counts_by_cpc.H01M4/56,1
counts_by_cpc.H01M4/5805,1
counts_by_cpc.H01M4/5815,1
counts_by_cpc.H01M4/5825,3
counts_by_cpc.H01M4/583,2
counts_by_cpc.H01M4/587,4
counts_by_cpc.H01M4/602,1
counts_by_cpc.H01M4/604,1
counts_by_cpc.H01M4/62,4
counts_by_cpc.H01M4/621,2
counts_by_cpc.H01M4/622,3
counts_by_cpc.H01M4/623,3
counts_by_cpc.H01M4/625,6
counts_by_cpc.H01M4/628,3
counts_by_cpc.H01M4/661,3
counts_by_cpc.H01M4/663,2
counts_by_cpc.H01M4/667,2
counts_by_cpc.H01M4/668,1
counts_by_cpc.H01M4/70,2
counts_by_cpc.H01M4/806,1
counts_by_cpc.H01M4/84,1
counts_by_cpc.H01M4/8642,1
counts_by_cpc.H01M4/8657,1
counts_by_cpc.H01M4/8668,1
counts_by_cpc.H01M4/8807,1
counts_by_cpc.H01M4/8828,2
counts_by_cpc.H01M4/8882,1
counts_by_cpc.H01M4/8896,1
counts_by_cpc.H01M4/9058,1
counts_by_cpc.H01M4/921,1
counts_by_cpc.H01M50/102,1
counts_by_cpc.H01M50/103,5
counts_by_cpc.H01M50/105,4
counts_by_cpc.H01M50/107,1
counts_by_cpc.H01M50/109,1
counts_by_cpc.H01M50/119,1
counts_by_cpc.H01M50/124,1
counts_by_cpc.H01M50/129,1
counts_by_cpc.H01M50/133,2
counts_by_cpc.H01M50/136,1
counts_by_cpc.H01M50/143,1
counts_by_cpc.H01M50/15,3
counts_by_cpc.H01M50/152,2
counts_by_cpc.H01M50/159,1
counts_by_cpc.H01M50/166,1
counts_by_cpc.H01M50/169,3
counts_by_cpc.H01M50/176,1
counts_by_cpc.H01M50/178,2
counts_by_cpc.H01M50/183,1
counts_by_cpc.H01M50/186,1
counts_by_cpc.H01M50/188,1
counts_by_cpc.H01M50/193,2
counts_by_cpc.H01M50/204,4
counts_by_cpc.H01M50/209,7
counts_by_cpc.H01M50/211,5
counts_by_cpc.H01M50/224,2
counts_by_cpc.H01M50/227,2
counts_by_cpc.H01M50/231,1
counts_by_cpc.H01M50/24,2
counts_by_cpc.H01M50/242,2
counts_by_cpc.H01M50/244,2
counts_by_cpc.H01M50/247,2
counts_by_cpc.H01M50/249,9
counts_by_cpc.H01M50/251,1
counts_by_cpc.H01M50/262,4
counts_by_cpc.H01M50/264,2
counts_by_cpc.H01M50/271,3
counts_by_cpc.H01M50/273,1
counts_by_cpc.H01M50/282,1
counts_by_cpc.H01M50/284,1
counts_by_cpc.H01M50/289,2
counts_by_cpc.H01M50/291,2
counts_by_cpc.H01M50/293,2
counts_by_cpc.H01M50/296,4
counts_by_cpc.H01M50/30,1
counts_by_cpc.H01M50/317,1
counts_by_cpc.H01M50/325,2
counts_by_cpc.H01M50/3425,3
counts_by_cpc.H01M50/358,1
counts_by_cpc.H01M50/367,5
counts_by_cpc.H01M50/375,2
counts_by_cpc.H01M50/383,2
counts_by_cpc.H01M50/403,2
counts_by_cpc.H01M50/414,1
counts_by_cpc.H01M50/42,2
counts_by_cpc.H01M50/423,1
counts_by_cpc.H01M50/434,1
counts_by_cpc.H01M50/44,1
counts_by_cpc.H01M50/443,1
counts_by_cpc.H01M50/446,1
counts_by_cpc.H01M50/449,1
counts_by_cpc.H01M50/457,1
counts_by_cpc.H01M50/46,2
counts_by_cpc.H01M50/461,2
counts_by_cpc.H01M50/463,1
counts_by_cpc.H01M50/477,1
counts_by_cpc.H01M50/491,1
counts_by_cpc.H01M50/502,1
counts_by_cpc.H01M50/503,1
counts_by_cpc.H01M50/505,2
counts_by_cpc.H01M50/507,3
counts_by_cpc.H01M50/512,1
counts_by_cpc.H01M50/516,2
counts_by_cpc.H01M50/519,2
counts_by_cpc.H01M50/533,2
counts_by_cpc.H01M50/534,1
counts_by_cpc.H01M50/536,3
counts_by_cpc.H01M50/538,5
counts_by_cpc.H01M50/541,1
counts_by_cpc.H01M50/545,1
counts_by_cpc.H01M50/55,1
counts_by_cpc.H01M50/552,1
counts_by_cpc.H01M50/553,1
counts_by_cpc.H01M50/562,1
counts_by_cpc.H01M50/569,2
counts_by_cpc.H01M50/574,1
counts_by_cpc.H01M50/578,1
counts_by_cpc.H01M50/581,1
counts_by_cpc.H01M50/586,1
counts_by_cpc.H01M50/593,2
counts_by_cpc.H01M50/595,1
counts_by_cpc.H01M50/609,1
counts_by_cpc.H01M50/673,1
counts_by_cpc.H01M8/0206,1
counts_by_cpc.H01M8/021,1
counts_by_cpc.H01M8/0219,1
counts_by_cpc.H01M8/0245,1
counts_by_cpc.H01M8/0247,1
counts_by_cpc.H01M8/0254,1
counts_by_cpc.H01M8/0258,2
counts_by_cpc.H01M8/026,1
counts_by_cpc.H01M8/0267,2
counts_by_cpc.H01M8/0273,1
counts_by_cpc.H01M8/0276,1
counts_by_cpc.H01M8/04007,1
counts_by_cpc.H01M8/04029,1
counts_by_cpc.H01M8/04067,2
counts_by_cpc.H01M8/04074,1
counts_by_cpc.H01M8/04186,3
counts_by_cpc.H01M8/04201,3
counts_by_cpc.H01M8/04228,1
counts_by_cpc.H01M8/04253,1
counts_by_cpc.H01M8/04291,1
counts_by_cpc.H01M8/0432,2
counts_by_cpc.H01M8/04358,1
counts_by_cpc.H01M8/0438,1
counts_by_cpc.H01M8/04559,1
counts_by_cpc.H01M8/04574,1
counts_by_cpc.H01M8/04753,1
counts_by_cpc.H01M8/04768,1
counts_by_cpc.H01M8/04828,1
counts_by_cpc.H01M8/04955,1
counts_by_cpc.H01M8/0618,1
counts_by_cpc.H01M8/0631,1
counts_by_cpc.H01M8/0656,1
counts_by_cpc.H01M8/0662,1
counts_by_cpc.H01M8/0668,1
counts_by_cpc.H01M8/1004,2
counts_by_cpc.H01M8/103,1
counts_by_cpc.H01M8/1253,1
counts_by_cpc.H01M8/126,1
counts_by_cpc.H01M8/188,4
counts_by_cpc.H01M8/2483,2
counts_by_cpc.H01P1/08,1
counts_by_cpc.H01P1/161,1
counts_by_cpc.H01P1/207,1
counts_by_cpc.H01P1/2084,1
counts_by_cpc.H01P1/2086,1
counts_by_cpc.H01P3/12,1
counts_by_cpc.H01P5/02,2
counts_by_cpc.H01P5/08,1
counts_by_cpc.H01P5/082,1
counts_by_cpc.H01P5/12,1
counts_by_cpc.H01P5/16,1
counts_by_cpc.H01P5/182,1
counts_by_cpc.H01P7/06,1
counts_by_cpc.H01P7/105,1
counts_by_cpc.H01Q1/084,1
counts_by_cpc.H01Q1/085,1
counts_by_cpc.H01Q1/10,1
counts_by_cpc.H01Q1/103,3
counts_by_cpc.H01Q1/1207,1
counts_by_cpc.H01Q1/2266,1
counts_by_cpc.H01Q1/2275,1
counts_by_cpc.H01Q1/242,1
counts_by_cpc.H01Q1/243,4
counts_by_cpc.H01Q1/246,1
counts_by_cpc.H01Q1/273,1
counts_by_cpc.H01Q1/28,1
counts_by_cpc.H01Q1/325,1
counts_by_cpc.H01Q1/36,1
counts_by_cpc.H01Q1/38,1
counts_by_cpc.H01Q1/42,1
counts_by_cpc.H01Q1/44,1
counts_by_cpc.H01Q1/48,5
counts_by_cpc.H01Q1/50,3
counts_by_cpc.H01Q1/521,1
counts_by_cpc.H01Q1/523,1
counts_by_cpc.H01Q1/526,1
counts_by_cpc.H01Q13/02,1
counts_by_cpc.H01Q13/0225,1
counts_by_cpc.H01Q13/0275,1
counts_by_cpc.H01Q13/10,1
counts_by_cpc.H01Q13/106,1
counts_by_cpc.H01Q15/002,1
counts_by_cpc.H01Q17/00,1
counts_by_cpc.H01Q17/002,1
counts_by_cpc.H01Q17/005,1
counts_by_cpc.H01Q17/008,1
counts_by_cpc.H01Q19/104,1
counts_by_cpc.H01Q21/0006,1
counts_by_cpc.H01Q21/065,1
counts_by_cpc.H01Q21/08,1
counts_by_cpc.H01Q21/245,1
counts_by_cpc.H01Q21/28,2
counts_by_cpc.H01Q21/293,1
counts_by_cpc.H01Q23/00,1
counts_by_cpc.H01Q3/01,1
counts_by_cpc.H01Q3/24,1
counts_by_cpc.H01Q3/2676,1
counts_by_cpc.H01Q3/36,1
counts_by_cpc.H01Q3/38,1
counts_by_cpc.H01Q5/10,1
counts_by_cpc.H01Q5/20,2
counts_by_cpc.H01Q5/307,2
counts_by_cpc.H01Q5/35,2
counts_by_cpc.H01Q5/378,1
counts_by_cpc.H01Q7/00,1
counts_by_cpc.H01Q9/0407,2
counts_by_cpc.H01Q9/0414,1
counts_by_cpc.H01Q9/0421,1
counts_by_cpc.H01Q9/14,1
counts_by_cpc.H01R11/24,1
counts_by_cpc.H01R11/281,2
counts_by_cpc.H01R12/721,1
counts_by_cpc.H01R12/737,2
counts_by_cpc.H01R12/79,1
counts_by_cpc.H01R13/005,1
counts_by_cpc.H01R13/193,1
counts_by_cpc.H01R13/20,1
counts_by_cpc.H01R13/436,1
counts_by_cpc.H01R13/443,1
counts_by_cpc.H01R13/518,1
counts_by_cpc.H01R13/5221,1
counts_by_cpc.H01R13/53,2
counts_by_cpc.H01R13/625,2
counts_by_cpc.H01R13/6271,2
counts_by_cpc.H01R13/6272,2
counts_by_cpc.H01R13/631,1
counts_by_cpc.H01R13/635,1
counts_by_cpc.H01R13/64,1
counts_by_cpc.H01R13/6473,1
counts_by_cpc.H01R13/648,1
counts_by_cpc.H01R13/658,1
counts_by_cpc.H01R13/6581,2
counts_by_cpc.H01R13/6591,1
counts_by_cpc.H01R13/65912,1
counts_by_cpc.H01R13/65914,1
counts_by_cpc.H01R13/6592,1
counts_by_cpc.H01R13/6596,1
counts_by_cpc.H01R13/6683,1
counts_by_cpc.H01R13/703,1
counts_by_cpc.H01R2201/26,4
counts_by_cpc.H01R25/142,1
counts_by_cpc.H01R4/26,1
counts_by_cpc.H01R4/38,2
counts_by_cpc.H01R4/42,2
counts_by_cpc.H01R4/44,1
counts_by_cpc.H01R4/62,2
counts_by_cpc.H01R9/24,1
counts_by_cpc.H01R9/2458,1
counts_by_cpc.H01R9/2483,1
counts_by_cpc.H01R9/2625,1
counts_by_cpc.H01R9/2675,1
counts_by_cpc.H01S2301/176,1
counts_by_cpc.H01S2302/00,1
counts_by_cpc.H01S3/0007,1
counts_by_cpc.H01S3/0014,1
counts_by_cpc.H01S3/005,1
counts_by_cpc.H01S3/0057,1
counts_by_cpc.H01S3/02,1
counts_by_cpc.H01S3/0404,1
counts_by_cpc.H01S3/0407,1
counts_by_cpc.H01S3/042,1
counts_by_cpc.H01S3/06754,1
counts_by_cpc.H01S3/08,1
counts_by_cpc.H01S3/0941,2
counts_by_cpc.H01S3/1001,1
counts_by_cpc.H01S3/10084,1
counts_by_cpc.H01S3/10092,1
counts_by_cpc.H01S3/1603,1
counts_by_cpc.H01S3/1611,1
counts_by_cpc.H01S3/1633,1
counts_by_cpc.H01S3/1643,1
counts_by_cpc.H01S3/2316,1
counts_by_cpc.H01S3/2383,1
counts_by_cpc.H01S3/2391,1
counts_by_cpc.H01S3/302,1
counts_by_cpc.H01S5/0078,1
counts_by_cpc.H01S5/02253,1
counts_by_cpc.H01S5/02257,1
counts_by_cpc.H01S5/02315,1
counts_by_cpc.H01S5/02325,1
counts_by_cpc.H01S5/0234,1
counts_by_cpc.H01S5/0237,1
counts_by_cpc.H01S5/02469,1
counts_by_cpc.H01S5/0421,1
counts_by_cpc.H01S5/04252,1
counts_by_cpc.H01S5/04254,1
counts_by_cpc.H01S5/16,1
counts_by_cpc.H01S5/162,1
counts_by_cpc.H01S5/183,1
counts_by_cpc.H01S5/18311,1
counts_by_cpc.H01S5/18325,1
counts_by_cpc.H01S5/22,1
counts_by_cpc.H01S5/343,1
counts_by_cpc.H01S5/34333,2
counts_by_cpc.H01S5/34346,1
counts_by_cpc.H01S5/4031,1
counts_by_cpc.H01S5/423,1
counts_by_cpc.H02B1/00,1
counts_by_cpc.H02B1/052,1
counts_by_cpc.H02B1/28,1
counts_by_cpc.H02B1/30,1
counts_by_cpc.H02B13/065,1
counts_by_cpc.H02G1/04,1
counts_by_cpc.H02G1/1256,1
counts_by_cpc.H02G1/1265,1
counts_by_cpc.H02G1/127,1
counts_by_cpc.H02G11/02,1
counts_by_cpc.H02G3/081,2
counts_by_cpc.H02G3/088,1
counts_by_cpc.H02G3/14,2
counts_by_cpc.H02G3/16,1
counts_by_cpc.H02G3/185,1
counts_by_cpc.H02G3/22,1
counts_by_cpc.H02G3/30,2
counts_by_cpc.H02G3/34,1
counts_by_cpc.H02H1/0007,1
counts_by_cpc.H02H1/0015,1
counts_by_cpc.H02H1/043,1
counts_by_cpc.H02H3/08,2
counts_by_cpc.H02H3/247,1
counts_by_cpc.H02H3/44,1
counts_by_cpc.H02H6/005,1
counts_by_cpc.H02H7/18,1
counts_by_cpc.H02H7/20,1
counts_by_cpc.H02H7/222,1
counts_by_cpc.H02H9/02,1
counts_by_cpc.H02H9/026,1
counts_by_cpc.H02J1/001,1
counts_by_cpc.H02J1/06,1
counts_by_cpc.H02J1/084,1
counts_by_cpc.H02J1/102,1
counts_by_cpc.H02J1/106,1
counts_by_cpc.H02J1/109,1
counts_by_cpc.H02J13/00004,1
counts_by_cpc.H02J13/00006,1
counts_by_cpc.H02J13/00024,1
counts_by_cpc.H02J13/00026,1
counts_by_cpc.H02J13/0004,1
counts_by_cpc.H02J2101/20,1
counts_by_cpc.H02J2101/22,1
counts_by_cpc.H02J2101/28,1
counts_by_cpc.H02J2101/40,1
counts_by_cpc.H02J2105/12,1
counts_by_cpc.H02J2105/44,1
counts_by_cpc.H02J2203/20,1
counts_by_cpc.H02J2207/10,1
counts_by_cpc.H02J2207/20,3
counts_by_cpc.H02J2207/30,1
counts_by_cpc.H02J2207/40,1
counts_by_cpc.H02J2207/50,1
counts_by_cpc.H02J2300/24,3
counts_by_cpc.H02J2300/26,2
counts_by_cpc.H02J2300/28,4
counts_by_cpc.H02J2300/30,1
counts_by_cpc.H02J2310/14,1
counts_by_cpc.H02J3/001,1
counts_by_cpc.H02J3/003,2
counts_by_cpc.H02J3/004,2
counts_by_cpc.H02J3/0075,1
counts_by_cpc.H02J3/01,2
counts_by_cpc.H02J3/14,1
counts_by_cpc.H02J3/1842,1
counts_by_cpc.H02J3/1878,1
counts_by_cpc.H02J3/1885,1
counts_by_cpc.H02J3/32,4
counts_by_cpc.H02J3/36,1
counts_by_cpc.H02J3/381,7
counts_by_cpc.H02J3/40,1
counts_by_cpc.H02J3/46,1
counts_by_cpc.H02J3/466,1
counts_by_cpc.H02J3/48,2
counts_by_cpc.H02J3/50,1
counts_by_cpc.H02J50/005,3
counts_by_cpc.H02J50/05,1
counts_by_cpc.H02J50/10,10
counts_by_cpc.H02J50/12,5
counts_by_cpc.H02J50/20,2
counts_by_cpc.H02J50/40,2
counts_by_cpc.H02J50/402,1
counts_by_cpc.H02J50/60,2
counts_by_cpc.H02J50/80,4
counts_by_cpc.H02J7/00034,2
counts_by_cpc.H02J7/00045,1
counts_by_cpc.H02J7/0013,2
counts_by_cpc.H02J7/0029,1
counts_by_cpc.H02J7/00308,1
counts_by_cpc.H02J7/0042,1
counts_by_cpc.H02J7/0044,2
counts_by_cpc.H02J7/0045,1
counts_by_cpc.H02J7/0047,1
counts_by_cpc.H02J7/0048,2
counts_by_cpc.H02J7/0063,2
counts_by_cpc.H02J7/0068,1
counts_by_cpc.H02J7/06,1
counts_by_cpc.H02J7/14,1
counts_by_cpc.H02J7/1415,1
counts_by_cpc.H02J7/342,1
counts_by_cpc.H02J7/35,2
counts_by_cpc.H02J7/40,1
counts_by_cpc.H02J7/42,1
counts_by_cpc.H02J7/47,1
counts_by_cpc.H02J7/65,1
counts_by_cpc.H02J7/70,6
counts_by_cpc.H02J7/731,1
counts_by_cpc.H02J7/751,1
counts_by_cpc.H02J7/82,2
counts_by_cpc.H02J7/973,1
counts_by_cpc.H02J7/977,1
counts_by_cpc.H02J9/06,1
counts_by_cpc.H02K1/02,1
counts_by_cpc.H02K1/12,1
counts_by_cpc.H02K1/146,1
counts_by_cpc.H02K1/16,3
counts_by_cpc.H02K1/26,1
counts_by_cpc.H02K1/27,1
counts_by_cpc.H02K1/2753,1
counts_by_cpc.H02K1/276,1
counts_by_cpc.H02K1/279,1
counts_by_cpc.H02K1/2795,1
counts_by_cpc.H02K1/32,1
counts_by_cpc.H02K11/0094,1
counts_by_cpc.H02K11/012,1
counts_by_cpc.H02K11/25,1
counts_by_cpc.H02K11/33,2
counts_by_cpc.H02K11/40,1
counts_by_cpc.H02K15/02,1
counts_by_cpc.H02K15/09,1
counts_by_cpc.H02K15/14,2
counts_by_cpc.H02K15/50,1
counts_by_cpc.H02K21/24,2
counts_by_cpc.H02K21/46,1
counts_by_cpc.H02K2203/09,1
counts_by_cpc.H02K2215/00,1
counts_by_cpc.H02K3/24,1
counts_by_cpc.H02K3/28,3
counts_by_cpc.H02K3/47,1
counts_by_cpc.H02K3/50,1
counts_by_cpc.H02K33/18,1
counts_by_cpc.H02K41/02,1
counts_by_cpc.H02K41/03,1
counts_by_cpc.H02K41/031,1
counts_by_cpc.H02K5/06,1
counts_by_cpc.H02K5/1285,1
counts_by_cpc.H02K5/161,1
counts_by_cpc.H02K5/1732,1
counts_by_cpc.H02K5/18,1
counts_by_cpc.H02K5/203,3
counts_by_cpc.H02K5/22,1
counts_by_cpc.H02K5/225,1
counts_by_cpc.H02K5/24,1
counts_by_cpc.H02K55/00,1
counts_by_cpc.H02K55/04,1
counts_by_cpc.H02K7/003,1
counts_by_cpc.H02K7/02,1
counts_by_cpc.H02K7/025,1
counts_by_cpc.H02K7/06,1
counts_by_cpc.H02K7/08,1
counts_by_cpc.H02K7/083,1
counts_by_cpc.H02K7/09,1
counts_by_cpc.H02K7/12,12
counts_by_cpc.H02K7/14,1
counts_by_cpc.H02K7/145,1
counts_by_cpc.H02K7/18,1
counts_by_cpc.H02K7/1823,4
counts_by_cpc.H02K7/183,1
counts_by_cpc.H02K7/1846,1
counts_by_cpc.H02K9/00,1
counts_by_cpc.H02K9/02,1
counts_by_cpc.H02K9/04,1
counts_by_cpc.H02K9/10,1
counts_by_cpc.H02K9/19,2
counts_by_cpc.H02K9/197,1
counts_by_cpc.H02M1/0003,1
counts_by_cpc.H02M1/0006,1
counts_by_cpc.H02M1/0009,2
counts_by_cpc.H02M1/0025,4
counts_by_cpc.H02M1/0032,1
counts_by_cpc.H02M1/0051,1
counts_by_cpc.H02M1/0058,2
counts_by_cpc.H02M1/007,2
counts_by_cpc.H02M1/08,2
counts_by_cpc.H02M1/14,1
counts_by_cpc.H02M1/143,1
counts_by_cpc.H02M1/32,1
counts_by_cpc.H02M1/322,1
counts_by_cpc.H02M1/34,1
counts_by_cpc.H02M1/342,1
counts_by_cpc.H02M1/36,1
counts_by_cpc.H02M1/38,1
counts_by_cpc.H02M1/385,1
counts_by_cpc.H02M1/4208,1
counts_by_cpc.H02M1/4225,1
counts_by_cpc.H02M1/4241,1
counts_by_cpc.H02M1/44,1
counts_by_cpc.H02M3/01,3
counts_by_cpc.H02M3/07,2
counts_by_cpc.H02M3/157,2
counts_by_cpc.H02M3/158,2
counts_by_cpc.H02M3/1582,1
counts_by_cpc.H02M3/335,1
counts_by_cpc.H02M3/33507,2
counts_by_cpc.H02M3/33523,1
counts_by_cpc.H02M3/3353,1
counts_by_cpc.H02M3/33569,2
counts_by_cpc.H02M3/33573,1
counts_by_cpc.H02M3/33576,1
counts_by_cpc.H02M3/33584,1
counts_by_cpc.H02M3/33592,2
counts_by_cpc.H02M7/003,5
counts_by_cpc.H02M7/217,2
counts_by_cpc.H02M7/2176,1
counts_by_cpc.H02M7/219,1
counts_by_cpc.H02M7/5387,1
counts_by_cpc.H02M7/53871,1
counts_by_cpc.H02M7/5395,2
counts_by_cpc.H02N11/002,1
counts_by_cpc.H02N13/00,1
counts_by_cpc.H02P1/021,1
counts_by_cpc.H02P1/18,1
counts_by_cpc.H02P2101/15,1
counts_by_cpc.H02P2103/20,1
counts_by_cpc.H02P23/0022,1
counts_by_cpc.H02P23/24,1
counts_by_cpc.H02P25/064,1
counts_by_cpc.H02P25/184,1
counts_by_cpc.H02P27/08,1
counts_by_cpc.H02P29/0027,1
counts_by_cpc.H02P29/027,1
counts_by_cpc.H02P6/04,1
counts_by_cpc.H02P6/185,1
counts_by_cpc.H02P6/21,1
counts_by_cpc.H02P7/29,1
counts_by_cpc.H02P9/105,1
counts_by_cpc.H02S10/10,1
counts_by_cpc.H02S10/30,2
counts_by_cpc.H02S20/10,1
counts_by_cpc.H02S20/30,3
counts_by_cpc.H02S30/10,1
counts_by_cpc.H02S30/20,1
counts_by_cpc.H02S40/10,1
counts_by_cpc.H02S40/22,1
counts_by_cpc.H02S40/32,1
counts_by_cpc.H02S50/10,1
counts_by_cpc.H03B2200/009,1
counts_by_cpc.H03B5/04,2
counts_by_cpc.H03B5/1293,1
counts_by_cpc.H03B5/1823,1
counts_by_cpc.H03B5/36,1
counts_by_cpc.H03F1/00,1
counts_by_cpc.H03F1/0222,1
counts_by_cpc.H03F1/0227,1
counts_by_cpc.H03F1/0288,2
counts_by_cpc.H03F1/226,1
counts_by_cpc.H03F1/26,1
counts_by_cpc.H03F1/303,1
counts_by_cpc.H03F1/3217,1
counts_by_cpc.H03F1/42,1
counts_by_cpc.H03F1/565,1
counts_by_cpc.H03F2200/06,1
counts_by_cpc.H03F2200/09,1
counts_by_cpc.H03F2200/222,2
counts_by_cpc.H03F2200/261,1
counts_by_cpc.H03F2200/294,2
counts_by_cpc.H03F2200/351,1
counts_by_cpc.H03F2200/36,1
counts_by_cpc.H03F2200/387,1
counts_by_cpc.H03F2200/451,3
counts_by_cpc.H03F2200/504,1
counts_by_cpc.H03F2200/541,1
counts_by_cpc.H03F2203/45024,1
counts_by_cpc.H03F2203/45526,1
counts_by_cpc.H03F3/04,1
counts_by_cpc.H03F3/193,1
counts_by_cpc.H03F3/211,1
counts_by_cpc.H03F3/217,1
counts_by_cpc.H03F3/245,4
counts_by_cpc.H03F3/45179,1
counts_by_cpc.H03F3/45475,3
counts_by_cpc.H03F3/45479,1
counts_by_cpc.H03G2201/305,1
counts_by_cpc.H03G3/02,1
counts_by_cpc.H03H11/1204,1
counts_by_cpc.H03H11/28,1
counts_by_cpc.H03H17/0202,1
counts_by_cpc.H03H17/0219,1
counts_by_cpc.H03H17/0233,1
counts_by_cpc.H03H17/0283,1
counts_by_cpc.H03H17/0614,1
counts_by_cpc.H03H17/0628,2
counts_by_cpc.H03H2003/0407,1
counts_by_cpc.H03H2007/386,1
counts_by_cpc.H03H3/00,1
counts_by_cpc.H03H3/007,1
counts_by_cpc.H03H3/02,1
counts_by_cpc.H03H3/04,1
counts_by_cpc.H03H3/08,2
counts_by_cpc.H03H7/0115,2
counts_by_cpc.H03H7/0153,1
counts_by_cpc.H03H7/12,1
counts_by_cpc.H03H7/256,1
counts_by_cpc.H03H7/38,2
counts_by_cpc.H03H7/40,2
counts_by_cpc.H03H7/465,1
counts_by_cpc.H03H9/02031,2
counts_by_cpc.H03H9/02102,2
counts_by_cpc.H03H9/02133,1
counts_by_cpc.H03H9/02228,1
counts_by_cpc.H03H9/02574,3
counts_by_cpc.H03H9/02834,1
counts_by_cpc.H03H9/0504,1
counts_by_cpc.H03H9/0561,1
counts_by_cpc.H03H9/0576,1
counts_by_cpc.H03H9/059,1
counts_by_cpc.H03H9/08,1
counts_by_cpc.H03H9/1064,1
counts_by_cpc.H03H9/132,1
counts_by_cpc.H03H9/171,2
counts_by_cpc.H03H9/172,1
counts_by_cpc.H03H9/173,1
counts_by_cpc.H03H9/174,1
counts_by_cpc.H03H9/175,1
counts_by_cpc.H03H9/176,1
counts_by_cpc.H03H9/25,1
counts_by_cpc.H03H9/6406,1
counts_by_cpc.H03H9/725,2
counts_by_cpc.H03J3/26,1
counts_by_cpc.H03K17/56,2
counts_by_cpc.H03K17/687,1
counts_by_cpc.H03K17/6871,1
counts_by_cpc.H03K17/6872,1
counts_by_cpc.H03K17/73,1
counts_by_cpc.H03K17/95,4
counts_by_cpc.H03K17/9547,4
counts_by_cpc.H03K17/9622,1
counts_by_cpc.H03K19/0013,1
counts_by_cpc.H03K19/00315,1
counts_by_cpc.H03K19/00323,1
counts_by_cpc.H03K19/00384,1
counts_by_cpc.H03K19/018521,2
counts_by_cpc.H03K19/14,1
counts_by_cpc.H03K19/1737,1
counts_by_cpc.H03K19/20,4
counts_by_cpc.H03K19/21,1
counts_by_cpc.H03K2017/9527,4
counts_by_cpc.H03K2217/0018,1
counts_by_cpc.H03K2217/960785,1
counts_by_cpc.H03K3/01,1
counts_by_cpc.H03K3/0231,1
counts_by_cpc.H03K3/0315,1
counts_by_cpc.H03K3/0377,1
counts_by_cpc.H03K3/08,1
counts_by_cpc.H03K3/78,1
counts_by_cpc.H03K5/133,1
counts_by_cpc.H03K5/1506,1
counts_by_cpc.H03K5/1565,9
counts_by_cpc.H03K5/2481,1
counts_by_cpc.H03L1/028,1
counts_by_cpc.H03L1/04,1
counts_by_cpc.H03L2207/50,1
counts_by_cpc.H03L7/00,2
counts_by_cpc.H03L7/08,2
counts_by_cpc.H03L7/087,1
counts_by_cpc.H03L7/0891,3
counts_by_cpc.H03L7/091,1
counts_by_cpc.H03L7/0991,2
counts_by_cpc.H03L7/0992,1
counts_by_cpc.H03L7/197,1
counts_by_cpc.H03L7/1976,1
counts_by_cpc.H03M1/08,1
counts_by_cpc.H03M1/10,1
counts_by_cpc.H03M1/12,1
counts_by_cpc.H03M1/1245,1
counts_by_cpc.H03M1/129,1
counts_by_cpc.H03M1/38,1
counts_by_cpc.H03M1/50,1
counts_by_cpc.H03M1/66,2
counts_by_cpc.H03M1/745,1
counts_by_cpc.H03M11/08,1
counts_by_cpc.H03M13/1154,1
counts_by_cpc.H03M13/1515,1
counts_by_cpc.H03M13/19,1
counts_by_cpc.H03M3/358,1
counts_by_cpc.H03M3/50,1
counts_by_cpc.H03M7/16,1
counts_by_cpc.H04B1/0057,1
counts_by_cpc.H04B1/0078,1
counts_by_cpc.H04B1/04,3
counts_by_cpc.H04B1/0475,1
counts_by_cpc.H04B1/0483,1
counts_by_cpc.H04B1/06,1
counts_by_cpc.H04B1/08,3
counts_by_cpc.H04B1/10,1
counts_by_cpc.H04B1/1018,1
counts_by_cpc.H04B1/1027,1
counts_by_cpc.H04B1/16,2
counts_by_cpc.H04B1/1607,1
counts_by_cpc.H04B1/28,1
counts_by_cpc.H04B1/3877,7
counts_by_cpc.H04B1/3888,4
counts_by_cpc.H04B1/713,1
counts_by_cpc.H04B1/719,1
counts_by_cpc.H04B10/0731,1
counts_by_cpc.H04B10/07955,1
counts_by_cpc.H04B10/2507,1
counts_by_cpc.H04B10/2513,1
counts_by_cpc.H04B10/2575,1
counts_by_cpc.H04B10/25891,1
counts_by_cpc.H04B10/40,2
counts_by_cpc.H04B10/502,1
counts_by_cpc.H04B10/70,1
counts_by_cpc.H04B11/00,3
counts_by_cpc.H04B17/18,1
counts_by_cpc.H04B17/20,1
counts_by_cpc.H04B17/21,1
counts_by_cpc.H04B17/23,2
counts_by_cpc.H04B17/24,1
counts_by_cpc.H04B17/26,1
counts_by_cpc.H04B17/27,2
counts_by_cpc.H04B17/29,1
counts_by_cpc.H04B17/309,4
counts_by_cpc.H04B17/318,4
counts_by_cpc.H04B17/328,2
counts_by_cpc.H04B17/336,1
counts_by_cpc.H04B17/391,1
counts_by_cpc.H04B17/3911,1
counts_by_cpc.H04B17/3912,1
counts_by_cpc.H04B2001/0408,1
counts_by_cpc.H04B2001/0416,2
counts_by_cpc.H04B2001/0491,1
counts_by_cpc.H04B3/46,1
counts_by_cpc.H04B5/0037,1
counts_by_cpc.H04B5/22,1
counts_by_cpc.H04B5/24,1
counts_by_cpc.H04B5/26,1
counts_by_cpc.H04B5/45,1
counts_by_cpc.H04B5/79,3
counts_by_cpc.H04B7/01,1
counts_by_cpc.H04B7/04,1
counts_by_cpc.H04B7/04013,1
counts_by_cpc.H04B7/0408,1
counts_by_cpc.H04B7/0413,1
counts_by_cpc.H04B7/043,1
counts_by_cpc.H04B7/0456,2
counts_by_cpc.H04B7/0602,1
counts_by_cpc.H04B7/0608,1
counts_by_cpc.H04B7/0617,4
counts_by_cpc.H04B7/0626,3
counts_by_cpc.H04B7/0639,1
counts_by_cpc.H04B7/0682,1
counts_by_cpc.H04B7/06952,3
counts_by_cpc.H04B7/06958,1
counts_by_cpc.H04B7/0696,1
counts_by_cpc.H04B7/06964,4
counts_by_cpc.H04B7/088,2
counts_by_cpc.H04B7/10,2
counts_by_cpc.H04B7/15,1
counts_by_cpc.H04B7/17,1
counts_by_cpc.H04B7/18506,1
counts_by_cpc.H04B7/18513,1
counts_by_cpc.H04B7/18517,1
counts_by_cpc.H04B7/18519,2
counts_by_cpc.H04B7/18526,1
counts_by_cpc.H04B7/18539,2
counts_by_cpc.H04B7/18547,1
counts_by_cpc.H04B7/18554,1
counts_by_cpc.H04B7/18558,1
counts_by_cpc.H04B7/18584,1
counts_by_cpc.H04B7/18589,1
counts_by_cpc.H04B7/18593,1
counts_by_cpc.H04B7/24,1
counts_by_cpc.H04H20/00,1
counts_by_cpc.H04H20/42,1
counts_by_cpc.H04H20/55,1
counts_by_cpc.H04H20/95,1
counts_by_cpc.H04H40/27,1
counts_by_cpc.H04J13/0003,1
counts_by_cpc.H04J13/0018,1
counts_by_cpc.H04J14/0221,1
counts_by_cpc.H04J14/0245,1
counts_by_cpc.H04J14/0307,1
counts_by_cpc.H04J3/062,1
counts_by_cpc.H04J3/0623,1
counts_by_cpc.H04J3/0667,2
counts_by_cpc.H04J3/0682,1
counts_by_cpc.H04J3/0685,1
counts_by_cpc.H04K3/415,1
counts_by_cpc.H04L1/0003,2
counts_by_cpc.H04L1/005,1
counts_by_cpc.H04L1/0057,1
counts_by_cpc.H04L1/0064,1
counts_by_cpc.H04L1/0067,1
counts_by_cpc.H04L1/08,1
counts_by_cpc.H04L1/16,1
counts_by_cpc.H04L1/1642,1
counts_by_cpc.H04L1/18,1
counts_by_cpc.H04L1/1812,2
counts_by_cpc.H04L1/1887,2
counts_by_cpc.H04L1/1896,1
counts_by_cpc.H04L1/205,1
counts_by_cpc.H04L12/02,1
counts_by_cpc.H04L12/14,1
counts_by_cpc.H04L12/1407,1
counts_by_cpc.H04L12/1428,1
counts_by_cpc.H04L12/1492,1
counts_by_cpc.H04L12/1496,1
counts_by_cpc.H04L12/1813,1
counts_by_cpc.H04L12/1822,1
counts_by_cpc.H04L12/1886,1
counts_by_cpc.H04L12/2801,1
counts_by_cpc.H04L12/2818,1
counts_by_cpc.H04L12/282,1
counts_by_cpc.H04L12/2825,1
counts_by_cpc.H04L12/2829,1
counts_by_cpc.H04L12/40019,1
counts_by_cpc.H04L12/40032,1
counts_by_cpc.H04L12/42,1
counts_by_cpc.H04L12/4633,3
counts_by_cpc.H04L12/4641,1
counts_by_cpc.H04L12/66,1
counts_by_cpc.H04L2012/2847,1
counts_by_cpc.H04L2027/0016,1
counts_by_cpc.H04L2101/668,1
counts_by_cpc.H04L2209/46,1
counts_by_cpc.H04L2209/56,2
counts_by_cpc.H04L2209/80,2
counts_by_cpc.H04L2209/805,1
counts_by_cpc.H04L25/0262,1
counts_by_cpc.H04L25/05,1
counts_by_cpc.H04L27/0014,1
counts_by_cpc.H04L27/01,1
counts_by_cpc.H04L27/10,1
counts_by_cpc.H04L27/2602,1
counts_by_cpc.H04L27/26025,2
counts_by_cpc.H04L27/26035,1
counts_by_cpc.H04L27/2626,1
counts_by_cpc.H04L27/2627,1
counts_by_cpc.H04L27/2628,1
counts_by_cpc.H04L27/2639,1
counts_by_cpc.H04L27/34,1
counts_by_cpc.H04L27/36,1
counts_by_cpc.H04L27/365,1
counts_by_cpc.H04L41/046,1
counts_by_cpc.H04L41/06,2
counts_by_cpc.H04L41/0631,1
counts_by_cpc.H04L41/0654,2
counts_by_cpc.H04L41/0659,1
counts_by_cpc.H04L41/0661,1
counts_by_cpc.H04L41/0677,1
counts_by_cpc.H04L41/0803,1
counts_by_cpc.H04L41/0806,4
counts_by_cpc.H04L41/0813,1
counts_by_cpc.H04L41/0816,1
counts_by_cpc.H04L41/0843,2
counts_by_cpc.H04L41/0853,2
counts_by_cpc.H04L41/0873,1
counts_by_cpc.H04L41/0893,2
counts_by_cpc.H04L41/0894,3
counts_by_cpc.H04L41/0895,3
counts_by_cpc.H04L41/0896,1
counts_by_cpc.H04L41/12,1
counts_by_cpc.H04L41/14,1
counts_by_cpc.H04L41/147,1
counts_by_cpc.H04L41/16,11
counts_by_cpc.H04L41/22,4
counts_by_cpc.H04L41/28,2
counts_by_cpc.H04L41/40,1
counts_by_cpc.H04L41/5006,1
counts_by_cpc.H04L41/5022,1
counts_by_cpc.H04L41/5025,1
counts_by_cpc.H04L41/5029,1
counts_by_cpc.H04L41/5045,1
counts_by_cpc.H04L41/5051,2
counts_by_cpc.H04L41/5054,1
counts_by_cpc.H04L41/5067,1
counts_by_cpc.H04L41/5074,1
counts_by_cpc.H04L43/028,1
counts_by_cpc.H04L43/06,1
counts_by_cpc.H04L43/062,1
counts_by_cpc.H04L43/08,1
counts_by_cpc.H04L43/0817,1
counts_by_cpc.H04L43/0823,1
counts_by_cpc.H04L43/0829,1
counts_by_cpc.H04L43/0858,1
counts_by_cpc.H04L43/087,1
counts_by_cpc.H04L43/0876,1
counts_by_cpc.H04L43/0882,1
counts_by_cpc.H04L43/12,1
counts_by_cpc.H04L43/50,3
counts_by_cpc.H04L45/02,3
counts_by_cpc.H04L45/121,1
counts_by_cpc.H04L45/123,1
counts_by_cpc.H04L45/16,1
counts_by_cpc.H04L45/18,1
counts_by_cpc.H04L45/22,2
counts_by_cpc.H04L45/24,1
counts_by_cpc.H04L45/243,1
counts_by_cpc.H04L45/28,1
counts_by_cpc.H04L45/306,1
counts_by_cpc.H04L45/38,1
counts_by_cpc.H04L45/42,3
counts_by_cpc.H04L45/50,1
counts_by_cpc.H04L45/507,1
counts_by_cpc.H04L45/566,2
counts_by_cpc.H04L45/586,1
counts_by_cpc.H04L45/64,1
counts_by_cpc.H04L45/70,1
counts_by_cpc.H04L45/72,1
counts_by_cpc.H04L45/748,1
counts_by_cpc.H04L45/76,1
counts_by_cpc.H04L47/12,2
counts_by_cpc.H04L47/125,1
counts_by_cpc.H04L47/17,1
counts_by_cpc.H04L47/19,1
counts_by_cpc.H04L47/20,2
counts_by_cpc.H04L47/2425,1
counts_by_cpc.H04L47/2441,1
counts_by_cpc.H04L47/2475,1
counts_by_cpc.H04L47/2483,1
counts_by_cpc.H04L47/32,1
counts_by_cpc.H04L47/34,1
counts_by_cpc.H04L47/6205,1
counts_by_cpc.H04L47/623,1
counts_by_cpc.H04L47/801,1
counts_by_cpc.H04L47/803,1
counts_by_cpc.H04L47/805,1
counts_by_cpc.H04L47/808,1
counts_by_cpc.H04L47/822,2
counts_by_cpc.H04L47/824,1
counts_by_cpc.H04L47/83,2
counts_by_cpc.H04L49/3009,1
counts_by_cpc.H04L49/70,1
counts_by_cpc.H04L5/0005,1
counts_by_cpc.H04L5/0007,1
counts_by_cpc.H04L5/001,1
counts_by_cpc.H04L5/0023,1
counts_by_cpc.H04L5/0035,1
counts_by_cpc.H04L5/0044,1
counts_by_cpc.H04L5/0048,9
counts_by_cpc.H04L5/0051,7
counts_by_cpc.H04L5/0053,3
counts_by_cpc.H04L5/0055,1
counts_by_cpc.H04L5/0057,1
counts_by_cpc.H04L5/0082,1
counts_by_cpc.H04L5/0091,1
counts_by_cpc.H04L5/0094,2
counts_by_cpc.H04L5/06,1
counts_by_cpc.H04L5/14,5
counts_by_cpc.H04L5/16,1
counts_by_cpc.H04L51/02,3
counts_by_cpc.H04L51/046,1
counts_by_cpc.H04L51/063,1
counts_by_cpc.H04L51/08,1
counts_by_cpc.H04L51/21,2
counts_by_cpc.H04L51/52,3
counts_by_cpc.H04L51/56,1
counts_by_cpc.H04L61/2503,1
counts_by_cpc.H04L61/4511,1
counts_by_cpc.H04L61/5007,1
counts_by_cpc.H04L61/5038,1
counts_by_cpc.H04L63/00,1
counts_by_cpc.H04L63/0209,1
counts_by_cpc.H04L63/0236,2
counts_by_cpc.H04L63/0245,1
counts_by_cpc.H04L63/0272,2
counts_by_cpc.H04L63/0281,3
counts_by_cpc.H04L63/029,1
counts_by_cpc.H04L63/04,1
counts_by_cpc.H04L63/0428,4
counts_by_cpc.H04L63/062,1
counts_by_cpc.H04L63/08,4
counts_by_cpc.H04L63/0807,1
counts_by_cpc.H04L63/0823,4
counts_by_cpc.H04L63/083,2
counts_by_cpc.H04L63/0853,1
counts_by_cpc.H04L63/0861,2
counts_by_cpc.H04L63/0876,4
counts_by_cpc.H04L63/0884,1
counts_by_cpc.H04L63/10,5
counts_by_cpc.H04L63/101,2
counts_by_cpc.H04L63/102,7
counts_by_cpc.H04L63/104,1
counts_by_cpc.H04L63/105,1
counts_by_cpc.H04L63/107,5
counts_by_cpc.H04L63/108,1
counts_by_cpc.H04L63/12,1
counts_by_cpc.H04L63/123,1
counts_by_cpc.H04L63/126,1
counts_by_cpc.H04L63/1408,3
counts_by_cpc.H04L63/1416,16
counts_by_cpc.H04L63/1425,9
counts_by_cpc.H04L63/1433,7
counts_by_cpc.H04L63/1441,2
counts_by_cpc.H04L63/1458,1
counts_by_cpc.H04L63/1466,1
counts_by_cpc.H04L63/20,13
counts_by_cpc.H04L63/205,1
counts_by_cpc.H04L65/1016,1
counts_by_cpc.H04L65/102,1
counts_by_cpc.H04L65/1069,1
counts_by_cpc.H04L65/1073,2
counts_by_cpc.H04L65/1104,2
counts_by_cpc.H04L65/401,1
counts_by_cpc.H04L65/403,2
counts_by_cpc.H04L65/60,2
counts_by_cpc.H04L65/61,1
counts_by_cpc.H04L65/611,2
counts_by_cpc.H04L65/612,2
counts_by_cpc.H04L65/765,1
counts_by_cpc.H04L65/80,1
counts_by_cpc.H04L67/01,1
counts_by_cpc.H04L67/02,5
counts_by_cpc.H04L67/025,2
counts_by_cpc.H04L67/06,2
counts_by_cpc.H04L67/10,4
counts_by_cpc.H04L67/1001,1
counts_by_cpc.H04L67/1008,1
counts_by_cpc.H04L67/1023,1
counts_by_cpc.H04L67/1063,1
counts_by_cpc.H04L67/108,1
counts_by_cpc.H04L67/1095,1
counts_by_cpc.H04L67/1097,5
counts_by_cpc.H04L67/12,7
counts_by_cpc.H04L67/141,1
counts_by_cpc.H04L67/142,1
counts_by_cpc.H04L67/303,1
counts_by_cpc.H04L67/306,2
counts_by_cpc.H04L67/51,3
counts_by_cpc.H04L67/52,1
counts_by_cpc.H04L67/53,1
counts_by_cpc.H04L67/535,4
counts_by_cpc.H04L67/55,1
counts_by_cpc.H04L67/562,1
counts_by_cpc.H04L67/563,2
counts_by_cpc.H04L67/564,1
counts_by_cpc.H04L67/568,1
counts_by_cpc.H04L67/61,1
counts_by_cpc.H04L67/63,1
counts_by_cpc.H04L69/18,1
counts_by_cpc.H04L69/22,3
counts_by_cpc.H04L69/324,1
counts_by_cpc.H04L69/326,1
counts_by_cpc.H04L7/0008,1
counts_by_cpc.H04L7/0016,1
counts_by_cpc.H04L7/005,1
counts_by_cpc.H04L7/0083,1
counts_by_cpc.H04L7/0331,3
counts_by_cpc.H04L7/04,9
counts_by_cpc.H04L7/041,1
counts_by_cpc.H04L9/008,4
counts_by_cpc.H04L9/0618,1
counts_by_cpc.H04L9/0637,2
counts_by_cpc.H04L9/08,1
counts_by_cpc.H04L9/0816,1
counts_by_cpc.H04L9/0819,2
counts_by_cpc.H04L9/0822,2
counts_by_cpc.H04L9/0825,8
counts_by_cpc.H04L9/085,3
counts_by_cpc.H04L9/0855,1
counts_by_cpc.H04L9/0858,1
counts_by_cpc.H04L9/0861,6
counts_by_cpc.H04L9/0863,1
counts_by_cpc.H04L9/0866,2
counts_by_cpc.H04L9/0869,5
counts_by_cpc.H04L9/0877,1
counts_by_cpc.H04L9/088,1
counts_by_cpc.H04L9/0894,3
counts_by_cpc.H04L9/0897,1
counts_by_cpc.H04L9/14,6
counts_by_cpc.H04L9/30,5
counts_by_cpc.H04L9/3066,2
counts_by_cpc.H04L9/3073,1
counts_by_cpc.H04L9/32,2
counts_by_cpc.H04L9/321,1
counts_by_cpc.H04L9/3213,8
counts_by_cpc.H04L9/3215,1
counts_by_cpc.H04L9/3218,1
counts_by_cpc.H04L9/3226,1
counts_by_cpc.H04L9/3231,1
counts_by_cpc.H04L9/3234,2
counts_by_cpc.H04L9/3236,5
counts_by_cpc.H04L9/3239,4
counts_by_cpc.H04L9/3242,5
counts_by_cpc.H04L9/3247,13
counts_by_cpc.H04L9/3263,1
counts_by_cpc.H04L9/3268,5
counts_by_cpc.H04L9/3278,1
counts_by_cpc.H04L9/3297,1
counts_by_cpc.H04L9/50,11
counts_by_cpc.H04M1/0202,1
counts_by_cpc.H04M1/022,2
counts_by_cpc.H04M1/0237,2
counts_by_cpc.H04M1/0249,1
counts_by_cpc.H04M1/0254,1
counts_by_cpc.H04M1/0264,2
counts_by_cpc.H04M1/0268,5
counts_by_cpc.H04M1/0269,1
counts_by_cpc.H04M1/0277,1
counts_by_cpc.H04M1/0283,1
counts_by_cpc.H04M1/04,19
counts_by_cpc.H04M1/11,1
counts_by_cpc.H04M1/185,1
counts_by_cpc.H04M1/6041,1
counts_by_cpc.H04M1/6505,1
counts_by_cpc.H04M1/667,1
counts_by_cpc.H04M1/72445,1
counts_by_cpc.H04M1/72454,3
counts_by_cpc.H04M1/724634,2
counts_by_cpc.H04M11/00,11
counts_by_cpc.H04M11/04,1
counts_by_cpc.H04M15/30,1
counts_by_cpc.H04M15/41,1
counts_by_cpc.H04M15/43,1
counts_by_cpc.H04M15/44,1
counts_by_cpc.H04M15/66,1
counts_by_cpc.H04M15/8016,1
counts_by_cpc.H04M15/8055,1
counts_by_cpc.H04M15/81,1
counts_by_cpc.H04M2201/38,1
counts_by_cpc.H04M3/42068,1
counts_by_cpc.H04M3/5116,2
counts_by_cpc.H04M3/5141,1
counts_by_cpc.H04M3/5166,12
counts_by_cpc.H04M3/5183,1
counts_by_cpc.H04M3/5191,1
counts_by_cpc.H04M3/5232,1
counts_by_cpc.H04M3/566,1
counts_by_cpc.H04M3/568,1
counts_by_cpc.H04M9/082,1
counts_by_cpc.H04M9/10,1
counts_by_cpc.H04N1/00344,1
counts_by_cpc.H04N1/0044,1
counts_by_cpc.H04N1/00708,1
counts_by_cpc.H04N1/00832,1
counts_by_cpc.H04N1/00891,1
counts_by_cpc.H04N1/00912,1
counts_by_cpc.H04N1/00938,1
counts_by_cpc.H04N1/00973,1
counts_by_cpc.H04N1/08,1
counts_by_cpc.H04N1/0821,1
counts_by_cpc.H04N1/0834,1
counts_by_cpc.H04N1/0839,1
counts_by_cpc.H04N1/0856,1
counts_by_cpc.H04N1/0873,1
counts_by_cpc.H04N1/1008,2
counts_by_cpc.H04N1/207,2
counts_by_cpc.H04N1/4413,1
counts_by_cpc.H04N1/4433,1
counts_by_cpc.H04N13/117,2
counts_by_cpc.H04N13/128,1
counts_by_cpc.H04N13/139,2
counts_by_cpc.H04N13/156,2
counts_by_cpc.H04N13/161,2
counts_by_cpc.H04N13/243,1
counts_by_cpc.H04N13/261,1
counts_by_cpc.H04N13/282,1
counts_by_cpc.H04N13/296,1
counts_by_cpc.H04N13/302,1
counts_by_cpc.H04N13/32,1
counts_by_cpc.H04N13/324,1
counts_by_cpc.H04N13/327,1
counts_by_cpc.H04N13/344,1
counts_by_cpc.H04N13/359,1
counts_by_cpc.H04N13/383,4
counts_by_cpc.H04N13/385,1
counts_by_cpc.H04N13/398,1
counts_by_cpc.H04N17/002,3
counts_by_cpc.H04N19/105,11
counts_by_cpc.H04N19/109,1
counts_by_cpc.H04N19/11,1
counts_by_cpc.H04N19/117,1
counts_by_cpc.H04N19/119,6
counts_by_cpc.H04N19/124,3
counts_by_cpc.H04N19/127,1
counts_by_cpc.H04N19/13,2
counts_by_cpc.H04N19/132,5
counts_by_cpc.H04N19/136,2
counts_by_cpc.H04N19/139,4
counts_by_cpc.H04N19/154,1
counts_by_cpc.H04N19/157,3
counts_by_cpc.H04N19/159,5
counts_by_cpc.H04N19/167,1
counts_by_cpc.H04N19/17,1
counts_by_cpc.H04N19/172,4
counts_by_cpc.H04N19/176,17
counts_by_cpc.H04N19/18,1
counts_by_cpc.H04N19/184,6
counts_by_cpc.H04N19/186,5
counts_by_cpc.H04N19/187,1
counts_by_cpc.H04N19/1883,1
counts_by_cpc.H04N19/189,1
counts_by_cpc.H04N19/192,1
counts_by_cpc.H04N19/196,2
counts_by_cpc.H04N19/30,3
counts_by_cpc.H04N19/33,1
counts_by_cpc.H04N19/42,2
counts_by_cpc.H04N19/423,2
counts_by_cpc.H04N19/436,1
counts_by_cpc.H04N19/44,4
counts_by_cpc.H04N19/46,3
counts_by_cpc.H04N19/463,1
counts_by_cpc.H04N19/48,1
counts_by_cpc.H04N19/50,1
counts_by_cpc.H04N19/503,1
counts_by_cpc.H04N19/51,1
counts_by_cpc.H04N19/513,4
counts_by_cpc.H04N19/52,4
counts_by_cpc.H04N19/521,1
counts_by_cpc.H04N19/527,1
counts_by_cpc.H04N19/563,1
counts_by_cpc.H04N19/577,1
counts_by_cpc.H04N19/58,1
counts_by_cpc.H04N19/59,1
counts_by_cpc.H04N19/593,1
counts_by_cpc.H04N19/597,5
counts_by_cpc.H04N19/60,1
counts_by_cpc.H04N19/61,2
counts_by_cpc.H04N19/70,10
counts_by_cpc.H04N19/80,2
counts_by_cpc.H04N19/85,2
counts_by_cpc.H04N19/88,1
counts_by_cpc.H04N19/91,3
counts_by_cpc.H04N19/96,6
counts_by_cpc.H04N2013/0085,2
counts_by_cpc.H04N21/21805,1
counts_by_cpc.H04N21/2187,5
counts_by_cpc.H04N21/233,1
counts_by_cpc.H04N21/23424,3
counts_by_cpc.H04N21/2387,1
counts_by_cpc.H04N21/23892,1
counts_by_cpc.H04N21/2407,1
counts_by_cpc.H04N21/25,1
counts_by_cpc.H04N21/251,1
counts_by_cpc.H04N21/25841,1
counts_by_cpc.H04N21/25866,1
counts_by_cpc.H04N21/25883,1
counts_by_cpc.H04N21/26241,1
counts_by_cpc.H04N21/266,1
counts_by_cpc.H04N21/2668,1
counts_by_cpc.H04N21/41265,1
counts_by_cpc.H04N21/4131,1
counts_by_cpc.H04N21/41407,1
counts_by_cpc.H04N21/41415,1
counts_by_cpc.H04N21/4147,1
counts_by_cpc.H04N21/4305,2
counts_by_cpc.H04N21/43072,1
counts_by_cpc.H04N21/43079,1
counts_by_cpc.H04N21/4312,1
counts_by_cpc.H04N21/4316,2
counts_by_cpc.H04N21/432,1
counts_by_cpc.H04N21/4333,1
counts_by_cpc.H04N21/4341,1
counts_by_cpc.H04N21/4348,1
counts_by_cpc.H04N21/43615,1
counts_by_cpc.H04N21/43637,1
counts_by_cpc.H04N21/438,1
counts_by_cpc.H04N21/4382,1
counts_by_cpc.H04N21/4383,1
counts_by_cpc.H04N21/4394,2
counts_by_cpc.H04N21/44008,2
counts_by_cpc.H04N21/4402,1
counts_by_cpc.H04N21/44204,1
counts_by_cpc.H04N21/44213,2
counts_by_cpc.H04N21/44218,2
counts_by_cpc.H04N21/44222,1
counts_by_cpc.H04N21/4508,1
counts_by_cpc.H04N21/458,1
counts_by_cpc.H04N21/4627,1
counts_by_cpc.H04N21/472,1
counts_by_cpc.H04N21/47202,1
counts_by_cpc.H04N21/47217,2
counts_by_cpc.H04N21/4722,2
counts_by_cpc.H04N21/478,1
counts_by_cpc.H04N21/4825,1
counts_by_cpc.H04N21/4826,1
counts_by_cpc.H04N21/4882,1
counts_by_cpc.H04N21/64322,1
counts_by_cpc.H04N21/6543,1
counts_by_cpc.H04N21/658,1
counts_by_cpc.H04N21/6587,2
counts_by_cpc.H04N21/8106,2
counts_by_cpc.H04N21/812,3
counts_by_cpc.H04N21/8133,1
counts_by_cpc.H04N21/8146,1
counts_by_cpc.H04N21/84,1
counts_by_cpc.H04N21/8456,2
counts_by_cpc.H04N21/8547,1
counts_by_cpc.H04N21/8549,1
counts_by_cpc.H04N21/858,1
counts_by_cpc.H04N2201/0081,1
counts_by_cpc.H04N23/10,2
counts_by_cpc.H04N23/11,3
counts_by_cpc.H04N23/12,2
counts_by_cpc.H04N23/13,1
counts_by_cpc.H04N23/50,1
counts_by_cpc.H04N23/51,2
counts_by_cpc.H04N23/52,1
counts_by_cpc.H04N23/53,1
counts_by_cpc.H04N23/54,5
counts_by_cpc.H04N23/55,9
counts_by_cpc.H04N23/555,2
counts_by_cpc.H04N23/56,4
counts_by_cpc.H04N23/57,2
counts_by_cpc.H04N23/58,1
counts_by_cpc.H04N23/60,1
counts_by_cpc.H04N23/61,3
counts_by_cpc.H04N23/611,3
counts_by_cpc.H04N23/617,1
counts_by_cpc.H04N23/62,6
counts_by_cpc.H04N23/631,2
counts_by_cpc.H04N23/632,3
counts_by_cpc.H04N23/633,3
counts_by_cpc.H04N23/634,1
counts_by_cpc.H04N23/635,1
counts_by_cpc.H04N23/64,5
counts_by_cpc.H04N23/65,1
counts_by_cpc.H04N23/651,2
counts_by_cpc.H04N23/66,3
counts_by_cpc.H04N23/663,1
counts_by_cpc.H04N23/667,8
counts_by_cpc.H04N23/67,3
counts_by_cpc.H04N23/675,1
counts_by_cpc.H04N23/681,1
counts_by_cpc.H04N23/6812,1
counts_by_cpc.H04N23/682,1
counts_by_cpc.H04N23/683,1
counts_by_cpc.H04N23/687,4
counts_by_cpc.H04N23/689,1
counts_by_cpc.H04N23/69,4
counts_by_cpc.H04N23/695,4
counts_by_cpc.H04N23/71,3
counts_by_cpc.H04N23/72,2
counts_by_cpc.H04N23/73,5
counts_by_cpc.H04N23/74,2
counts_by_cpc.H04N23/741,2
counts_by_cpc.H04N23/76,4
counts_by_cpc.H04N23/80,3
counts_by_cpc.H04N23/81,2
counts_by_cpc.H04N23/811,1
counts_by_cpc.H04N23/843,2
counts_by_cpc.H04N23/88,2
counts_by_cpc.H04N23/90,6
counts_by_cpc.H04N23/957,1
counts_by_cpc.H04N25/11,1
counts_by_cpc.H04N25/133,1
counts_by_cpc.H04N25/135,1
counts_by_cpc.H04N25/17,1
counts_by_cpc.H04N25/42,1
counts_by_cpc.H04N25/51,1
counts_by_cpc.H04N25/533,1
counts_by_cpc.H04N25/57,1
counts_by_cpc.H04N25/59,4
counts_by_cpc.H04N25/60,1
counts_by_cpc.H04N25/616,1
counts_by_cpc.H04N25/621,1
counts_by_cpc.H04N25/65,1
counts_by_cpc.H04N25/683,1
counts_by_cpc.H04N25/704,1
counts_by_cpc.H04N25/709,2
counts_by_cpc.H04N25/76,1
counts_by_cpc.H04N25/77,4
counts_by_cpc.H04N25/771,2
counts_by_cpc.H04N25/772,1
counts_by_cpc.H04N25/7795,1
counts_by_cpc.H04N25/78,5
counts_by_cpc.H04N5/04,9
counts_by_cpc.H04N5/247,1
counts_by_cpc.H04N5/2624,1
counts_by_cpc.H04N5/265,2
counts_by_cpc.H04N5/272,2
counts_by_cpc.H04N5/33,1
counts_by_cpc.H04N5/445,1
counts_by_cpc.H04N5/50,1
counts_by_cpc.H04N5/60,1
counts_by_cpc.H04N5/607,8
counts_by_cpc.H04N5/74,1
counts_by_cpc.H04N5/76,1
counts_by_cpc.H04N5/77,1
counts_by_cpc.H04N5/781,1
counts_by_cpc.H04N5/85,1
counts_by_cpc.H04N5/91,1
counts_by_cpc.H04N7/0122,1
counts_by_cpc.H04N7/147,1
counts_by_cpc.H04N7/157,1
counts_by_cpc.H04N7/18,1
counts_by_cpc.H04N7/181,11
counts_by_cpc.H04N7/183,3
counts_by_cpc.H04N7/185,1
counts_by_cpc.H04N7/188,1
counts_by_cpc.H04N7/56,1
counts_by_cpc.H04N9/28,1
counts_by_cpc.H04N9/3105,1
counts_by_cpc.H04N9/3147,1
counts_by_cpc.H04N9/3152,1
counts_by_cpc.H04N9/3167,1
counts_by_cpc.H04N9/3179,1
counts_by_cpc.H04N9/3185,1
counts_by_cpc.H04N9/3188,1
counts_by_cpc.H04N9/3194,1
counts_by_cpc.H04N9/8042,1
counts_by_cpc.H04Q11/0067,2
counts_by_cpc.H04Q11/0071,1
counts_by_cpc.H04Q2011/0083,1
counts_by_cpc.H04Q2209/40,1
counts_by_cpc.H04Q2209/82,1
counts_by_cpc.H04Q2209/886,1
counts_by_cpc.H04Q9/00,1
counts_by_cpc.H04Q9/02,2
counts_by_cpc.H04Q9/04,1
counts_by_cpc.H04R1/02,2
counts_by_cpc.H04R1/025,2
counts_by_cpc.H04R1/028,3
counts_by_cpc.H04R1/04,1
counts_by_cpc.H04R1/08,3
counts_by_cpc.H04R1/083,1
counts_by_cpc.H04R1/1008,6
counts_by_cpc.H04R1/1016,2
counts_by_cpc.H04R1/1025,1
counts_by_cpc.H04R1/1041,4
counts_by_cpc.H04R1/105,2
counts_by_cpc.H04R1/1066,4
counts_by_cpc.H04R1/1075,1
counts_by_cpc.H04R1/1083,2
counts_by_cpc.H04R1/1091,2
counts_by_cpc.H04R1/2811,2
counts_by_cpc.H04R1/2819,1
counts_by_cpc.H04R1/2834,1
counts_by_cpc.H04R1/288,1
counts_by_cpc.H04R1/2896,1
counts_by_cpc.H04R1/345,2
counts_by_cpc.H04R1/44,1
counts_by_cpc.H04R19/005,2
counts_by_cpc.H04R19/02,1
counts_by_cpc.H04R19/04,1
counts_by_cpc.H04R2201/003,3
counts_by_cpc.H04R2201/02,1
counts_by_cpc.H04R2201/103,1
counts_by_cpc.H04R2201/107,1
counts_by_cpc.H04R2217/03,1
counts_by_cpc.H04R2225/41,1
counts_by_cpc.H04R2225/43,1
counts_by_cpc.H04R2225/55,1
counts_by_cpc.H04R2227/005,1
counts_by_cpc.H04R23/00,1
counts_by_cpc.H04R2400/11,1
counts_by_cpc.H04R2410/03,1
counts_by_cpc.H04R2420/07,4
counts_by_cpc.H04R2420/09,1
counts_by_cpc.H04R2430/01,1
counts_by_cpc.H04R2460/09,1
counts_by_cpc.H04R2460/11,1
counts_by_cpc.H04R2460/13,1
counts_by_cpc.H04R2460/17,1
counts_by_cpc.H04R2499/11,2
counts_by_cpc.H04R2499/15,1
counts_by_cpc.H04R25/405,1
counts_by_cpc.H04R25/407,1
counts_by_cpc.H04R25/505,1
counts_by_cpc.H04R25/554,1
counts_by_cpc.H04R25/603,1
counts_by_cpc.H04R25/70,1
counts_by_cpc.H04R29/007,1
counts_by_cpc.H04R3/00,2
counts_by_cpc.H04R3/04,2
counts_by_cpc.H04R5/02,1
counts_by_cpc.H04R5/033,1
counts_by_cpc.H04R5/0335,1
counts_by_cpc.H04R5/04,3
counts_by_cpc.H04R7/04,1
counts_by_cpc.H04R7/06,1
counts_by_cpc.H04R7/18,1
counts_by_cpc.H04R9/025,1
counts_by_cpc.H04R9/045,1
counts_by_cpc.H04R9/06,2
counts_by_cpc.H04S2400/01,2
counts_by_cpc.H04S2400/11,1
counts_by_cpc.H04S2420/11,1
counts_by_cpc.H04S3/008,2
counts_by_cpc.H04S7/30,2
counts_by_cpc.H04S7/304,1
counts_by_cpc.H04S7/305,1
counts_by_cpc.H04S7/307,1
counts_by_cpc.H04W12/02,1
counts_by_cpc.H04W12/033,2
counts_by_cpc.H04W12/037,1
counts_by_cpc.H04W12/04,1
counts_by_cpc.H04W12/041,4
counts_by_cpc.H04W12/0431,2
counts_by_cpc.H04W12/0433,1
counts_by_cpc.H04W12/047,1
counts_by_cpc.H04W12/0471,2
counts_by_cpc.H04W12/06,8
counts_by_cpc.H04W12/062,1
counts_by_cpc.H04W12/068,11
counts_by_cpc.H04W12/069,3
counts_by_cpc.H04W12/08,4
counts_by_cpc.H04W12/082,1
counts_by_cpc.H04W12/084,1
counts_by_cpc.H04W12/088,1
counts_by_cpc.H04W12/104,1
counts_by_cpc.H04W12/106,1
counts_by_cpc.H04W12/12,2
counts_by_cpc.H04W12/122,1
counts_by_cpc.H04W12/35,1
counts_by_cpc.H04W12/43,1
counts_by_cpc.H04W12/45,1
counts_by_cpc.H04W12/50,1
counts_by_cpc.H04W12/63,2
counts_by_cpc.H04W12/66,1
counts_by_cpc.H04W12/67,2
counts_by_cpc.H04W12/73,1
counts_by_cpc.H04W16/10,5
counts_by_cpc.H04W16/14,10
counts_by_cpc.H04W16/18,4
counts_by_cpc.H04W16/28,3
counts_by_cpc.H04W24/00,1
counts_by_cpc.H04W24/02,12
counts_by_cpc.H04W24/04,4
counts_by_cpc.H04W24/06,1
counts_by_cpc.H04W24/08,21
counts_by_cpc.H04W24/10,8
counts_by_cpc.H04W28/021,1
counts_by_cpc.H04W28/0215,1
counts_by_cpc.H04W28/0221,2
counts_by_cpc.H04W28/0226,1
counts_by_cpc.H04W28/0231,1
counts_by_cpc.H04W28/0236,1
counts_by_cpc.H04W28/0247,1
counts_by_cpc.H04W28/0257,1
counts_by_cpc.H04W28/0268,4
counts_by_cpc.H04W28/0284,2
counts_by_cpc.H04W28/0289,1
counts_by_cpc.H04W28/06,1
counts_by_cpc.H04W28/0925,2
counts_by_cpc.H04W28/0942,1
counts_by_cpc.H04W28/0967,2
counts_by_cpc.H04W28/12,1
counts_by_cpc.H04W28/20,1
counts_by_cpc.H04W28/24,1
counts_by_cpc.H04W28/26,2
counts_by_cpc.H04W36/0007,1
counts_by_cpc.H04W36/0016,1
counts_by_cpc.H04W36/0019,2
counts_by_cpc.H04W36/0022,1
counts_by_cpc.H04W36/00226,2
counts_by_cpc.H04W36/0033,2
counts_by_cpc.H04W36/0055,1
counts_by_cpc.H04W36/0058,1
counts_by_cpc.H04W36/0061,1
counts_by_cpc.H04W36/0069,1
counts_by_cpc.H04W36/00692,1
counts_by_cpc.H04W36/00695,1
counts_by_cpc.H04W36/0079,1
counts_by_cpc.H04W36/0083,1
counts_by_cpc.H04W36/00835,1
counts_by_cpc.H04W36/00837,1
counts_by_cpc.H04W36/0085,1
counts_by_cpc.H04W36/02,1
counts_by_cpc.H04W36/06,2
counts_by_cpc.H04W36/08,2
counts_by_cpc.H04W36/087,1
counts_by_cpc.H04W36/12,2
counts_by_cpc.H04W36/125,1
counts_by_cpc.H04W36/14,2
counts_by_cpc.H04W36/144,1
counts_by_cpc.H04W36/1443,1
counts_by_cpc.H04W36/20,1
counts_by_cpc.H04W36/30,1
counts_by_cpc.H04W36/302,1
counts_by_cpc.H04W36/304,1
counts_by_cpc.H04W36/322,2
counts_by_cpc.H04W36/362,1
counts_by_cpc.H04W4/02,2
counts_by_cpc.H04W4/021,5
counts_by_cpc.H04W4/023,2
counts_by_cpc.H04W4/024,1
counts_by_cpc.H04W4/025,3
counts_by_cpc.H04W4/027,1
counts_by_cpc.H04W4/029,5
counts_by_cpc.H04W4/14,1
counts_by_cpc.H04W4/20,12
counts_by_cpc.H04W4/24,1
counts_by_cpc.H04W4/30,1
counts_by_cpc.H04W4/33,1
counts_by_cpc.H04W4/40,4
counts_by_cpc.H04W4/46,3
counts_by_cpc.H04W4/48,1
counts_by_cpc.H04W4/50,3
counts_by_cpc.H04W4/60,1
counts_by_cpc.H04W4/80,8
counts_by_cpc.H04W4/90,4
counts_by_cpc.H04W40/00,1
counts_by_cpc.H04W40/04,1
counts_by_cpc.H04W40/24,1
counts_by_cpc.H04W40/246,1
counts_by_cpc.H04W48/02,2
counts_by_cpc.H04W48/04,3
counts_by_cpc.H04W48/06,1
counts_by_cpc.H04W48/08,2
counts_by_cpc.H04W48/12,1
counts_by_cpc.H04W48/14,1
counts_by_cpc.H04W48/16,5
counts_by_cpc.H04W48/18,3
counts_by_cpc.H04W48/20,4
counts_by_cpc.H04W52/0212,2
counts_by_cpc.H04W52/0216,3
counts_by_cpc.H04W52/0229,4
counts_by_cpc.H04W52/0235,2
counts_by_cpc.H04W52/0245,1
counts_by_cpc.H04W52/0258,1
counts_by_cpc.H04W52/0264,1
counts_by_cpc.H04W52/0277,1
counts_by_cpc.H04W52/028,1
counts_by_cpc.H04W52/146,4
counts_by_cpc.H04W52/242,1
counts_by_cpc.H04W52/325,2
counts_by_cpc.H04W52/34,1
counts_by_cpc.H04W52/36,1
counts_by_cpc.H04W52/365,2
counts_by_cpc.H04W52/367,1
counts_by_cpc.H04W52/42,2
counts_by_cpc.H04W52/46,1
counts_by_cpc.H04W56/001,3
counts_by_cpc.H04W56/0015,1
counts_by_cpc.H04W56/002,1
counts_by_cpc.H04W56/0025,1
counts_by_cpc.H04W56/0045,2
counts_by_cpc.H04W56/0055,1
counts_by_cpc.H04W60/00,1
counts_by_cpc.H04W60/04,2
counts_by_cpc.H04W60/06,1
counts_by_cpc.H04W64/00,8
counts_by_cpc.H04W64/003,2
counts_by_cpc.H04W64/006,2
counts_by_cpc.H04W68/005,3
counts_by_cpc.H04W68/02,2
counts_by_cpc.H04W72/02,1
counts_by_cpc.H04W72/04,2
counts_by_cpc.H04W72/044,2
counts_by_cpc.H04W72/0446,5
counts_by_cpc.H04W72/0453,12
counts_by_cpc.H04W72/0457,1
counts_by_cpc.H04W72/046,3
counts_by_cpc.H04W72/11,2
counts_by_cpc.H04W72/12,4
counts_by_cpc.H04W72/121,2
counts_by_cpc.H04W72/1263,1
counts_by_cpc.H04W72/1268,4
counts_by_cpc.H04W72/1273,2
counts_by_cpc.H04W72/20,4
counts_by_cpc.H04W72/21,7
counts_by_cpc.H04W72/23,8
counts_by_cpc.H04W72/231,4
counts_by_cpc.H04W72/232,4
counts_by_cpc.H04W72/25,2
counts_by_cpc.H04W72/30,1
counts_by_cpc.H04W72/51,3
counts_by_cpc.H04W72/535,1
counts_by_cpc.H04W72/541,1
counts_by_cpc.H04W72/542,1
counts_by_cpc.H04W72/543,1
counts_by_cpc.H04W72/56,1
counts_by_cpc.H04W72/563,1
counts_by_cpc.H04W74/00,1
counts_by_cpc.H04W74/004,1
counts_by_cpc.H04W74/006,1
counts_by_cpc.H04W74/04,1
counts_by_cpc.H04W74/08,1
counts_by_cpc.H04W74/0816,3
counts_by_cpc.H04W74/0825,1
counts_by_cpc.H04W74/0833,10
counts_by_cpc.H04W74/0836,6
counts_by_cpc.H04W74/0838,5
counts_by_cpc.H04W74/0841,2
counts_by_cpc.H04W74/085,1
counts_by_cpc.H04W74/0866,2
counts_by_cpc.H04W76/10,7
counts_by_cpc.H04W76/11,2
counts_by_cpc.H04W76/12,2
counts_by_cpc.H04W76/14,2
counts_by_cpc.H04W76/15,2
counts_by_cpc.H04W76/19,3
counts_by_cpc.H04W76/20,4
counts_by_cpc.H04W76/25,1
counts_by_cpc.H04W76/27,6
counts_by_cpc.H04W76/28,7
counts_by_cpc.H04W76/30,3
counts_by_cpc.H04W76/38,3
counts_by_cpc.H04W76/40,2
counts_by_cpc.H04W76/50,1
counts_by_cpc.H04W8/005,2
counts_by_cpc.H04W8/02,1
counts_by_cpc.H04W8/04,1
counts_by_cpc.H04W8/08,1
counts_by_cpc.H04W8/183,3
counts_by_cpc.H04W8/205,1
counts_by_cpc.H04W8/22,2
counts_by_cpc.H04W8/24,2
counts_by_cpc.H04W8/28,1
counts_by_cpc.H04W80/02,1
counts_by_cpc.H04W80/04,1
counts_by_cpc.H04W80/12,1
counts_by_cpc.H04W84/00,1
counts_by_cpc.H04W84/042,6
counts_by_cpc.H04W84/06,1
counts_by_cpc.H04W84/12,10
counts_by_cpc.H04W84/18,3
counts_by_cpc.H04W84/22,1
counts_by_cpc.H04W88/02,2
counts_by_cpc.H04W88/06,4
counts_by_cpc.H04W88/08,2
counts_by_cpc.H05B2203/002,1
counts_by_cpc.H05B2203/016,1
counts_by_cpc.H05B2203/017,1
counts_by_cpc.H05B3/00,1
counts_by_cpc.H05B3/02,1
counts_by_cpc.H05B3/03,1
counts_by_cpc.H05B3/143,1
counts_by_cpc.H05B3/26,1
counts_by_cpc.H05B3/48,1
counts_by_cpc.H05B45/10,4
counts_by_cpc.H05B45/14,2
counts_by_cpc.H05B45/20,2
counts_by_cpc.H05B45/325,1
counts_by_cpc.H05B45/327,1
counts_by_cpc.H05B45/345,1
counts_by_cpc.H05B45/355,1
counts_by_cpc.H05B45/375,1
counts_by_cpc.H05B45/382,1
counts_by_cpc.H05B45/39,1
counts_by_cpc.H05B45/54,2
counts_by_cpc.H05B45/60,1
counts_by_cpc.H05B47/115,2
counts_by_cpc.H05B47/125,1
counts_by_cpc.H05B47/14,1
counts_by_cpc.H05B47/155,4
counts_by_cpc.H05B47/16,2
counts_by_cpc.H05B47/165,1
counts_by_cpc.H05B47/17,3
counts_by_cpc.H05B47/19,3
counts_by_cpc.H05B47/1965,2
counts_by_cpc.H05B47/1985,1
counts_by_cpc.H05B47/24,1
counts_by_cpc.H05B47/25,1
counts_by_cpc.H05B6/06,1
counts_by_cpc.H05B6/105,2
counts_by_cpc.H05B6/108,2
counts_by_cpc.H05B6/6414,1
counts_by_cpc.H05B6/6482,1
counts_by_cpc.H05B6/707,1
counts_by_cpc.H05B6/76,1
counts_by_cpc.H05B6/78,1
counts_by_cpc.H05B6/80,1
counts_by_cpc.H05F3/02,5
counts_by_cpc.H05H1/04,1
counts_by_cpc.H05H1/06,1
counts_by_cpc.H05H1/2406,1
counts_by_cpc.H05H1/2443,2
counts_by_cpc.H05H1/247,1
counts_by_cpc.H05H1/42,1
counts_by_cpc.H05H1/466,1
counts_by_cpc.H05H1/48,1
counts_by_cpc.H05H2245/20,1
counts_by_cpc.H05H7/00,1
counts_by_cpc.H05K1/0206,1
counts_by_cpc.H05K1/0212,1
counts_by_cpc.H05K1/0218,2
counts_by_cpc.H05K1/0219,1
counts_by_cpc.H05K1/0228,1
counts_by_cpc.H05K1/0265,1
counts_by_cpc.H05K1/0266,2
counts_by_cpc.H05K1/0271,1
counts_by_cpc.H05K1/0274,1
counts_by_cpc.H05K1/028,4
counts_by_cpc.H05K1/0281,1
counts_by_cpc.H05K1/0283,1
counts_by_cpc.H05K1/0284,1
counts_by_cpc.H05K1/0296,1
counts_by_cpc.H05K1/0306,1
counts_by_cpc.H05K1/032,2
counts_by_cpc.H05K1/0373,1
counts_by_cpc.H05K1/0393,1
counts_by_cpc.H05K1/05,1
counts_by_cpc.H05K1/097,1
counts_by_cpc.H05K1/111,1
counts_by_cpc.H05K1/113,1
counts_by_cpc.H05K1/115,1
counts_by_cpc.H05K1/117,1
counts_by_cpc.H05K1/118,4
counts_by_cpc.H05K1/14,3
counts_by_cpc.H05K1/145,1
counts_by_cpc.H05K1/16,1
counts_by_cpc.H05K1/165,1
counts_by_cpc.H05K1/18,4
counts_by_cpc.H05K1/181,3
counts_by_cpc.H05K1/188,1
counts_by_cpc.H05K1/189,6
counts_by_cpc.H05K13/00,1
counts_by_cpc.H05K13/0015,2
counts_by_cpc.H05K13/0053,2
counts_by_cpc.H05K13/0061,22
counts_by_cpc.H05K13/0069,4
counts_by_cpc.H05K13/0084,1
counts_by_cpc.H05K13/02,9
counts_by_cpc.H05K13/021,2
counts_by_cpc.H05K13/028,1
counts_by_cpc.H05K13/04,10
counts_by_cpc.H05K13/0404,4
counts_by_cpc.H05K13/0408,16
counts_by_cpc.H05K13/0409,98
counts_by_cpc.H05K13/041,19
counts_by_cpc.H05K13/0411,2
counts_by_cpc.H05K13/0413,11
counts_by_cpc.H05K13/0417,1
counts_by_cpc.H05K13/0426,1
counts_by_cpc.H05K13/043,1
counts_by_cpc.H05K13/0434,1
counts_by_cpc.H05K13/0447,3
counts_by_cpc.H05K13/0452,2
counts_by_cpc.H05K13/046,4
counts_by_cpc.H05K13/0465,3
counts_by_cpc.H05K13/0478,1
counts_by_cpc.H05K13/0482,3
counts_by_cpc.H05K13/0491,1
counts_by_cpc.H05K13/06,1
counts_by_cpc.H05K13/0812,4
counts_by_cpc.H05K13/0815,1
counts_by_cpc.H05K13/082,14
counts_by_cpc.H05K13/089,1
counts_by_cpc.H05K2201/0129,1
counts_by_cpc.H05K2201/0133,1
counts_by_cpc.H05K2201/0154,1
counts_by_cpc.H05K2201/0183,1
counts_by_cpc.H05K2201/0209,1
counts_by_cpc.H05K2201/0212,1
counts_by_cpc.H05K2201/0394,1
counts_by_cpc.H05K2201/0397,1
counts_by_cpc.H05K2201/042,1
counts_by_cpc.H05K2201/05,1
counts_by_cpc.H05K2201/09027,1
counts_by_cpc.H05K2201/09063,1
counts_by_cpc.H05K2201/09081,1
counts_by_cpc.H05K2201/0909,1
counts_by_cpc.H05K2201/091,1
counts_by_cpc.H05K2201/09227,3
counts_by_cpc.H05K2201/09236,1
counts_by_cpc.H05K2201/09345,1
counts_by_cpc.H05K2201/09481,1
counts_by_cpc.H05K2201/09545,1
counts_by_cpc.H05K2201/09572,1
counts_by_cpc.H05K2201/09609,2
counts_by_cpc.H05K2201/09745,1
counts_by_cpc.H05K2201/09781,1
counts_by_cpc.H05K2201/09927,1
counts_by_cpc.H05K2201/09936,1
counts_by_cpc.H05K2201/10015,1
counts_by_cpc.H05K2201/1003,2
counts_by_cpc.H05K2201/10098,1
counts_by_cpc.H05K2201/10128,3
counts_by_cpc.H05K2201/10136,1
counts_by_cpc.H05K2201/10151,2
counts_by_cpc.H05K2201/10166,1
counts_by_cpc.H05K2201/10174,1
counts_by_cpc.H05K2201/10181,1
counts_by_cpc.H05K2201/10204,1
counts_by_cpc.H05K2201/10325,1
counts_by_cpc.H05K2201/10522,1
counts_by_cpc.H05K2201/10545,1
counts_by_cpc.H05K2201/10568,1
counts_by_cpc.H05K2201/10606,1
counts_by_cpc.H05K2201/10803,1
counts_by_cpc.H05K2201/10984,1
counts_by_cpc.H05K2201/2009,1
counts_by_cpc.H05K2203/0113,1
counts_by_cpc.H05K2203/0292,1
counts_by_cpc.H05K2203/0338,1
counts_by_cpc.H05K2203/041,2
counts_by_cpc.H05K2203/06,1
counts_by_cpc.H05K2203/063,1
counts_by_cpc.H05K2203/082,2
counts_by_cpc.H05K2203/085,1
counts_by_cpc.H05K2203/1105,3
counts_by_cpc.H05K2203/1131,1
counts_by_cpc.H05K2203/1366,1
counts_by_cpc.H05K2203/1536,3
counts_by_cpc.H05K2203/167,1
counts_by_cpc.H05K3/00,2
counts_by_cpc.H05K3/0008,1
counts_by_cpc.H05K3/0014,2
counts_by_cpc.H05K3/0017,1
counts_by_cpc.H05K3/0029,1
counts_by_cpc.H05K3/0044,5
counts_by_cpc.H05K3/0047,17
counts_by_cpc.H05K3/0052,1
counts_by_cpc.H05K3/007,1
counts_by_cpc.H05K3/0079,1
counts_by_cpc.H05K3/0082,4
counts_by_cpc.H05K3/0091,2
counts_by_cpc.H05K3/0094,1
counts_by_cpc.H05K3/0097,3
counts_by_cpc.H05K3/025,1
counts_by_cpc.H05K3/064,1
counts_by_cpc.H05K3/12,2
counts_by_cpc.H05K3/1291,1
counts_by_cpc.H05K3/18,1
counts_by_cpc.H05K3/184,1
counts_by_cpc.H05K3/207,1
counts_by_cpc.H05K3/241,1
counts_by_cpc.H05K3/28,1
counts_by_cpc.H05K3/284,2
counts_by_cpc.H05K3/30,1
counts_by_cpc.H05K3/301,2
counts_by_cpc.H05K3/305,2
counts_by_cpc.H05K3/341,2
counts_by_cpc.H05K3/3415,1
counts_by_cpc.H05K3/3421,1
counts_by_cpc.H05K3/3447,1
counts_by_cpc.H05K3/3478,3
counts_by_cpc.H05K3/3494,1
counts_by_cpc.H05K3/361,1
counts_by_cpc.H05K3/38,1
counts_by_cpc.H05K3/4038,1
counts_by_cpc.H05K3/4084,1
counts_by_cpc.H05K3/4644,1
counts_by_cpc.H05K3/4658,1
counts_by_cpc.H05K5/0004,2
counts_by_cpc.H05K5/0069,1
counts_by_cpc.H05K5/0078,1
counts_by_cpc.H05K5/0086,2
counts_by_cpc.H05K5/02,1
counts_by_cpc.H05K5/0204,5
counts_by_cpc.H05K5/0208,7
counts_by_cpc.H05K5/0213,1
counts_by_cpc.H05K5/0217,11
counts_by_cpc.H05K5/0226,1
counts_by_cpc.H05K5/0247,1
counts_by_cpc.H05K5/03,2
counts_by_cpc.H05K5/04,9
counts_by_cpc.H05K5/10,8
counts_by_cpc.H05K7/1007,1
counts_by_cpc.H05K7/12,3
counts_by_cpc.H05K7/14,1
counts_by_cpc.H05K7/1402,1
counts_by_cpc.H05K7/1417,1
counts_by_cpc.H05K7/1427,1
counts_by_cpc.H05K7/14329,1
counts_by_cpc.H05K7/1487,1
counts_by_cpc.H05K7/1488,9
counts_by_cpc.H05K7/1491,1
counts_by_cpc.H05K7/20,1
counts_by_cpc.H05K7/20136,1
counts_by_cpc.H05K7/20145,3
counts_by_cpc.H05K7/20172,1
counts_by_cpc.H05K7/20209,1
counts_by_cpc.H05K7/20263,2
counts_by_cpc.H05K7/20436,1
counts_by_cpc.H05K7/20709,7
counts_by_cpc.H05K7/20736,1
counts_by_cpc.H05K7/20772,1
counts_by_cpc.H05K7/20781,1
counts_by_cpc.H05K7/209,1
counts_by_cpc.H05K7/20909,1
counts_by_cpc.H05K7/20927,2
counts_by_cpc.H05K7/20972,2
counts_by_cpc.H05K9/00,1
counts_by_cpc.H05K9/0018,1
counts_by_cpc.H05K9/0024,2
counts_by_cpc.H05K9/0054,2
counts_by_cpc.H05K9/0067,1
counts_by_cpc.H05K9/0071,2
counts_by_cpc.H05K9/0083,1
counts_by_cpc.H10B10/12,1
counts_by_cpc.H10B10/18,1
counts_by_cpc.H10B12/02,2
counts_by_cpc.H10B12/03,1
counts_by_cpc.H10B12/033,2
counts_by_cpc.H10B12/0335,4
counts_by_cpc.H10B12/053,4
counts_by_cpc.H10B12/09,1
counts_by_cpc.H10B12/30,1
counts_by_cpc.H10B12/31,2
counts_by_cpc.H10B12/315,7
counts_by_cpc.H10B12/318,1
counts_by_cpc.H10B12/34,4
counts_by_cpc.H10B12/482,4
counts_by_cpc.H10B12/485,4
counts_by_cpc.H10B12/488,3
counts_by_cpc.H10B12/50,3
counts_by_cpc.H10B20/25,1
counts_by_cpc.H10B41/10,4
counts_by_cpc.H10B41/27,8
counts_by_cpc.H10B41/30,1
counts_by_cpc.H10B41/35,3
counts_by_cpc.H10B41/41,1
counts_by_cpc.H10B43/10,5
counts_by_cpc.H10B43/20,1
counts_by_cpc.H10B43/27,11
counts_by_cpc.H10B43/35,5
counts_by_cpc.H10B43/40,3
counts_by_cpc.H10B51/20,1
counts_by_cpc.H10B51/30,1
counts_by_cpc.H10B53/30,1
counts_by_cpc.H10B53/40,1
counts_by_cpc.H10B61/00,3
counts_by_cpc.H10B61/22,1
counts_by_cpc.H10B63/10,2
counts_by_cpc.H10B63/84,2
counts_by_cpc.H10B80/00,2
counts_by_cpc.H10D1/042,2
counts_by_cpc.H10D1/043,1
counts_by_cpc.H10D1/64,1
counts_by_cpc.H10D1/68,1
counts_by_cpc.H10D1/682,1
counts_by_cpc.H10D1/692,1
counts_by_cpc.H10D1/696,3
counts_by_cpc.H10D1/714,1
counts_by_cpc.H10D1/716,4
counts_by_cpc.H10D10/821,1
counts_by_cpc.H10D12/031,1
counts_by_cpc.H10D12/481,1
counts_by_cpc.H10D30/014,4
counts_by_cpc.H10D30/015,2
counts_by_cpc.H10D30/021,1
counts_by_cpc.H10D30/0221,1
counts_by_cpc.H10D30/031,2
counts_by_cpc.H10D30/0411,2
counts_by_cpc.H10D30/0415,1
counts_by_cpc.H10D30/43,4
counts_by_cpc.H10D30/475,1
counts_by_cpc.H10D30/476,1
counts_by_cpc.H10D30/665,2
counts_by_cpc.H10D30/6729,2
counts_by_cpc.H10D30/673,1
counts_by_cpc.H10D30/6735,7
counts_by_cpc.H10D30/6755,2
counts_by_cpc.H10D30/6757,8
counts_by_cpc.H10D30/68,1
counts_by_cpc.H10D30/683,1
counts_by_cpc.H10D30/6891,1
counts_by_cpc.H10D30/6892,1
counts_by_cpc.H10D30/6894,1
counts_by_cpc.H10D30/701,2
counts_by_cpc.H10D62/102,3
counts_by_cpc.H10D62/107,1
counts_by_cpc.H10D62/109,1
counts_by_cpc.H10D62/115,3
counts_by_cpc.H10D62/118,2
counts_by_cpc.H10D62/121,6
counts_by_cpc.H10D62/126,1
counts_by_cpc.H10D62/127,2
counts_by_cpc.H10D62/151,5
counts_by_cpc.H10D62/393,2
counts_by_cpc.H10D62/824,1
counts_by_cpc.H10D62/8325,2
counts_by_cpc.H10D62/8503,1
counts_by_cpc.H10D62/882,1
counts_by_cpc.H10D64/01,1
counts_by_cpc.H10D64/017,4
counts_by_cpc.H10D64/018,1
counts_by_cpc.H10D64/021,1
counts_by_cpc.H10D64/033,1
counts_by_cpc.H10D64/258,3
counts_by_cpc.H10D64/411,1
counts_by_cpc.H10D64/518,1
counts_by_cpc.H10D64/519,1
counts_by_cpc.H10D64/667,1
counts_by_cpc.H10D64/68,1
counts_by_cpc.H10D64/689,1
counts_by_cpc.H10D8/043,1
counts_by_cpc.H10D8/422,1
counts_by_cpc.H10D84/01,1
counts_by_cpc.H10D84/0128,1
counts_by_cpc.H10D84/0149,1
counts_by_cpc.H10D84/0177,1
counts_by_cpc.H10D84/0193,1
counts_by_cpc.H10D84/038,3
counts_by_cpc.H10D84/141,1
counts_by_cpc.H10D84/161,1
counts_by_cpc.H10D84/617,1
counts_by_cpc.H10D84/811,2
counts_by_cpc.H10D84/83,3
counts_by_cpc.H10D84/8311,1
counts_by_cpc.H10D84/853,1
counts_by_cpc.H10D86/021,2
counts_by_cpc.H10D86/0221,1
counts_by_cpc.H10D86/0231,1
counts_by_cpc.H10D86/441,6
counts_by_cpc.H10D86/443,1
counts_by_cpc.H10D86/451,3
counts_by_cpc.H10D86/481,2
counts_by_cpc.H10D86/60,9
counts_by_cpc.H10D89/10,2
counts_by_cpc.H10D89/611,2
counts_by_cpc.H10D89/813,1
counts_by_cpc.H10D89/815,1
counts_by_cpc.H10D89/911,1
counts_by_cpc.H10D99/00,1
counts_by_cpc.H10F19/80,1
counts_by_cpc.H10F19/85,1
counts_by_cpc.H10F19/904,1
counts_by_cpc.H10F39/011,2
counts_by_cpc.H10F39/014,1
counts_by_cpc.H10F39/024,1
counts_by_cpc.H10F39/026,1
counts_by_cpc.H10F39/18,1
counts_by_cpc.H10F39/182,4
counts_by_cpc.H10F39/184,2
counts_by_cpc.H10F39/199,1
counts_by_cpc.H10F39/8023,1
counts_by_cpc.H10F39/8037,2
counts_by_cpc.H10F39/80377,1
counts_by_cpc.H10F39/804,3
counts_by_cpc.H10F39/805,1
counts_by_cpc.H10F39/8053,5
counts_by_cpc.H10F39/8057,1
counts_by_cpc.H10F39/8063,4
counts_by_cpc.H10F39/807,3
counts_by_cpc.H10F39/809,2
counts_by_cpc.H10F39/811,3
counts_by_cpc.H10F71/00,8
counts_by_cpc.H10F71/128,1
counts_by_cpc.H10F77/1248,1
counts_by_cpc.H10F77/146,1
counts_by_cpc.H10F77/169,1
counts_by_cpc.H10F77/211,1
counts_by_cpc.H10F77/227,1
counts_by_cpc.H10F77/50,2
counts_by_cpc.H10F77/935,1
counts_by_cpc.H10H20/013,1
counts_by_cpc.H10H20/01335,2
counts_by_cpc.H10H20/0137,1
counts_by_cpc.H10H20/018,2
counts_by_cpc.H10H20/032,2
counts_by_cpc.H10H20/034,1
counts_by_cpc.H10H20/036,1
counts_by_cpc.H10H20/0361,1
counts_by_cpc.H10H20/0363,2
counts_by_cpc.H10H20/0364,4
counts_by_cpc.H10H20/0365,1
counts_by_cpc.H10H20/811,1
counts_by_cpc.H10H20/812,3
counts_by_cpc.H10H20/813,1
counts_by_cpc.H10H20/814,2
counts_by_cpc.H10H20/815,3
counts_by_cpc.H10H20/821,2
counts_by_cpc.H10H20/8215,1
counts_by_cpc.H10H20/824,1
counts_by_cpc.H10H20/8242,1
counts_by_cpc.H10H20/825,3
counts_by_cpc.H10H20/831,1
counts_by_cpc.H10H20/8312,1
counts_by_cpc.H10H20/8314,1
counts_by_cpc.H10H20/84,1
counts_by_cpc.H10H20/8506,3
counts_by_cpc.H10H20/8511,1
counts_by_cpc.H10H20/8512,3
counts_by_cpc.H10H20/8514,1
counts_by_cpc.H10H20/8515,2
counts_by_cpc.H10H20/8516,1
counts_by_cpc.H10H20/853,3
counts_by_cpc.H10H20/854,2
counts_by_cpc.H10H20/855,3
counts_by_cpc.H10H20/856,5
counts_by_cpc.H10H20/857,12
counts_by_cpc.H10H20/858,1
counts_by_cpc.H10H20/8581,1
counts_by_cpc.H10H20/8583,1
counts_by_cpc.H10H20/862,1
counts_by_cpc.H10H20/872,1
counts_by_cpc.H10H29/10,1
counts_by_cpc.H10H29/142,2
counts_by_cpc.H10H29/24,1
counts_by_cpc.H10K2101/00,1
counts_by_cpc.H10K2101/10,2
counts_by_cpc.H10K2101/20,1
counts_by_cpc.H10K2101/30,1
counts_by_cpc.H10K2101/40,2
counts_by_cpc.H10K2101/90,1
counts_by_cpc.H10K2102/00,3
counts_by_cpc.H10K2102/311,2
counts_by_cpc.H10K2102/351,2
counts_by_cpc.H10K30/40,3
counts_by_cpc.H10K30/50,2
counts_by_cpc.H10K30/821,1
counts_by_cpc.H10K30/84,1
counts_by_cpc.H10K30/86,1
counts_by_cpc.H10K50/11,4
counts_by_cpc.H10K50/115,1
counts_by_cpc.H10K50/12,1
counts_by_cpc.H10K50/13,2
counts_by_cpc.H10K50/15,1
counts_by_cpc.H10K50/155,1
counts_by_cpc.H10K50/156,2
counts_by_cpc.H10K50/157,1
counts_by_cpc.H10K50/16,1
counts_by_cpc.H10K50/165,1
counts_by_cpc.H10K50/166,1
counts_by_cpc.H10K50/171,1
counts_by_cpc.H10K50/19,1
counts_by_cpc.H10K50/822,1
counts_by_cpc.H10K50/828,1
counts_by_cpc.H10K50/84,1
counts_by_cpc.H10K50/8426,1
counts_by_cpc.H10K50/844,1
counts_by_cpc.H10K50/854,1
counts_by_cpc.H10K50/865,2
counts_by_cpc.H10K59/12,3
counts_by_cpc.H10K59/1201,11
counts_by_cpc.H10K59/121,1
counts_by_cpc.H10K59/1213,3
counts_by_cpc.H10K59/1216,3
counts_by_cpc.H10K59/122,11
counts_by_cpc.H10K59/123,1
counts_by_cpc.H10K59/124,2
counts_by_cpc.H10K59/126,1
counts_by_cpc.H10K59/131,13
counts_by_cpc.H10K59/1315,2
counts_by_cpc.H10K59/173,1
counts_by_cpc.H10K59/18,1
counts_by_cpc.H10K59/35,6
counts_by_cpc.H10K59/352,1
counts_by_cpc.H10K59/353,1
counts_by_cpc.H10K59/38,4
counts_by_cpc.H10K59/40,3
counts_by_cpc.H10K59/50,2
counts_by_cpc.H10K59/80,1
counts_by_cpc.H10K59/80521,2
counts_by_cpc.H10K59/871,1
counts_by_cpc.H10K59/872,1
counts_by_cpc.H10K59/8722,1
counts_by_cpc.H10K59/873,8
counts_by_cpc.H10K59/8731,3
counts_by_cpc.H10K59/874,1
counts_by_cpc.H10K59/878,2
counts_by_cpc.H10K59/879,6
counts_by_cpc.H10K59/8791,3
counts_by_cpc.H10K59/8792,3
counts_by_cpc.H10K59/8793,2
counts_by_cpc.H10K59/88,3
counts_by_cpc.H10K59/95,1
counts_by_cpc.H10K71/00,4
counts_by_cpc.H10K71/10,1
counts_by_cpc.H10K71/15,1
counts_by_cpc.H10K71/162,1
counts_by_cpc.H10K71/211,1
counts_by_cpc.H10K71/231,1
counts_by_cpc.H10K71/40,2
counts_by_cpc.H10K71/60,1
counts_by_cpc.H10K71/80,1
counts_by_cpc.H10K77/111,3
counts_by_cpc.H10K85/10,2
counts_by_cpc.H10K85/111,2
counts_by_cpc.H10K85/113,1
counts_by_cpc.H10K85/141,1
counts_by_cpc.H10K85/151,1
counts_by_cpc.H10K85/342,1
counts_by_cpc.H10K85/346,1
counts_by_cpc.H10K85/40,2
counts_by_cpc.H10K85/50,3
counts_by_cpc.H10K85/615,1
counts_by_cpc.H10K85/621,1
counts_by_cpc.H10K85/622,1
counts_by_cpc.H10K85/624,1
counts_by_cpc.H10K85/626,2
counts_by_cpc.H10K85/631,1
counts_by_cpc.H10K85/633,3
counts_by_cpc.H10K85/636,2
counts_by_cpc.H10K85/654,2
counts_by_cpc.H10K85/6572,6
counts_by_cpc.H10K85/6574,3
counts_by_cpc.H10K85/6576,4
counts_by_cpc.H10K85/658,2
counts_by_cpc.H10K85/731,1
counts_by_cpc.H10N10/00,1
counts_by_cpc.H10N30/072,1
counts_by_cpc.H10N30/092,1
counts_by_cpc.H10N30/093,1
counts_by_cpc.H10N30/704,1
counts_by_cpc.H10N30/852,1
counts_by_cpc.H10N30/853,1
counts_by_cpc.H10N30/8536,1
counts_by_cpc.H10N30/8542,1
counts_by_cpc.H10N30/87,1
counts_by_cpc.H10N30/871,1
counts_by_cpc.H10N30/872,1
counts_by_cpc.H10N30/88,2
counts_by_cpc.H10N50/01,2
counts_by_cpc.H10N50/10,2
counts_by_cpc.H10N50/20,1
counts_by_cpc.H10N50/80,3
counts_by_cpc.H10N50/85,1
counts_by_cpc.H10N60/12,2
counts_by_cpc.H10N60/805,1
counts_by_cpc.H10N70/011,1
counts_by_cpc.H10N70/063,1
counts_by_cpc.H10N70/231,1
counts_by_cpc.H10N70/8265,1
counts_by_cpc.H10N70/841,1
counts_by_cpc.H10N70/8616,1
counts_by_cpc.H10N70/883,1
counts_by_cpc.H10N70/8845,1
counts_by_cpc.H10P14/24,1
counts_by_cpc.H10P14/2905,1
counts_by_cpc.H10P14/2926,1
counts_by_cpc.H10P14/3216,1
counts_by_cpc.H10P14/3248,1
counts_by_cpc.H10P14/3251,1
counts_by_cpc.H10P14/3416,1
counts_by_cpc.H10P14/38,1
counts_by_cpc.H10P14/69215,1
counts_by_cpc.H10P14/69394,1
counts_by_cpc.H10P30/40,1
counts_by_cpc.H10P32/12,1
counts_by_cpc.H10P32/17,1
counts_by_cpc.H10P36/03,1
counts_by_cpc.H10P50/00,19
counts_by_cpc.H10P50/20,1
counts_by_cpc.H10P50/28,1
counts_by_cpc.H10P50/282,1
counts_by_cpc.H10P50/283,3
counts_by_cpc.H10P50/287,1
counts_by_cpc.H10P50/642,1
counts_by_cpc.H10P50/667,1
counts_by_cpc.H10P50/691,1
counts_by_cpc.H10P52/00,51
counts_by_cpc.H10P52/402,31
counts_by_cpc.H10P52/403,1
counts_by_cpc.H10P70/20,1
counts_by_cpc.H10P72/00,29
counts_by_cpc.H10P72/04,1
counts_by_cpc.H10P72/0402,10
counts_by_cpc.H10P72/0404,1
counts_by_cpc.H10P72/0414,6
counts_by_cpc.H10P72/0416,6
counts_by_cpc.H10P72/0428,3
counts_by_cpc.H10P72/0432,2
counts_by_cpc.H10P72/0434,2
counts_by_cpc.H10P72/0442,2
counts_by_cpc.H10P72/0446,4
counts_by_cpc.H10P72/0448,2
counts_by_cpc.H10P72/0462,10
counts_by_cpc.H10P72/0466,1
counts_by_cpc.H10P72/06,1
counts_by_cpc.H10P72/0606,14
counts_by_cpc.H10P72/0611,2
counts_by_cpc.H10P72/0612,1
counts_by_cpc.H10P72/16,1
counts_by_cpc.H10P72/30,5
counts_by_cpc.H10P72/3202,5
counts_by_cpc.H10P72/3206,2
counts_by_cpc.H10P72/3302,6
counts_by_cpc.H10P72/3304,2
counts_by_cpc.H10P72/3306,1
counts_by_cpc.H10P72/3308,2
counts_by_cpc.H10P72/3402,9
counts_by_cpc.H10P72/3404,1
counts_by_cpc.H10P72/3411,14
counts_by_cpc.H10P72/3412,14
counts_by_cpc.H10P72/36,33
counts_by_cpc.H10P72/3602,3
counts_by_cpc.H10P72/3604,4
counts_by_cpc.H10P72/50,30
counts_by_cpc.H10P72/53,14
counts_by_cpc.H10P72/57,4
counts_by_cpc.H10P72/72,1
counts_by_cpc.H10P72/74,14
counts_by_cpc.H10P72/7402,2
counts_by_cpc.H10P72/741,1
counts_by_cpc.H10P72/7414,4
counts_by_cpc.H10P72/7416,1
counts_by_cpc.H10P72/7442,1
counts_by_cpc.H10P72/76,29
counts_by_cpc.H10P72/7602,10
counts_by_cpc.H10P72/7604,2
counts_by_cpc.H10P72/7606,3
counts_by_cpc.H10P72/7608,3
counts_by_cpc.H10P72/7612,2
counts_by_cpc.H10P72/7614,2
counts_by_cpc.H10P72/7622,3
counts_by_cpc.H10P72/7626,3
counts_by_cpc.H10P72/78,295
counts_by_cpc.H10P74/00,8
counts_by_cpc.H10P74/203,1
counts_by_cpc.H10P76/00,1
counts_by_cpc.H10P76/2041,14
counts_by_cpc.H10P76/4085,2
counts_by_cpc.H10P90/12,1
counts_by_cpc.H10P90/129,1
counts_by_cpc.H10P90/1914,1
counts_by_cpc.H10P95/00,10
counts_by_cpc.H10P95/112,1
counts_by_cpc.H10W10/0121,1
counts_by_cpc.H10W10/014,1
counts_by_cpc.H10W10/13,1
counts_by_cpc.H10W10/17,1
counts_by_cpc.H10W20/42,1
counts_by_cpc.H10W42/00,2
counts_by_cpc.H10W42/20,1
counts_by_cpc.H10W42/40,1
counts_by_cpc.H10W42/405,1
counts_by_cpc.H10W44/20,1
counts_by_cpc.H10W44/248,1
counts_by_cpc.H10W44/601,1
counts_by_cpc.H10W46/00,2
counts_by_cpc.H10W46/301,2
counts_by_cpc.H10W46/501,1
counts_by_cpc.H10W70/047,1
counts_by_cpc.H10W70/05,2
counts_by_cpc.H10W70/093,2
counts_by_cpc.H10W70/095,2
counts_by_cpc.H10W70/417,1
counts_by_cpc.H10W70/611,1
counts_by_cpc.H10W70/635,2
counts_by_cpc.H10W70/65,2
counts_by_cpc.H10W70/655,1
counts_by_cpc.H10W70/685,2
counts_by_cpc.H10W70/688,1
counts_by_cpc.H10W70/69,1
counts_by_cpc.H10W70/692,1
counts_by_cpc.H10W70/695,1
counts_by_cpc.H10W72/00,1
counts_by_cpc.H10W72/0112,1
counts_by_cpc.H10W72/0113,1
counts_by_cpc.H10W72/012,1
counts_by_cpc.H10W72/0198,1
counts_by_cpc.H10W72/0711,3
counts_by_cpc.H10W72/07173,1
counts_by_cpc.H10W72/07251,2
counts_by_cpc.H10W72/073,2
counts_by_cpc.H10W72/07336,1
counts_by_cpc.H10W72/07554,1
counts_by_cpc.H10W72/077,2
counts_by_cpc.H10W72/20,2
counts_by_cpc.H10W72/222,1
counts_by_cpc.H10W72/251,1
counts_by_cpc.H10W72/29,1
counts_by_cpc.H10W72/30,1
counts_by_cpc.H10W72/353,1
counts_by_cpc.H10W72/536,1
counts_by_cpc.H10W72/5363,1
counts_by_cpc.H10W72/547,1
counts_by_cpc.H10W72/5522,2
counts_by_cpc.H10W72/5524,2
counts_by_cpc.H10W72/5525,1
counts_by_cpc.H10W72/701,2
counts_by_cpc.H10W72/877,2
counts_by_cpc.H10W72/884,1
counts_by_cpc.H10W72/9413,1
counts_by_cpc.H10W72/952,1
counts_by_cpc.H10W74/00,2
counts_by_cpc.H10W74/01,1
counts_by_cpc.H10W74/012,1
counts_by_cpc.H10W74/014,1
counts_by_cpc.H10W74/016,1
counts_by_cpc.H10W74/017,1
counts_by_cpc.H10W74/019,1
counts_by_cpc.H10W74/10,2
counts_by_cpc.H10W74/117,3
counts_by_cpc.H10W74/15,1
counts_by_cpc.H10W74/40,1
counts_by_cpc.H10W76/12,1
counts_by_cpc.H10W76/45,1
counts_by_cpc.H10W90/00,11
counts_by_cpc.H10W90/24,1
counts_by_cpc.H10W90/401,1
counts_by_cpc.H10W90/701,2
counts_by_cpc.H10W90/722,1
counts_by_cpc.H10W90/724,3
counts_by_cpc.H10W90/732,1
counts_by_cpc.H10W90/734,1
counts_by_cpc.H10W90/736,1
counts_by_cpc.H10W90/752,1
counts_by_cpc.H10W90/753,1
counts_by_cpc.H10W90/754,1
counts_by_cpc.H10W90/794,1
counts_by_cpc.H10W99/00,2
counts_by_cpc.Y02A10/26,2
counts_by_cpc.Y02A40/146,1
counts_by_cpc.Y02A40/20,4
counts_by_cpc.Y02A40/22,2
counts_by_cpc.Y02A40/25,3
counts_by_cpc.Y02A40/28,2
counts_by_cpc.Y02A40/70,5
counts_by_cpc.Y02A40/80,1
counts_by_cpc.Y02A40/81,20
counts_by_cpc.Y02A40/90,7
counts_by_cpc.Y02A50/30,2
counts_by_cpc.Y02A90/10,36
counts_by_cpc.Y02B10/10,4
counts_by_cpc.Y02B70/30,1
counts_by_cpc.Y02B70/3225,1
counts_by_cpc.Y02B90/20,1
counts_by_cpc.Y02D10/00,1
counts_by_cpc.Y02D30/70,1
counts_by_cpc.Y02E10/47,4
counts_by_cpc.Y02E10/50,6
counts_by_cpc.Y02E30/10,1
counts_by_cpc.Y02E30/30,7
counts_by_cpc.Y02E50/10,1
counts_by_cpc.Y02E50/30,5
counts_by_cpc.Y02E60/10,14
counts_by_cpc.Y02P10/25,1
counts_by_cpc.Y02P40/57,3
counts_by_cpc.Y02P60/00,5
counts_by_cpc.Y02P60/12,1
counts_by_cpc.Y02P60/16,1
counts_by_cpc.Y02P60/20,4
counts_by_cpc.Y02P60/21,20
counts_by_cpc.Y02P60/40,2
counts_by_cpc.Y02P60/87,2
counts_by_cpc.Y02P70/50,28
counts_by_cpc.Y02P90/02,26
counts_by_cpc.Y02P90/20,1
counts_by_cpc.Y02P90/28,1
counts_by_cpc.Y02P90/30,4
counts_by_cpc.Y02T10/30,1
counts_by_cpc.Y02T10/7072,1
counts_by_cpc.Y02T50/40,9
counts_by_cpc.Y02T50/60,2
counts_by_cpc.Y02T50/678,1
counts_by_cpc.Y02T90/12,1
counts_by_cpc.Y02W10/10,1
counts_by_cpc.Y02W30/10,3
counts_by_cpc.Y02W30/62,1
counts_by_cpc.Y04S20/20,1
counts_by_cpc.Y04S20/222,1
counts_by_cpc.Y04S20/246,1
counts_by_cpc.Y04S40/00,1
counts_by_cpc.Y04S40/126,1
counts_by_cpc.Y10S100/913,1
counts_by_cpc.Y10S100/918,1
counts_by_cpc.Y10S101/36,3
counts_by_cpc.Y10S101/45,4
counts_by_cpc.Y10S101/47,1
counts_by_cpc.Y10S108/901,4
counts_by_cpc.Y10S108/902,4
counts_by_cpc.Y10S111/918,3
counts_by_cpc.Y10S111/919,1
counts_by_cpc.Y10S111/927,6
counts_by_cpc.Y10S116/24,2
counts_by_cpc.Y10S128/15,1
counts_by_cpc.Y10S131/909,1
counts_by_cpc.Y10S134/901,12
counts_by_cpc.Y10S137/905,1
counts_by_cpc.Y10S138/08,1
counts_by_cpc.Y10S156/94,9
counts_by_cpc.Y10S156/941,1
counts_by_cpc.Y10S156/942,2
counts_by_cpc.Y10S16/24,1
counts_by_cpc.Y10S16/40,1
counts_by_cpc.Y10S160/03,1
counts_by_cpc.Y10S160/13,1
counts_by_cpc.Y10S164/01,1
counts_by_cpc.Y10S165/917,1
counts_by_cpc.Y10S180/901,5
counts_by_cpc.Y10S194/906,1
counts_by_cpc.Y10S198/951,6
counts_by_cpc.Y10S198/955,2
counts_by_cpc.Y10S206/806,1
counts_by_cpc.Y10S206/813,2
counts_by_cpc.Y10S206/814,2
counts_by_cpc.Y10S206/818,2
counts_by_cpc.Y10S206/82,1
counts_by_cpc.Y10S206/829,5
counts_by_cpc.Y10S209/903,11
counts_by_cpc.Y10S209/905,35
counts_by_cpc.Y10S209/906,8
counts_by_cpc.Y10S209/912,1
counts_by_cpc.Y10S209/914,2
counts_by_cpc.Y10S209/919,3
counts_by_cpc.Y10S209/92,1
counts_by_cpc.Y10S209/921,1
counts_by_cpc.Y10S209/922,2
counts_by_cpc.Y10S209/925,2
counts_by_cpc.Y10S209/928,1
counts_by_cpc.Y10S209/931,1
counts_by_cpc.Y10S209/933,3
counts_by_cpc.Y10S209/934,1
counts_by_cpc.Y10S209/936,1
counts_by_cpc.Y10S209/938,1
counts_by_cpc.Y10S209/941,1
counts_by_cpc.Y10S209/942,2
counts_by_cpc.Y10S211/01,13
counts_by_cpc.Y10S212/901,1
counts_by_cpc.Y10S215/902,1
counts_by_cpc.Y10S220/09,1
counts_by_cpc.Y10S220/903,3
counts_by_cpc.Y10S224/922,1
counts_by_cpc.Y10S224/926,7
counts_by_cpc.Y10S224/929,3
counts_by_cpc.Y10S238/01,2
counts_by_cpc.Y10S24/11,10
counts_by_cpc.Y10S24/17,1
counts_by_cpc.Y10S248/903,1
counts_by_cpc.Y10S248/908,1
counts_by_cpc.Y10S248/91,2
counts_by_cpc.Y10S248/911,1
counts_by_cpc.Y10S248/912,1
counts_by_cpc.Y10S248/913,3
counts_by_cpc.Y10S248/916,1
counts_by_cpc.Y10S248/918,1
counts_by_cpc.Y10S254/02,1
counts_by_cpc.Y10S261/09,1
counts_by_cpc.Y10S264/43,1
counts_by_cpc.Y10S264/78,9
counts_by_cpc.Y10S269/90,5
counts_by_cpc.Y10S269/901,1
counts_by_cpc.Y10S269/902,1
counts_by_cpc.Y10S269/903,3
counts_by_cpc.Y10S269/906,2
counts_by_cpc.Y10S269/91,2
counts_by_cpc.Y10S277/905,1
counts_by_cpc.Y10S277/91,2
counts_by_cpc.Y10S279/90,1
counts_by_cpc.Y10S279/904,9
counts_by_cpc.Y10S279/906,1
counts_by_cpc.Y10S285/921,1
counts_by_cpc.Y10S29/044,15
counts_by_cpc.Y10S29/059,1
counts_by_cpc.Y10S29/077,1
counts_by_cpc.Y10S29/079,1
counts_by_cpc.Y10S29/084,9
counts_by_cpc.Y10S29/094,2
counts_by_cpc.Y10S292/14,1
counts_by_cpc.Y10S292/16,2
counts_by_cpc.Y10S292/28,6
counts_by_cpc.Y10S292/31,1
counts_by_cpc.Y10S294/902,37
counts_by_cpc.Y10S294/905,1
counts_by_cpc.Y10S294/906,1
counts_by_cpc.Y10S294/907,138
counts_by_cpc.Y10S297/06,1
counts_by_cpc.Y10S33/01,2
counts_by_cpc.Y10S33/02,5
counts_by_cpc.Y10S33/03,1
counts_by_cpc.Y10S33/04,1
counts_by_cpc.Y10S359/90,1
counts_by_cpc.Y10S359/903,1
counts_by_cpc.Y10S379/914,2
counts_by_cpc.Y10S402/503,1
counts_by_cpc.Y10S403/06,1
counts_by_cpc.Y10S403/10,1
counts_by_cpc.Y10S403/11,1
counts_by_cpc.Y10S403/12,10
counts_by_cpc.Y10S408/702,1
counts_by_cpc.Y10S408/704,1
counts_by_cpc.Y10S408/71,1
counts_by_cpc.Y10S409/903,9
counts_by_cpc.Y10S411/91,1
counts_by_cpc.Y10S411/914,1
counts_by_cpc.Y10S411/922,1
counts_by_cpc.Y10S411/93,6
counts_by_cpc.Y10S411/947,2
counts_by_cpc.Y10S411/965,7
counts_by_cpc.Y10S411/97,1
counts_by_cpc.Y10S414/101,3
counts_by_cpc.Y10S414/102,23
counts_by_cpc.Y10S414/103,1
counts_by_cpc.Y10S414/105,2
counts_by_cpc.Y10S414/106,2
counts_by_cpc.Y10S414/108,14
counts_by_cpc.Y10S414/109,1
counts_by_cpc.Y10S414/11,7
counts_by_cpc.Y10S414/112,3
counts_by_cpc.Y10S414/113,2
counts_by_cpc.Y10S414/115,1
counts_by_cpc.Y10S414/116,2
counts_by_cpc.Y10S414/12,19
counts_by_cpc.Y10S414/121,2
counts_by_cpc.Y10S414/122,1
counts_by_cpc.Y10S414/123,4
counts_by_cpc.Y10S414/124,1
counts_by_cpc.Y10S414/125,4
counts_by_cpc.Y10S414/13,39
counts_by_cpc.Y10S414/135,1
counts_by_cpc.Y10S414/136,9
counts_by_cpc.Y10S414/137,5
counts_by_cpc.Y10S414/138,12
counts_by_cpc.Y10S414/139,7
counts_by_cpc.Y10S414/14,2
counts_by_cpc.Y10S414/141,40
counts_by_cpc.Y10S423/16,1
counts_by_cpc.Y10S425/019,1
counts_by_cpc.Y10S425/044,1
counts_by_cpc.Y10S425/047,1
counts_by_cpc.Y10S425/06,12
counts_by_cpc.Y10S425/808,9
counts_by_cpc.Y10S425/809,1
counts_by_cpc.Y10S425/812,1
counts_by_cpc.Y10S428/90,5
counts_by_cpc.Y10S428/913,1
counts_by_cpc.Y10S435/948,1
counts_by_cpc.Y10S464/906,1
counts_by_cpc.Y10S47/09,21
counts_by_cpc.Y10S47/11,10
counts_by_cpc.Y10S475/904,1
counts_by_cpc.Y10S483/901,3
counts_by_cpc.Y10S483/902,10
counts_by_cpc.Y10S52/13,5
counts_by_cpc.Y10S524/916,3
counts_by_cpc.Y10S55/18,1
counts_by_cpc.Y10S55/29,9
counts_by_cpc.Y10S604/902,1
counts_by_cpc.Y10S62/91,1
counts_by_cpc.Y10S63/01,1
counts_by_cpc.Y10S65/04,1
counts_by_cpc.Y10S65/08,1
counts_by_cpc.Y10S7/901,1
counts_by_cpc.Y10S700/90,2
counts_by_cpc.Y10S706/904,1
counts_by_cpc.Y10S707/99942,1
counts_by_cpc.Y10S707/99943,1
counts_by_cpc.Y10S707/99945,1
counts_by_cpc.Y10S707/99948,1
counts_by_cpc.Y10S71/903,1
counts_by_cpc.Y10S72/705,1
counts_by_cpc.Y10S81/11,1
counts_by_cpc.Y10S82/90,1
counts_by_cpc.Y10S82/901,1
counts_by_cpc.Y10S83/909,4
counts_by_cpc.Y10S83/912,1
counts_by_cpc.Y10S83/915,1
counts_by_cpc.Y10S83/916,1
counts_by_cpc.Y10S83/917,1
counts_by_cpc.Y10S83/929,1
counts_by_cpc.Y10S83/937,14
counts_by_cpc.Y10S83/938,6
counts_by_cpc.Y10S83/939,9
counts_by_cpc.Y10S83/94,2
counts_by_cpc.Y10S83/941,43
counts_by_cpc.Y10S83/949,1
counts_by_cpc.Y10S83/952,1
counts_by_cpc.Y10S83/953,2
counts_by_cpc.Y10S901/01,5
counts_by_cpc.Y10S901/02,33
counts_by_cpc.Y10S901/03,10
counts_by_cpc.Y10S901/09,24
counts_by_cpc.Y10S901/10,3
counts_by_cpc.Y10S901/14,1
counts_by_cpc.Y10S901/16,1
counts_by_cpc.Y10S901/19,2
counts_by_cpc.Y10S901/27,10
counts_by_cpc.Y10S901/28,2
counts_by_cpc.Y10S901/30,23
counts_by_cpc.Y10S901/31,15
counts_by_cpc.Y10S901/39,1
counts_by_cpc.Y10S901/40,22
counts_by_cpc.Y10S901/41,2
counts_by_cpc.Y10S901/42,1
counts_by_cpc.Y10S901/43,1
counts_by_cpc.Y10S901/46,16
counts_by_cpc.Y10S901/47,17
counts_by_cpc.Y10T137/1804,1
counts_by_cpc.Y10T137/1812,1
counts_by_cpc.Y10T137/2546,1
counts_by_cpc.Y10T137/2567,1
counts_by_cpc.Y10T137/2652,1
counts_by_cpc.Y10T137/3099,1
counts_by_cpc.Y10T137/3109,4
counts_by_cpc.Y10T137/3127,1
counts_by_cpc.Y10T137/4774,1
counts_by_cpc.Y10T137/5109,2
counts_by_cpc.Y10T137/5283,3
counts_by_cpc.Y10T137/6443,1
counts_by_cpc.Y10T137/7727,1
counts_by_cpc.Y10T137/7728,1
counts_by_cpc.Y10T137/7729,1
counts_by_cpc.Y10T137/773,1
counts_by_cpc.Y10T137/7761,8
counts_by_cpc.Y10T137/778,1
counts_by_cpc.Y10T137/7781,1
counts_by_cpc.Y10T137/7789,6
counts_by_cpc.Y10T137/7805,1
counts_by_cpc.Y10T137/7808,1
counts_by_cpc.Y10T137/7836,1
counts_by_cpc.Y10T137/7838,1
counts_by_cpc.Y10T137/7848,1
counts_by_cpc.Y10T137/7859,1
counts_by_cpc.Y10T137/7869,3
counts_by_cpc.Y10T137/7871,4
counts_by_cpc.Y10T137/7875,1
counts_by_cpc.Y10T137/7888,1
counts_by_cpc.Y10T137/7891,3
counts_by_cpc.Y10T137/7897,9
counts_by_cpc.Y10T137/7915,1
counts_by_cpc.Y10T137/7923,6
counts_by_cpc.Y10T137/7924,1
counts_by_cpc.Y10T137/7931,1
counts_by_cpc.Y10T137/8158,1
counts_by_cpc.Y10T137/8275,1
counts_by_cpc.Y10T137/8326,6
counts_by_cpc.Y10T137/8376,1
counts_by_cpc.Y10T137/86075,1
counts_by_cpc.Y10T137/86083,1
counts_by_cpc.Y10T137/86171,1
counts_by_cpc.Y10T137/86445,3
counts_by_cpc.Y10T137/86461,3
counts_by_cpc.Y10T137/86493,1
counts_by_cpc.Y10T137/86501,17
counts_by_cpc.Y10T137/86509,2
counts_by_cpc.Y10T137/86541,1
counts_by_cpc.Y10T137/86549,1
counts_by_cpc.Y10T137/86614,1
counts_by_cpc.Y10T137/86638,1
counts_by_cpc.Y10T137/86646,1
counts_by_cpc.Y10T137/86654,1
counts_by_cpc.Y10T137/8667,3
counts_by_cpc.Y10T137/86831,3
counts_by_cpc.Y10T137/86839,1
counts_by_cpc.Y10T137/86863,1
counts_by_cpc.Y10T137/86871,2
counts_by_cpc.Y10T137/86879,1
counts_by_cpc.Y10T137/86976,3
counts_by_cpc.Y10T137/86984,1
counts_by_cpc.Y10T137/87153,1
counts_by_cpc.Y10T137/87169,2
counts_by_cpc.Y10T137/87201,2
counts_by_cpc.Y10T137/87209,4
counts_by_cpc.Y10T137/87217,2
counts_by_cpc.Y10T137/87225,2
counts_by_cpc.Y10T137/87249,1
counts_by_cpc.Y10T137/87635,1
counts_by_cpc.Y10T137/87692,3
counts_by_cpc.Y10T137/87772,3
counts_by_cpc.Y10T137/87804,2
counts_by_cpc.Y10T137/87861,1
counts_by_cpc.Y10T137/87877,4
counts_by_cpc.Y10T137/87885,33
counts_by_cpc.Y10T137/87893,37
counts_by_cpc.Y10T137/87957,1
counts_by_cpc.Y10T137/88038,1
counts_by_cpc.Y10T152/10027,1
counts_by_cpc.Y10T152/1081,1
counts_by_cpc.Y10T156/10,18
counts_by_cpc.Y10T156/1011,1
counts_by_cpc.Y10T156/1025,1
counts_by_cpc.Y10T156/1026,2
counts_by_cpc.Y10T156/1028,2
counts_by_cpc.Y10T156/1034,1
counts_by_cpc.Y10T156/1046,2
counts_by_cpc.Y10T156/1052,2
counts_by_cpc.Y10T156/1059,2
counts_by_cpc.Y10T156/1062,1
counts_by_cpc.Y10T156/1064,8
counts_by_cpc.Y10T156/1066,12
counts_by_cpc.Y10T156/108,1
counts_by_cpc.Y10T156/1089,1
counts_by_cpc.Y10T156/1092,1
counts_by_cpc.Y10T156/1093,2
counts_by_cpc.Y10T156/11,12
counts_by_cpc.Y10T156/1111,1
counts_by_cpc.Y10T156/1147,5
counts_by_cpc.Y10T156/1168,5
counts_by_cpc.Y10T156/1195,1
counts_by_cpc.Y10T156/12,1
counts_by_cpc.Y10T156/1352,1
counts_by_cpc.Y10T156/1391,1
counts_by_cpc.Y10T156/17,14
counts_by_cpc.Y10T156/1707,2
counts_by_cpc.Y10T156/171,2
counts_by_cpc.Y10T156/1744,4
counts_by_cpc.Y10T156/1761,3
counts_by_cpc.Y10T156/1768,4
counts_by_cpc.Y10T156/1776,1
counts_by_cpc.Y10T156/1778,8
counts_by_cpc.Y10T156/178,2
counts_by_cpc.Y10T156/1783,4
counts_by_cpc.Y10T156/179,2
counts_by_cpc.Y10T156/1798,1
counts_by_cpc.Y10T156/18,1
counts_by_cpc.Y10T156/19,3
counts_by_cpc.Y10T156/1944,2
counts_by_cpc.Y10T156/1972,9
counts_by_cpc.Y10T156/1978,2
counts_by_cpc.Y10T156/1994,1
counts_by_cpc.Y10T225/12,1
counts_by_cpc.Y10T225/14,1
counts_by_cpc.Y10T225/304,3
counts_by_cpc.Y10T225/325,5
counts_by_cpc.Y10T225/329,5
counts_by_cpc.Y10T225/343,1
counts_by_cpc.Y10T225/357,1
counts_by_cpc.Y10T225/371,3
counts_by_cpc.Y10T24/1379,28
counts_by_cpc.Y10T24/1394,1
counts_by_cpc.Y10T24/1498,1
counts_by_cpc.Y10T24/20,2
counts_by_cpc.Y10T24/204,1
counts_by_cpc.Y10T24/206,1
counts_by_cpc.Y10T24/207,8
counts_by_cpc.Y10T24/208,4
counts_by_cpc.Y10T24/2529,1
counts_by_cpc.Y10T24/27,1
counts_by_cpc.Y10T24/2708,10
counts_by_cpc.Y10T24/2758,1
counts_by_cpc.Y10T24/32,17
counts_by_cpc.Y10T24/33,35
counts_by_cpc.Y10T24/34,3
counts_by_cpc.Y10T24/3427,3
counts_by_cpc.Y10T24/3431,1
counts_by_cpc.Y10T24/3433,1
counts_by_cpc.Y10T24/3435,2
counts_by_cpc.Y10T24/3439,2
counts_by_cpc.Y10T24/344,1
counts_by_cpc.Y10T24/3443,1
counts_by_cpc.Y10T24/3444,3
counts_by_cpc.Y10T24/3484,1
counts_by_cpc.Y10T24/366,1
counts_by_cpc.Y10T24/3687,2
counts_by_cpc.Y10T24/3694,1
counts_by_cpc.Y10T24/3745,1
counts_by_cpc.Y10T24/3958,1
counts_by_cpc.Y10T24/3984,1
counts_by_cpc.Y10T24/4095,1
counts_by_cpc.Y10T24/44,1
counts_by_cpc.Y10T24/44017,1
counts_by_cpc.Y10T24/44034,1
counts_by_cpc.Y10T24/44068,4
counts_by_cpc.Y10T24/44222,1
counts_by_cpc.Y10T24/44265,1
counts_by_cpc.Y10T24/44291,1
counts_by_cpc.Y10T24/44444,1
counts_by_cpc.Y10T24/44453,1
counts_by_cpc.Y10T24/44462,1
counts_by_cpc.Y10T24/4447,3
counts_by_cpc.Y10T24/44581,1
counts_by_cpc.Y10T24/4459,1
counts_by_cpc.Y10T24/44598,1
counts_by_cpc.Y10T24/44744,1
counts_by_cpc.Y10T24/44778,5
counts_by_cpc.Y10T24/44872,1
counts_by_cpc.Y10T24/44923,1
counts_by_cpc.Y10T24/44974,1
counts_by_cpc.Y10T24/4501,2
counts_by_cpc.Y10T24/45026,5
counts_by_cpc.Y10T24/45152,3
counts_by_cpc.Y10T24/45262,2
counts_by_cpc.Y10T24/45518,1
counts_by_cpc.Y10T24/45581,1
counts_by_cpc.Y10T24/45675,2
counts_by_cpc.Y10T24/45775,8
counts_by_cpc.Y10T24/45785,2
counts_by_cpc.Y10T24/45874,8
counts_by_cpc.Y10T24/4588,7
counts_by_cpc.Y10T24/4589,2
counts_by_cpc.Y10T24/45963,7
counts_by_cpc.Y10T24/45969,7
counts_by_cpc.Y10T24/45974,1
counts_by_cpc.Y10T24/4755,1
counts_by_cpc.Y10T279/1016,1
counts_by_cpc.Y10T279/1024,1
counts_by_cpc.Y10T279/11,130
counts_by_cpc.Y10T279/1249,1
counts_by_cpc.Y10T279/14,1
counts_by_cpc.Y10T279/17213,1
counts_by_cpc.Y10T279/17231,21
counts_by_cpc.Y10T279/17299,1
counts_by_cpc.Y10T279/17324,1
counts_by_cpc.Y10T279/17435,3
counts_by_cpc.Y10T279/17521,1
counts_by_cpc.Y10T279/17675,1
counts_by_cpc.Y10T279/17821,1
counts_by_cpc.Y10T279/17957,2
counts_by_cpc.Y10T279/18,6
counts_by_cpc.Y10T279/1921,1
counts_by_cpc.Y10T279/1986,1
counts_by_cpc.Y10T279/23,6
counts_by_cpc.Y10T279/247,18
counts_by_cpc.Y10T279/25,1
counts_by_cpc.Y10T279/26,1
counts_by_cpc.Y10T279/29,2
counts_by_cpc.Y10T279/3456,1
counts_by_cpc.Y10T279/3481,1
counts_by_cpc.Y10T279/35,2
counts_by_cpc.Y10T29/10,1
counts_by_cpc.Y10T29/24,1
counts_by_cpc.Y10T29/42,1
counts_by_cpc.Y10T29/43,1
counts_by_cpc.Y10T29/49,3
counts_by_cpc.Y10T29/49004,2
counts_by_cpc.Y10T29/49101,1
counts_by_cpc.Y10T29/49126,1
counts_by_cpc.Y10T29/49128,1
counts_by_cpc.Y10T29/4913,2
counts_by_cpc.Y10T29/49131,3
counts_by_cpc.Y10T29/49133,4
counts_by_cpc.Y10T29/49144,2
counts_by_cpc.Y10T29/49231,3
counts_by_cpc.Y10T29/49236,1
counts_by_cpc.Y10T29/49245,1
counts_by_cpc.Y10T29/49272,3
counts_by_cpc.Y10T29/49336,1
counts_by_cpc.Y10T29/494,20
counts_by_cpc.Y10T29/49432,2
counts_by_cpc.Y10T29/49497,1
counts_by_cpc.Y10T29/49515,1
counts_by_cpc.Y10T29/4956,2
counts_by_cpc.Y10T29/49622,23
counts_by_cpc.Y10T29/49629,5
counts_by_cpc.Y10T29/49631,4
counts_by_cpc.Y10T29/49639,1
counts_by_cpc.Y10T29/49716,21
counts_by_cpc.Y10T29/4973,1
counts_by_cpc.Y10T29/49769,1
counts_by_cpc.Y10T29/49771,6
counts_by_cpc.Y10T29/49776,1
counts_by_cpc.Y10T29/4978,7
counts_by_cpc.Y10T29/49792,1
counts_by_cpc.Y10T29/49805,2
counts_by_cpc.Y10T29/4981,1
counts_by_cpc.Y10T29/49815,2
counts_by_cpc.Y10T29/49817,6
counts_by_cpc.Y10T29/49819,1
counts_by_cpc.Y10T29/49822,1
counts_by_cpc.Y10T29/49826,44
counts_by_cpc.Y10T29/49828,10
counts_by_cpc.Y10T29/49829,3
counts_by_cpc.Y10T29/49833,1
counts_by_cpc.Y10T29/49861,2
counts_by_cpc.Y10T29/49865,3
counts_by_cpc.Y10T29/49867,1
counts_by_cpc.Y10T29/4987,1
counts_by_cpc.Y10T29/49872,4
counts_by_cpc.Y10T29/49876,5
counts_by_cpc.Y10T29/49885,1
counts_by_cpc.Y10T29/49888,1
counts_by_cpc.Y10T29/49895,11
counts_by_cpc.Y10T29/49899,3
counts_by_cpc.Y10T29/49901,3
counts_by_cpc.Y10T29/49902,8
counts_by_cpc.Y10T29/49904,2
counts_by_cpc.Y10T29/49911,5
counts_by_cpc.Y10T29/49929,2
counts_by_cpc.Y10T29/49936,1
counts_by_cpc.Y10T29/4994,1
counts_by_cpc.Y10T29/49947,6
counts_by_cpc.Y10T29/4995,4
counts_by_cpc.Y10T29/49956,10
counts_by_cpc.Y10T29/49959,1
counts_by_cpc.Y10T29/4998,1
counts_by_cpc.Y10T29/49984,1
counts_by_cpc.Y10T29/49988,1
counts_by_cpc.Y10T29/49995,2
counts_by_cpc.Y10T29/49996,6
counts_by_cpc.Y10T29/49998,47
counts_by_cpc.Y10T29/50,3
counts_by_cpc.Y10T29/51,2
counts_by_cpc.Y10T29/5105,1
counts_by_cpc.Y10T29/5107,10
counts_by_cpc.Y10T29/5108,5
counts_by_cpc.Y10T29/5109,1
counts_by_cpc.Y10T29/5118,5
counts_by_cpc.Y10T29/5124,10
counts_by_cpc.Y10T29/5127,1
counts_by_cpc.Y10T29/5129,1
counts_by_cpc.Y10T29/513,3
counts_by_cpc.Y10T29/5136,2
counts_by_cpc.Y10T29/5137,4
counts_by_cpc.Y10T29/515,1
counts_by_cpc.Y10T29/5152,1
counts_by_cpc.Y10T29/5153,7
counts_by_cpc.Y10T29/5155,3
counts_by_cpc.Y10T29/5165,1
counts_by_cpc.Y10T29/5177,16
counts_by_cpc.Y10T29/5182,1
counts_by_cpc.Y10T29/5191,6
counts_by_cpc.Y10T29/5196,8
counts_by_cpc.Y10T29/53,7
counts_by_cpc.Y10T29/53004,5
counts_by_cpc.Y10T29/53013,1
counts_by_cpc.Y10T29/53022,2
counts_by_cpc.Y10T29/53039,1
counts_by_cpc.Y10T29/53052,3
counts_by_cpc.Y10T29/53061,5
counts_by_cpc.Y10T29/53065,4
counts_by_cpc.Y10T29/53078,1
counts_by_cpc.Y10T29/53087,2
counts_by_cpc.Y10T29/53091,8
counts_by_cpc.Y10T29/53096,3
counts_by_cpc.Y10T29/5313,2
counts_by_cpc.Y10T29/53135,9
counts_by_cpc.Y10T29/53174,2
counts_by_cpc.Y10T29/53178,39
counts_by_cpc.Y10T29/53183,7
counts_by_cpc.Y10T29/53187,1
counts_by_cpc.Y10T29/53191,103
counts_by_cpc.Y10T29/53196,2
counts_by_cpc.Y10T29/53252,1
counts_by_cpc.Y10T29/53257,1
counts_by_cpc.Y10T29/53261,3
counts_by_cpc.Y10T29/53265,3
counts_by_cpc.Y10T29/53283,1
counts_by_cpc.Y10T29/53313,5
counts_by_cpc.Y10T29/53378,1
counts_by_cpc.Y10T29/53404,1
counts_by_cpc.Y10T29/5347,1
counts_by_cpc.Y10T29/53478,5
counts_by_cpc.Y10T29/53539,2
counts_by_cpc.Y10T29/53543,2
counts_by_cpc.Y10T29/53657,3
counts_by_cpc.Y10T29/53683,2
counts_by_cpc.Y10T29/53687,1
counts_by_cpc.Y10T29/53704,1
counts_by_cpc.Y10T29/538,1
counts_by_cpc.Y10T29/5383,2
counts_by_cpc.Y10T29/53839,1
counts_by_cpc.Y10T29/539,1
counts_by_cpc.Y10T29/53952,1
counts_by_cpc.Y10T29/53961,3
counts_by_cpc.Y10T29/5397,1
counts_by_cpc.Y10T29/53974,5
counts_by_cpc.Y10T29/53978,6
counts_by_cpc.Y10T29/53991,1
counts_by_cpc.Y10T292/1061,1
counts_by_cpc.Y10T292/20,1
counts_by_cpc.Y10T292/34,1
counts_by_cpc.Y10T292/62,1
counts_by_cpc.Y10T403/1608,1
counts_by_cpc.Y10T403/1616,5
counts_by_cpc.Y10T403/1624,5
counts_by_cpc.Y10T403/20,9
counts_by_cpc.Y10T403/21,1
counts_by_cpc.Y10T403/32032,1
counts_by_cpc.Y10T403/32041,2
counts_by_cpc.Y10T403/32065,2
counts_by_cpc.Y10T403/32155,2
counts_by_cpc.Y10T403/32204,2
counts_by_cpc.Y10T403/32221,1
counts_by_cpc.Y10T403/32262,1
counts_by_cpc.Y10T403/32311,5
counts_by_cpc.Y10T403/32368,1
counts_by_cpc.Y10T403/32409,1
counts_by_cpc.Y10T403/32459,1
counts_by_cpc.Y10T403/32655,1
counts_by_cpc.Y10T403/32811,1
counts_by_cpc.Y10T403/342,2
counts_by_cpc.Y10T403/364,7
counts_by_cpc.Y10T403/45,9
counts_by_cpc.Y10T403/46,1
counts_by_cpc.Y10T403/4602,15
counts_by_cpc.Y10T403/47,1
counts_by_cpc.Y10T403/472,18
counts_by_cpc.Y10T403/473,1
counts_by_cpc.Y10T403/477,8
counts_by_cpc.Y10T403/49,2
counts_by_cpc.Y10T403/51,2
counts_by_cpc.Y10T403/535,1
counts_by_cpc.Y10T403/54,14
counts_by_cpc.Y10T403/55,1
counts_by_cpc.Y10T403/553,1
counts_by_cpc.Y10T403/555,9
counts_by_cpc.Y10T403/559,2
counts_by_cpc.Y10T403/59,5
counts_by_cpc.Y10T403/591,6
counts_by_cpc.Y10T403/592,1
counts_by_cpc.Y10T403/598,1
counts_by_cpc.Y10T403/599,4
counts_by_cpc.Y10T403/60,6
counts_by_cpc.Y10T403/602,10
counts_by_cpc.Y10T403/604,3
counts_by_cpc.Y10T403/608,3
counts_by_cpc.Y10T403/66,1
counts_by_cpc.Y10T403/67,3
counts_by_cpc.Y10T403/70,12
counts_by_cpc.Y10T403/7001,1
counts_by_cpc.Y10T403/7005,31
counts_by_cpc.Y10T403/7035,1
counts_by_cpc.Y10T403/7045,1
counts_by_cpc.Y10T403/7058,1
counts_by_cpc.Y10T403/7061,1
counts_by_cpc.Y10T403/7066,1
counts_by_cpc.Y10T403/7067,2
counts_by_cpc.Y10T403/7075,14
counts_by_cpc.Y10T403/7077,1
counts_by_cpc.Y10T403/7105,2
counts_by_cpc.Y10T403/7111,1
counts_by_cpc.Y10T403/7129,7
counts_by_cpc.Y10T403/7141,5
counts_by_cpc.Y10T403/7171,1
counts_by_cpc.Y10T403/7182,1
counts_by_cpc.Y10T403/7188,1
counts_by_cpc.Y10T403/7194,1
counts_by_cpc.Y10T403/75,4
counts_by_cpc.Y10T403/76,4
counts_by_cpc.Y10T407/1904,1
counts_by_cpc.Y10T407/1948,1
counts_by_cpc.Y10T408/03,12
counts_by_cpc.Y10T408/08,23
counts_by_cpc.Y10T408/10,1
counts_by_cpc.Y10T408/14,1
counts_by_cpc.Y10T408/15,1
counts_by_cpc.Y10T408/16,1
counts_by_cpc.Y10T408/165,1
counts_by_cpc.Y10T408/17,2
counts_by_cpc.Y10T408/173,1
counts_by_cpc.Y10T408/175,5
counts_by_cpc.Y10T408/18,1
counts_by_cpc.Y10T408/20,2
counts_by_cpc.Y10T408/21,4
counts_by_cpc.Y10T408/35,1
counts_by_cpc.Y10T408/36,2
counts_by_cpc.Y10T408/37,4
counts_by_cpc.Y10T408/375,2
counts_by_cpc.Y10T408/3806,1
counts_by_cpc.Y10T408/3811,2
counts_by_cpc.Y10T408/3828,1
counts_by_cpc.Y10T408/3833,2
counts_by_cpc.Y10T408/3839,1
counts_by_cpc.Y10T408/3844,2
counts_by_cpc.Y10T408/385,2
counts_by_cpc.Y10T408/39,1
counts_by_cpc.Y10T408/44,2
counts_by_cpc.Y10T408/453,1
counts_by_cpc.Y10T408/46,2
counts_by_cpc.Y10T408/47,1
counts_by_cpc.Y10T408/50,7
counts_by_cpc.Y10T408/51,1
counts_by_cpc.Y10T408/52,2
counts_by_cpc.Y10T408/54,1
counts_by_cpc.Y10T408/545,4
counts_by_cpc.Y10T408/55,7
counts_by_cpc.Y10T408/554,22
counts_by_cpc.Y10T408/561,6
counts_by_cpc.Y10T408/5617,3
counts_by_cpc.Y10T408/5623,1
counts_by_cpc.Y10T408/563,1
counts_by_cpc.Y10T408/564,1
counts_by_cpc.Y10T408/675,12
counts_by_cpc.Y10T408/6757,6
counts_by_cpc.Y10T408/6771,1
counts_by_cpc.Y10T408/6786,1
counts_by_cpc.Y10T408/6793,1
counts_by_cpc.Y10T408/85884,1
counts_by_cpc.Y10T408/8598,1
counts_by_cpc.Y10T408/85995,1
counts_by_cpc.Y10T408/907,13
counts_by_cpc.Y10T408/91,1
counts_by_cpc.Y10T408/92,1
counts_by_cpc.Y10T408/93,1
counts_by_cpc.Y10T408/94,1
counts_by_cpc.Y10T408/953,2
counts_by_cpc.Y10T408/96,2
counts_by_cpc.Y10T408/98,3
counts_by_cpc.Y10T409/30084,1
counts_by_cpc.Y10T409/300896,9
counts_by_cpc.Y10T409/30112,2
counts_by_cpc.Y10T409/301344,22
counts_by_cpc.Y10T409/301456,1
counts_by_cpc.Y10T409/301512,1
counts_by_cpc.Y10T409/302352,1
counts_by_cpc.Y10T409/302408,23
counts_by_cpc.Y10T409/302856,2
counts_by_cpc.Y10T409/302968,3
counts_by_cpc.Y10T409/303192,1
counts_by_cpc.Y10T409/303416,1
counts_by_cpc.Y10T409/303584,2
counts_by_cpc.Y10T409/303696,1
counts_by_cpc.Y10T409/303752,6
counts_by_cpc.Y10T409/303808,10
counts_by_cpc.Y10T409/30392,5
counts_by_cpc.Y10T409/304032,2
counts_by_cpc.Y10T409/304088,5
counts_by_cpc.Y10T409/304144,23
counts_by_cpc.Y10T409/304648,1
counts_by_cpc.Y10T409/30532,2
counts_by_cpc.Y10T409/305432,2
counts_by_cpc.Y10T409/305544,17
counts_by_cpc.Y10T409/3056,2
counts_by_cpc.Y10T409/305656,2
counts_by_cpc.Y10T409/305768,1
counts_by_cpc.Y10T409/305824,3
counts_by_cpc.Y10T409/306104,2
counts_by_cpc.Y10T409/30616,2
counts_by_cpc.Y10T409/30644,5
counts_by_cpc.Y10T409/306776,1
counts_by_cpc.Y10T409/307,9
counts_by_cpc.Y10T409/307056,1
counts_by_cpc.Y10T409/307112,1
counts_by_cpc.Y10T409/307168,8
counts_by_cpc.Y10T409/307224,2
counts_by_cpc.Y10T409/307392,1
counts_by_cpc.Y10T409/307448,18
counts_by_cpc.Y10T409/307672,10
counts_by_cpc.Y10T409/307728,1
counts_by_cpc.Y10T409/307784,8
counts_by_cpc.Y10T409/307896,4
counts_by_cpc.Y10T409/308232,2
counts_by_cpc.Y10T409/308288,5
counts_by_cpc.Y10T409/308512,4
counts_by_cpc.Y10T409/30868,35
counts_by_cpc.Y10T409/308736,1
counts_by_cpc.Y10T409/308792,1
counts_by_cpc.Y10T409/30896,5
counts_by_cpc.Y10T409/309016,4
counts_by_cpc.Y10T409/309072,1
counts_by_cpc.Y10T409/309464,1
counts_by_cpc.Y10T409/30952,1
counts_by_cpc.Y10T409/309576,4
counts_by_cpc.Y10T409/309912,1
counts_by_cpc.Y10T409/500164,3
counts_by_cpc.Y10T409/502624,1
counts_by_cpc.Y10T428/12257,1
counts_by_cpc.Y10T428/13,27
counts_by_cpc.Y10T428/1303,5
counts_by_cpc.Y10T428/1317,1
counts_by_cpc.Y10T428/1352,1
counts_by_cpc.Y10T428/1355,1
counts_by_cpc.Y10T428/1386,8
counts_by_cpc.Y10T428/14,46
counts_by_cpc.Y10T428/1405,5
counts_by_cpc.Y10T428/1424,1
counts_by_cpc.Y10T428/1438,10
counts_by_cpc.Y10T428/1452,16
counts_by_cpc.Y10T428/1462,1
counts_by_cpc.Y10T428/1471,3
counts_by_cpc.Y10T428/1476,34
counts_by_cpc.Y10T428/1481,8
counts_by_cpc.Y10T428/1486,22
counts_by_cpc.Y10T428/149,2
counts_by_cpc.Y10T428/15,18
counts_by_cpc.Y10T428/17,1
counts_by_cpc.Y10T428/18,4
counts_by_cpc.Y10T428/19,30
counts_by_cpc.Y10T428/195,5
counts_by_cpc.Y10T428/20,9
counts_by_cpc.Y10T428/21,2
counts_by_cpc.Y10T428/215,1
counts_by_cpc.Y10T428/218,8
counts_by_cpc.Y10T428/219,1
counts_by_cpc.Y10T428/23,3
counts_by_cpc.Y10T428/236,1
counts_by_cpc.Y10T428/24008,76
counts_by_cpc.Y10T428/24017,30
counts_by_cpc.Y10T428/24025,10
counts_by_cpc.Y10T428/24149,3
counts_by_cpc.Y10T428/24174,7
counts_by_cpc.Y10T428/24182,4
counts_by_cpc.Y10T428/2419,6
counts_by_cpc.Y10T428/24215,4
counts_by_cpc.Y10T428/24264,4
counts_by_cpc.Y10T428/24273,17
counts_by_cpc.Y10T428/24298,4
counts_by_cpc.Y10T428/24306,2
counts_by_cpc.Y10T428/24314,8
counts_by_cpc.Y10T428/24322,7
counts_by_cpc.Y10T428/24331,6
counts_by_cpc.Y10T428/24355,10
counts_by_cpc.Y10T428/24479,4
counts_by_cpc.Y10T428/24488,41
counts_by_cpc.Y10T428/24504,1
counts_by_cpc.Y10T428/24562,11
counts_by_cpc.Y10T428/24612,2
counts_by_cpc.Y10T428/24628,5
counts_by_cpc.Y10T428/24653,2
counts_by_cpc.Y10T428/24669,2
counts_by_cpc.Y10T428/24736,1
counts_by_cpc.Y10T428/24744,1
counts_by_cpc.Y10T428/24752,5
counts_by_cpc.Y10T428/24777,25
counts_by_cpc.Y10T428/24785,1
counts_by_cpc.Y10T428/24793,13
counts_by_cpc.Y10T428/24802,1
counts_by_cpc.Y10T428/24826,1
counts_by_cpc.Y10T428/24851,1
counts_by_cpc.Y10T428/2486,2
counts_by_cpc.Y10T428/24942,30
counts_by_cpc.Y10T428/2495,1
counts_by_cpc.Y10T428/24959,1
counts_by_cpc.Y10T428/24967,11
counts_by_cpc.Y10T428/24983,11
counts_by_cpc.Y10T428/24992,1
counts_by_cpc.Y10T428/249953,8
counts_by_cpc.Y10T428/249955,3
counts_by_cpc.Y10T428/249958,3
counts_by_cpc.Y10T428/249961,3
counts_by_cpc.Y10T428/249977,1
counts_by_cpc.Y10T428/249981,1
counts_by_cpc.Y10T428/249982,6
counts_by_cpc.Y10T428/249983,14
counts_by_cpc.Y10T428/249987,1
counts_by_cpc.Y10T428/249992,1
counts_by_cpc.Y10T428/249999,3
counts_by_cpc.Y10T428/25,2
counts_by_cpc.Y10T428/265,2
counts_by_cpc.Y10T428/266,2
counts_by_cpc.Y10T428/269,1
counts_by_cpc.Y10T428/27,1
counts_by_cpc.Y10T428/28,79
counts_by_cpc.Y10T428/2804,12
counts_by_cpc.Y10T428/283,1
counts_by_cpc.Y10T428/2839,8
counts_by_cpc.Y10T428/2848,41
counts_by_cpc.Y10T428/2852,1
counts_by_cpc.Y10T428/2861,8
counts_by_cpc.Y10T428/2907,1
counts_by_cpc.Y10T428/2933,1
counts_by_cpc.Y10T428/298,1
counts_by_cpc.Y10T428/2987,1
counts_by_cpc.Y10T428/2989,1
counts_by_cpc.Y10T428/2991,3
counts_by_cpc.Y10T428/2998,1
counts_by_cpc.Y10T428/30,2
counts_by_cpc.Y10T428/31,8
counts_by_cpc.Y10T428/315,1
counts_by_cpc.Y10T428/31536,1
counts_by_cpc.Y10T428/3154,13
counts_by_cpc.Y10T428/31591,26
counts_by_cpc.Y10T428/31605,1
counts_by_cpc.Y10T428/31612,1
counts_by_cpc.Y10T428/31641,1
counts_by_cpc.Y10T428/31659,1
counts_by_cpc.Y10T428/31663,1
counts_by_cpc.Y10T428/3167,4
counts_by_cpc.Y10T428/31692,1
counts_by_cpc.Y10T428/31699,3
counts_by_cpc.Y10T428/31721,1
counts_by_cpc.Y10T428/31797,2
counts_by_cpc.Y10T428/31826,8
counts_by_cpc.Y10T428/3183,8
counts_by_cpc.Y10T428/3188,4
counts_by_cpc.Y10T428/31906,4
counts_by_cpc.Y10T428/31913,1
counts_by_cpc.Y10T428/3192,2
counts_by_cpc.Y10T428/31928,1
counts_by_cpc.Y10T428/31935,1
counts_by_cpc.Y10T428/31982,26
counts_by_cpc.Y10T428/31993,1
counts_by_cpc.Y10T428/32,1
counts_by_cpc.Y10T442/3911,2
counts_by_cpc.Y10T442/656,1
counts_by_cpc.Y10T483/10,14
counts_by_cpc.Y10T483/115,1
counts_by_cpc.Y10T483/12,2
counts_by_cpc.Y10T483/123,1
counts_by_cpc.Y10T483/13,6
counts_by_cpc.Y10T483/136,3
counts_by_cpc.Y10T483/138,5
counts_by_cpc.Y10T483/14,1
counts_by_cpc.Y10T483/16,10
counts_by_cpc.Y10T483/1705,1
counts_by_cpc.Y10T483/1729,1
counts_by_cpc.Y10T483/1731,3
counts_by_cpc.Y10T483/1736,1
counts_by_cpc.Y10T483/1755,1
counts_by_cpc.Y10T483/1767,2
counts_by_cpc.Y10T483/1783,1
counts_by_cpc.Y10T483/1786,1
counts_by_cpc.Y10T483/179,24
counts_by_cpc.Y10T483/1793,2
counts_by_cpc.Y10T483/1795,1
counts_by_cpc.Y10T483/1798,1
counts_by_cpc.Y10T483/18,3
counts_by_cpc.Y10T483/1809,2
counts_by_cpc.Y10T483/1818,2
counts_by_cpc.Y10T483/1827,1
counts_by_cpc.Y10T483/1864,12
counts_by_cpc.Y10T483/1873,2
counts_by_cpc.Y10T483/1882,1
counts_by_cpc.Y10T483/19,7
counts_by_cpc.Y10T70/8676,22
counts_by_cpc.Y10T70/8703,10
counts_by_cpc.Y10T70/873,4
counts_by_cpc.Y10T70/8757,26
counts_by_cpc.Y10T74/1441,1
counts_by_cpc.Y10T74/1523,1
counts_by_cpc.Y10T74/1568,1
counts_by_cpc.Y10T74/18056,2
counts_by_cpc.Y10T74/18072,3
counts_by_cpc.Y10T74/18096,1
counts_by_cpc.Y10T74/18152,1
counts_by_cpc.Y10T74/18216,1
counts_by_cpc.Y10T74/18296,1
counts_by_cpc.Y10T74/18312,1
counts_by_cpc.Y10T74/18576,2
counts_by_cpc.Y10T74/18624,2
counts_by_cpc.Y10T74/18632,1
counts_by_cpc.Y10T74/18648,1
counts_by_cpc.Y10T74/18672,2
counts_by_cpc.Y10T74/18696,1
counts_by_cpc.Y10T74/18808,2
counts_by_cpc.Y10T74/18848,4
counts_by_cpc.Y10T74/18856,1
counts_by_cpc.Y10T74/1888,1
counts_by_cpc.Y10T74/18888,1
counts_by_cpc.Y10T74/18912,2
counts_by_cpc.Y10T74/18928,6
counts_by_cpc.Y10T74/1896,1
counts_by_cpc.Y10T74/18992,7
counts_by_cpc.Y10T74/19521,1
counts_by_cpc.Y10T74/19535,1
counts_by_cpc.Y10T74/1956,1
counts_by_cpc.Y10T74/19665,1
counts_by_cpc.Y10T74/19716,1
counts_by_cpc.Y10T74/1973,1
counts_by_cpc.Y10T74/19795,1
counts_by_cpc.Y10T74/19847,1
counts_by_cpc.Y10T74/19902,1
counts_by_cpc.Y10T74/20024,1
counts_by_cpc.Y10T74/20122,1
counts_by_cpc.Y10T74/2014,1
counts_by_cpc.Y10T74/20201,1
counts_by_cpc.Y10T74/20207,1
counts_by_cpc.Y10T74/20305,1
counts_by_cpc.Y10T74/20317,2
counts_by_cpc.Y10T74/20329,2
counts_by_cpc.Y10T74/20354,2
counts_by_cpc.Y10T74/20402,3
counts_by_cpc.Y10T74/20408,1
counts_by_cpc.Y10T74/20504,1
counts_by_cpc.Y10T74/20636,1
counts_by_cpc.Y10T74/2066,1
counts_by_cpc.Y10T74/2107,1
counts_by_cpc.Y10T82/125,1
counts_by_cpc.Y10T82/141,2
counts_by_cpc.Y10T82/143,1
counts_by_cpc.Y10T82/2502,1
counts_by_cpc.Y10T82/2514,1
counts_by_cpc.Y10T82/2516,9
counts_by_cpc.Y10T82/2533,1
counts_by_cpc.Y10T82/2541,1
counts_by_cpc.Y10T82/2549,1
counts_by_cpc.Y10T82/2585,1
counts_by_cpc.Y10T83/0304,1
counts_by_cpc.Y10T83/0311,4
counts_by_cpc.Y10T83/0319,1
counts_by_cpc.Y10T83/0385,2
counts_by_cpc.Y10T83/04,4
counts_by_cpc.Y10T83/0405,11
counts_by_cpc.Y10T83/0429,1
counts_by_cpc.Y10T83/0443,3
counts_by_cpc.Y10T83/0453,6
counts_by_cpc.Y10T83/0457,1
counts_by_cpc.Y10T83/0467,1
counts_by_cpc.Y10T83/0476,15
counts_by_cpc.Y10T83/0486,1
counts_by_cpc.Y10T83/0495,1
counts_by_cpc.Y10T83/051,1
counts_by_cpc.Y10T83/0515,2
counts_by_cpc.Y10T83/0524,13
counts_by_cpc.Y10T83/0529,1
counts_by_cpc.Y10T83/0562,2
counts_by_cpc.Y10T83/0572,1
counts_by_cpc.Y10T83/0577,1
counts_by_cpc.Y10T83/0591,29
counts_by_cpc.Y10T83/06,1
counts_by_cpc.Y10T83/0605,4
counts_by_cpc.Y10T83/088,1
counts_by_cpc.Y10T83/141,2
counts_by_cpc.Y10T83/148,3
counts_by_cpc.Y10T83/162,1
counts_by_cpc.Y10T83/169,2
counts_by_cpc.Y10T83/171,2
counts_by_cpc.Y10T83/173,12
counts_by_cpc.Y10T83/175,1
counts_by_cpc.Y10T83/178,4
counts_by_cpc.Y10T83/2029,2
counts_by_cpc.Y10T83/2037,8
counts_by_cpc.Y10T83/2046,1
counts_by_cpc.Y10T83/205,1
counts_by_cpc.Y10T83/2057,4
counts_by_cpc.Y10T83/2066,12
counts_by_cpc.Y10T83/207,65
counts_by_cpc.Y10T83/2074,2
counts_by_cpc.Y10T83/2081,1
counts_by_cpc.Y10T83/2087,1
counts_by_cpc.Y10T83/2094,1
counts_by_cpc.Y10T83/2131,1
counts_by_cpc.Y10T83/2157,1
counts_by_cpc.Y10T83/2181,1
counts_by_cpc.Y10T83/2185,39
counts_by_cpc.Y10T83/2187,1
counts_by_cpc.Y10T83/219,19
counts_by_cpc.Y10T83/2192,11
counts_by_cpc.Y10T83/2198,1
counts_by_cpc.Y10T83/22,2
counts_by_cpc.Y10T83/2205,1
counts_by_cpc.Y10T83/2207,3
counts_by_cpc.Y10T83/2209,1
counts_by_cpc.Y10T83/2216,1
counts_by_cpc.Y10T83/242,3
counts_by_cpc.Y10T83/263,7
counts_by_cpc.Y10T83/323,1
counts_by_cpc.Y10T83/343,3
counts_by_cpc.Y10T83/364,30
counts_by_cpc.Y10T83/448,4
counts_by_cpc.Y10T83/4597,3
counts_by_cpc.Y10T83/4625,1
counts_by_cpc.Y10T83/463,5
counts_by_cpc.Y10T83/4632,11
counts_by_cpc.Y10T83/4637,8
counts_by_cpc.Y10T83/464,8
counts_by_cpc.Y10T83/4702,2
counts_by_cpc.Y10T83/4705,1
counts_by_cpc.Y10T83/4731,1
counts_by_cpc.Y10T83/4734,2
counts_by_cpc.Y10T83/4757,2
counts_by_cpc.Y10T83/4783,2
counts_by_cpc.Y10T83/4812,2
counts_by_cpc.Y10T83/485,1
counts_by_cpc.Y10T83/536,6
counts_by_cpc.Y10T83/538,1
counts_by_cpc.Y10T83/54,2
counts_by_cpc.Y10T83/546,13
counts_by_cpc.Y10T83/566,45
counts_by_cpc.Y10T83/606,1
counts_by_cpc.Y10T83/637,1
counts_by_cpc.Y10T83/647,8
counts_by_cpc.Y10T83/6472,4
counts_by_cpc.Y10T83/6484,1
counts_by_cpc.Y10T83/6491,1
counts_by_cpc.Y10T83/651,1
counts_by_cpc.Y10T83/6521,1
counts_by_cpc.Y10T83/654,7
counts_by_cpc.Y10T83/6545,1
counts_by_cpc.Y10T83/655,1
counts_by_cpc.Y10T83/6563,1
counts_by_cpc.Y10T83/6564,1
counts_by_cpc.Y10T83/6566,1
counts_by_cpc.Y10T83/6569,1
counts_by_cpc.Y10T83/6572,6
counts_by_cpc.Y10T83/6574,1
counts_by_cpc.Y10T83/6579,25
counts_by_cpc.Y10T83/658,2
counts_by_cpc.Y10T83/6582,15
counts_by_cpc.Y10T83/6587,1
counts_by_cpc.Y10T83/659,1
counts_by_cpc.Y10T83/6593,13
counts_by_cpc.Y10T83/6595,17
counts_by_cpc.Y10T83/66,1
counts_by_cpc.Y10T83/6625,5
counts_by_cpc.Y10T83/6659,1
counts_by_cpc.Y10T83/6668,3
counts_by_cpc.Y10T83/6875,3
counts_by_cpc.Y10T83/693,1
counts_by_cpc.Y10T83/707,1
counts_by_cpc.Y10T83/7089,1
counts_by_cpc.Y10T83/7145,1
counts_by_cpc.Y10T83/7264,1
counts_by_cpc.Y10T83/74,1
counts_by_cpc.Y10T83/743,1
counts_by_cpc.Y10T83/748,92
counts_by_cpc.Y10T83/7487,3
counts_by_cpc.Y10T83/7493,1
counts_by_cpc.Y10T83/7507,1
counts_by_cpc.Y10T83/7547,1
counts_by_cpc.Y10T83/7613,1
counts_by_cpc.Y10T83/7627,1
counts_by_cpc.Y10T83/764,1
counts_by_cpc.Y10T83/7684,1
counts_by_cpc.Y10T83/7693,2
counts_by_cpc.Y10T83/7697,1
counts_by_cpc.Y10T83/7709,1
counts_by_cpc.Y10T83/7726,1
counts_by_cpc.Y10T83/773,2
counts_by_cpc.Y10T83/7738,1
counts_by_cpc.Y10T83/7755,1
counts_by_cpc.Y10T83/7793,1
counts_by_cpc.Y10T83/7863,2
counts_by_cpc.Y10T83/803,1
counts_by_cpc.Y10T83/857,1
counts_by_cpc.Y10T83/869,1
counts_by_cpc.Y10T83/8697,1
counts_by_cpc.Y10T83/87,1
counts_by_cpc.Y10T83/8717,1
counts_by_cpc.Y10T83/8732,2
counts_by_cpc.Y10T83/8745,16
counts_by_cpc.Y10T83/8746,1
counts_by_cpc.Y10T83/8748,3
counts_by_cpc.Y10T83/875,1
counts_by_cpc.Y10T83/8765,1
counts_by_cpc.Y10T83/8822,2
counts_by_cpc.Y10T83/8831,1
counts_by_cpc.Y10T83/8841,1
counts_by_cpc.Y10T83/8853,1
counts_by_cpc.Y10T83/8874,1
counts_by_cpc.Y10T83/8876,1
counts_by_cpc.Y10T83/8881,1
counts_by_cpc.Y10T83/8887,1
counts_by_cpc.Y10T83/889,2
counts_by_cpc.Y10T83/9309,5
counts_by_cpc.Y10T83/9425,2
counts_by_cpc.Y10T83/944,1
counts_by_cpc.Y10T83/9454,1
counts_by_cpc.Y10T83/9457,9
counts_by_cpc.Y10T83/95,1
counts_by_cpc.Y10T83/97,3
counts_by_cpc.Z03R10/10,1
counts_by_language.bg,3
counts_by_language.cs,3
counts_by_language.de,623
counts_by_language.el,1
counts_by_language.en,8669
counts_by_language.es,248
counts_by_language.fi,2
counts_by_language.fr,873
counts_by_language.it,2
counts_by_language.ja,328
counts_by_language.ko,357
counts_by_language.nl,19
counts_by_language.no,2
counts_by_language.pt,172
counts_by_language.ru,24
counts_by_language.unknown,4412
counts_by_language.zh,1158
counts_by_provider.local,5494
counts_by_provider.unknown,11402
counts_by_fetch_status.completed,2573
counts_by_fetch_status.pending,14323
remaining_missing_claims,11822
remaining_missing_descriptions,13918
remaining_missing_full_text,14323
fetches_per_minute,0.0
fetch_rate_per_hour,0.0
queue.completed,0
queue.failed,0
queue.leased,0
queue.pending,0
last_heartbeat,
discovery.source_scan_complete,False
discovery.source_scan_progress_pct,0.02
discovery.watermarks,"{'publication_id': 1197, 'source_max_publication_id': 6436391}"
